DUF2073              PF09846.13   105 >LH00406:11:22GHGVLT3:1:1101:7334:1144 -             89     0.013   15.6   0.0   1   1   2.2e-06     0.015   15.3   0.0    65    94    23    52     5    62 0.81 Uncharacterized protein conserved in archaea (DUF2073)
DUF4407              PF14362.10   297 >LH00406:11:22GHGVLT3:1:1101:34268:1192 -             45      0.62    9.5   1.7   1   1   6.1e-05      0.63    9.5   1.7    24    58    12    45     5    45 0.92 Domain of unknown function (DUF4407)
DUF6491              PF20101.3    139 >LH00406:11:22GHGVLT3:1:1101:11004:1320 -             82     0.092   13.0   0.0   1   1   1.5e-05       0.1   12.8   0.0     2    41     3    41     2    65 0.69 Family of unknown function (DUF6491)
DUF6319              PF19844.3    116 >LH00406:11:22GHGVLT3:1:1101:11004:1320 -             82      0.15   12.6   0.0   1   1   2.5e-05      0.17   12.3   0.0    35    62    12    39     1    44 0.86 Family of unknown function (DUF6319)
DUF2179              PF10035.13    55 >LH00406:11:22GHGVLT3:1:1101:20916:1385 -             52   0.00075   19.5   0.1   1   1   4.9e-08     0.001   19.1   0.1    36    55     1    20     1    20 0.97 Uncharacterized protein conserved in bacteria (DUF2179)
DUF3675              PF12428.12   119 >LH00406:11:22GHGVLT3:1:1101:39408:1385 -             65     0.058   14.1   3.3   1   1   2.5e-06     0.052   14.3   2.7    77   112    27    62    14    64 0.85 Protein of unknown function (DUF3675)
DUF6450              PF20048.3     68 >LH00406:11:22GHGVLT3:1:1101:22312:1529 -             77     0.027   14.5   0.1   1   1   4.6e-06     0.047   13.7   0.1    52    66    20    34     9    36 0.84 Domain of unknown function (DUF6450)
DUF2229              PF09989.13   218 >LH00406:11:22GHGVLT3:1:1101:17384:1673 -             87   3.9e-15   56.3   0.0   1   1     2e-19   4.2e-15   56.1   0.0     1    74    14    87    14    87 0.89 CoA enzyme activase uncharacterised domain (DUF2229)
DUF3842              PF12953.11   130 >LH00406:11:22GHGVLT3:1:1101:47878:1705 -             89      0.25   12.0   0.0   1   1   0.00021      0.32   11.6   0.0     4    46    32    74    30    80 0.90 Domain of unknown function (DUF3842)
DUF5673              PF18923.4     66 >LH00406:11:22GHGVLT3:1:1101:49024:1833 -             64     0.024   14.8   0.2   1   1   1.2e-06     0.024   14.8   0.2     4    37     2    40     1    64 0.76 Domain of unknown function (DUF5673)
DUF5835              PF19153.4     53 >LH00406:11:22GHGVLT3:1:1101:21471:1929 -             84      0.25   11.6   5.9   1   1   1.9e-05       0.4   10.9   5.9     2    38    38    73    37    82 0.86 Family of unknown function (DUF5835)
DUF982               PF06169.16    73 >LH00406:11:22GHGVLT3:1:1101:25382:2041 -             82      0.02   15.1   0.0   1   2   2.2e-06     0.045   14.0   0.0    40    70    12    42     8    45 0.88 Protein of unknown function (DUF982)
DUF982               PF06169.16    73 >LH00406:11:22GHGVLT3:1:1101:25382:2041 -             82      0.02   15.1   0.0   2   2      0.15   3.1e+03   -1.5   0.0    11    23    56    68    50    69 0.67 Protein of unknown function (DUF982)
DUF5775              PF19084.4     81 >LH00406:11:22GHGVLT3:1:1101:7463:2170 -             79    0.0049   17.4   0.0   1   1   1.5e-06    0.0063   17.0   0.0     9    47    30    68    28    75 0.91 Family of unknown function (DUF5775)
DUF2474              PF10617.13    39 >LH00406:11:22GHGVLT3:1:1101:7463:2170 -             79     0.049   13.9   2.5   1   1     2e-05     0.082   13.2   2.5     9    33    29    51    26    52 0.88 Protein of unknown function (DUF2474)
DUF3928              PF13065.10    95 >LH00406:11:22GHGVLT3:1:1101:7463:2170 -             79     0.098   13.6   0.1   1   1   2.8e-05      0.12   13.3   0.1    43    77    41    75    35    79 0.81 Protein of unknown function (DUF3928)
DUF4969              PF16339.9     79 >LH00406:11:22GHGVLT3:1:1101:25105:2202 -             83     0.089   13.4   0.0   1   1   5.6e-06      0.12   13.0   0.0     8    29    60    81    52    83 0.89 Domain of unknown function (DUF4969)
DUF2681              PF10883.12    90 >LH00406:11:22GHGVLT3:1:1101:13547:2298 -             87      0.78   10.4   6.4   1   1     5e-05         1   10.0   6.4    24    67    37    84    29    87 0.71 Protein of unknown function (DUF2681)
DUF4494              PF14902.10   139 >LH00406:11:22GHGVLT3:1:1101:36274:2522 -             84   1.3e-28   99.8   0.7   1   1   6.8e-33   1.4e-28   99.7   0.7    60   139     2    81     1    81 0.98 Domain of unknown function (DUF4494)
DUF5401              PF17380.6    721 >LH00406:11:22GHGVLT3:1:1101:16626:2602 -             64      0.16   10.3   0.0   1   1   7.7e-06      0.16   10.2   0.0   188   239     3    50     1    59 0.86 Family of unknown function (DUF5401)
DUF5930              PF19353.3    320 >LH00406:11:22GHGVLT3:1:1101:17671:2811 -             65     0.091   12.0   2.6   1   1   2.4e-05     0.085   12.1   2.6   177   219    18    60     1    64 0.64 Family of unknown function (DUF5930)
DUF4375              PF14300.10   120 >LH00406:11:22GHGVLT3:1:1101:29302:2875 -             62   2.4e-16   60.2   0.1   1   1   2.4e-20   2.5e-16   60.1   0.1    16    74     1    61     1    62 0.96 Domain of unknown function (DUF4375)
DUF3825              PF12873.11   239 >LH00406:11:22GHGVLT3:1:1101:34351:2907 -             64   2.4e-08   34.1   0.0   1   1   1.2e-12   2.4e-08   34.1   0.0    99   160     4    63     1    64 0.85 Domain of unknown function (DUF3825)
DUF2608              PF11019.12   244 >LH00406:11:22GHGVLT3:1:1101:8721:3003 -             78     0.032   13.9   0.0   1   1   1.2e-05      0.04   13.6   0.0   166   193    14    41    12    45 0.89 Protein of unknown function (DUF2608)
DUF4227              PF14004.10    71 >LH00406:11:22GHGVLT3:1:1101:42432:3195 -             53       1.5    9.0   3.8   1   1   0.00039         2    8.6   3.8     5    23    27    45    23    51 0.84 Protein of unknown function (DUF4227)
DUF3311              PF11755.12    61 >LH00406:11:22GHGVLT3:1:1101:34083:3307 -             47     0.048   13.8   0.1   1   1   2.7e-06     0.056   13.6   0.1    20    39     8    27     2    29 0.86 Protein of unknown function (DUF3311)
DUF4846              PF16138.9    239 >LH00406:11:22GHGVLT3:1:1101:2988:3355 -             59      0.11   12.2   0.0   1   1     1e-05      0.11   12.2   0.0    16    68     4    56     1    59 0.93 Domain of unknown function (4846)
DUF4768              PF15989.9     88 >LH00406:11:22GHGVLT3:1:1101:7408:3387 -             75      0.17   12.1   0.0   1   1   1.8e-05      0.18   12.0   0.0    17    54    35    72    17    75 0.81 Domain of unknown function (DUF4768)
DUF6377              PF19904.3    247 >LH00406:11:22GHGVLT3:1:1101:48507:3435 -             54   3.3e-10   40.2   1.0   1   1   3.3e-14   3.4e-10   40.1   1.0   139   190     3    54     1    54 0.96 Domain of unknown function (DUF6377)
DUF6418              PF19982.3    109 >LH00406:11:22GHGVLT3:1:1101:37300:3467 -             70     0.046   14.1   0.5   1   1   4.8e-06      0.05   13.9   0.5    43    87     9    53     4    68 0.82 Family of unknown function (DUF6418)
DUF3099              PF11298.12    72 >LH00406:11:22GHGVLT3:1:1101:25835:3564 -             57      0.08   13.3   0.4   1   1     8e-06     0.083   13.2   0.4    16    40     6    30     3    51 0.81 Protein of unknown function (DUF3099)
DUF2586              PF10758.13   386 >LH00406:11:22GHGVLT3:1:1101:18864:3628 -             82   1.1e-12   48.1   0.0   1   1   5.6e-17   1.2e-12   48.0   0.0   137   221     4    82     1    82 0.91 Protein of unknown function (DUF2586)
DUF3786              PF12654.11   176 >LH00406:11:22GHGVLT3:1:1101:20574:3740 -             77   1.2e-10   41.4   0.0   1   1   5.8e-15   1.2e-10   41.4   0.0    37   100    11    76     1    77 0.85 Domain of unknown function (DUF3786)
DUF4835              PF16119.9    276 >LH00406:11:22GHGVLT3:1:1101:46583:3916 -             64     3e-16   59.6   0.0   1   1   3.1e-20   3.2e-16   59.5   0.0   173   235     1    64     1    64 0.98 Domain of unknown function (DUF4835)
DUF4946              PF16304.9    152 >LH00406:11:22GHGVLT3:1:1101:46583:3916 -             64     0.046   13.7   0.0   1   1   4.7e-06     0.049   13.7   0.0    66   107    13    54     5    63 0.83 Domain of unknown function (DUF4946)
DUF2624              PF11116.12    83 >LH00406:11:22GHGVLT3:1:1101:6779:3964 -             65     0.069   14.2   0.0   1   1   4.3e-06     0.089   13.8   0.0    48    79     4    35     2    37 0.95 Protein of unknown function (DUF2624)
DUF1919              PF08942.14   196 >LH00406:11:22GHGVLT3:1:1101:19677:3980 -             47   1.7e-06   27.9   0.1   1   1   8.5e-11   1.8e-06   27.9   0.1   145   189     2    46     1    47 0.97 Domain of unknown function (DUF1919)
DUF4035              PF13227.10    55 >LH00406:11:22GHGVLT3:1:1101:37578:4044 -             66     0.022   14.7   0.0   1   2      0.37   1.3e+03   -0.6   0.0    39    53     9    23     4    25 0.78 Protein of unknown function (DUF4035)
DUF4035              PF13227.10    55 >LH00406:11:22GHGVLT3:1:1101:37578:4044 -             66     0.022   14.7   0.0   2   2   2.2e-05     0.075   13.0   0.0    22    46    39    62    30    64 0.84 Protein of unknown function (DUF4035)
DUF5112              PF17139.8    266 >LH00406:11:22GHGVLT3:1:1101:27148:4269 -             70   3.6e-32  112.1   2.0   1   1   3.7e-36   3.8e-32  112.0   2.0    36   104     2    70     1    70 0.97 Domain of unknown function (DUF5112)
DUF1611              PF07755.15   199 >LH00406:11:22GHGVLT3:1:1101:26880:4285 -             85     0.079   12.5   0.2   1   1   7.9e-06     0.082   12.4   0.2     9    37    48    76    22    81 0.88 Domain of unknown function (DUF1611_C) P-loop domain
DUF1737              PF08410.14    53 >LH00406:11:22GHGVLT3:1:1101:27860:4349 -             78      0.11   12.6   0.0   1   1   7.3e-06      0.15   12.1   0.0    17    32    55    70    51    74 0.87 Domain of unknown function (DUF1737)
Porph_ging           PF09697.14    81 >LH00406:11:22GHGVLT3:1:1101:30135:4509 -             76   7.8e-09   36.1   2.0   1   2     0.016   1.7e+02    3.1   0.0     1    20     1    21     1    29 0.78 Protein of unknown function (Porph_ging)
Porph_ging           PF09697.14    81 >LH00406:11:22GHGVLT3:1:1101:30135:4509 -             76   7.8e-09   36.1   2.0   2   2   8.6e-12   8.9e-08   32.8   1.4    52    80    25    53    19    54 0.89 Protein of unknown function (Porph_ging)
DUF2076              PF09849.13   262 >LH00406:11:22GHGVLT3:1:1101:8702:4541 -             57       1.2    9.4   7.2   1   1   5.5e-05       1.2    9.4   7.2   106   163     5    55     1    57 0.51 Uncharacterized protein conserved in bacteria (DUF2076)
DUF1150              PF06620.15    76 >LH00406:11:22GHGVLT3:1:1101:31836:4605 -             72      0.14   12.5   0.0   1   1   7.3e-06      0.15   12.4   0.0    42    67    29    54    12    61 0.83 Protein of unknown function (DUF1150)
DUF3575              PF12099.12   176 >LH00406:11:22GHGVLT3:1:1101:19640:4685 -             86   8.5e-10   38.4   0.0   1   1   4.6e-14   9.6e-10   38.2   0.0   127   176     1    51     1    51 0.97 Protein of unknown function (DUF3575)
DUF4121              PF13497.10   264 >LH00406:11:22GHGVLT3:1:1101:38863:4797 -             59     0.039   13.4   0.2   1   1     2e-06     0.042   13.3   0.2   215   253    12    51     4    55 0.77 Domain of unknown function (DUF4121)
DUF357               PF04010.17    73 >LH00406:11:22GHGVLT3:1:1101:42977:4877 -             65      0.06   13.6   0.0   1   1     1e-05     0.071   13.3   0.0    43    62    32    51    16    55 0.93 Protein of unknown function (DUF357)
DUF5633              PF18656.5     41 >LH00406:11:22GHGVLT3:1:1101:34018:4957 -             69     0.019   15.0   0.0   1   1   2.4e-06     0.025   14.6   0.0    28    38     2    12     1    14 0.89 Family of unknown function (DUF5633)
DUF4716              PF15837.9     60 >LH00406:11:22GHGVLT3:1:1101:21434:5230 -             61     0.022   15.0   1.1   1   1   1.6e-06     0.033   14.4   1.1     5    27    35    57    32    59 0.81 Domain of unknown function (DUF4716)
DUF6781              PF20572.2    213 >LH00406:11:22GHGVLT3:1:1101:47998:5246 -             85     0.023   14.7   0.0   1   1   1.3e-06     0.028   14.5   0.0    15    52    40    77    32    81 0.88 Family of unknown function (DUF6781)
DUF4131              PF13567.10   165 >LH00406:11:22GHGVLT3:1:1101:45751:5262 -             57       6.8    6.5   8.5   1   1    0.0014       7.2    6.5   8.5     4    48    10    54     7    57 0.64 Domain of unknown function (DUF4131)
DUF2561              PF10812.12   209 >LH00406:11:22GHGVLT3:1:1101:34378:5390 -             89      0.08   13.2   0.0   1   1   2.6e-05      0.11   12.7   0.0   160   199     9    48     5    51 0.94 Protein of unknown function (DUF2561)
DUF6429              PF20008.3     48 >LH00406:11:22GHGVLT3:1:1101:34378:5390 -             89      0.12   12.5   0.0   1   1   5.6e-05      0.23   11.6   0.0    27    42    18    33    15    38 0.88 Domain of unknown function (DUF6429)
DUF6824              PF20710.1     84 >LH00406:11:22GHGVLT3:1:1101:34378:5390 -             89      0.19   12.4   0.0   1   1   5.2e-05      0.21   12.2   0.0    25    64    17    58    12    74 0.81 Domain of unknown function (DUF6824)
DUF456               PF04306.17   139 >LH00406:11:22GHGVLT3:1:1101:11023:5454 -             63    0.0051   17.3   1.1   1   1   1.2e-06    0.0061   17.0   1.1     9    64     6    58     3    61 0.83 Protein of unknown function (DUF456)
DUF5090              PF17009.9    187 >LH00406:11:22GHGVLT3:1:1101:11023:5454 -             63      0.49   10.5   4.0   1   1   9.6e-05       0.5   10.5   4.0   121   174     2    55     1    61 0.77 Domain of unknown function (DUF5090)
DUF3164              PF11363.12   194 >LH00406:11:22GHGVLT3:1:1101:32640:5614 -             67     0.041   13.7   0.0   1   1     1e-05     0.043   13.6   0.0    38    76    11    52     4    60 0.74 Protein of unknown function (DUF3164)
DUF3906              PF13046.10    64 >LH00406:11:22GHGVLT3:1:1101:51992:5662 -             78      0.15   12.4   0.2   1   2     0.031   6.4e+02    0.8   0.0    45    56    15    26     4    30 0.78 Protein of unknown function (DUF3906)
DUF3906              PF13046.10    64 >LH00406:11:22GHGVLT3:1:1101:51992:5662 -             78      0.15   12.4   0.2   2   2   5.2e-05       1.1    9.6   0.1     8    34    51    78    48    78 0.81 Protein of unknown function (DUF3906)
DUF4957              PF16318.9    141 >LH00406:11:22GHGVLT3:1:1101:4033:5839 -             83    0.0053   16.9   0.7   1   1   1.5e-06    0.0076   16.3   0.7    73   129     8    63     2    67 0.85 Domain of unknown function (DUF4957)
DUF5462              PF17547.6    157 >LH00406:11:22GHGVLT3:1:1101:4033:5839 -             83     0.012   15.2   0.0   1   1   2.7e-06     0.014   15.0   0.0    57   113     5    61     1    64 0.92 Family of unknown function (DUF5462)
DUF5112              PF17139.8    266 >LH00406:11:22GHGVLT3:1:1101:4088:5839 -             89     1e-19   71.3   0.0   1   1   1.2e-23   1.2e-19   71.0   0.0   205   265     9    69     5    70 0.97 Domain of unknown function (DUF5112)
DUF6779              PF20570.2    108 >LH00406:11:22GHGVLT3:1:1101:19002:5919 -             86     0.092   13.6   8.2   1   1   2.8e-05     0.098   13.5   8.2    22    88     3    69     1    84 0.71 Domain of unknown function (DUF6779)
DUF2570              PF10828.12   108 >LH00406:11:22GHGVLT3:1:1101:19002:5919 -             86       3.5    7.9   9.1   1   1    0.0019       6.6    7.0   9.1    32    79    16    63     4    76 0.79 Protein of unknown function (DUF2570)
DUF2681              PF10883.12    90 >LH00406:11:22GHGVLT3:1:1101:19002:5919 -             86       5.7    7.6  11.0   1   1    0.0026         9    7.0  11.0    24    71     6    57     1    71 0.71 Protein of unknown function (DUF2681)
DUF6448              PF20046.3    147 >LH00406:11:22GHGVLT3:1:1101:49635:6063 -             74      0.16   12.1   0.0   1   1   2.4e-05      0.16   12.1   0.0    54    78    38    62    13    71 0.83 Family of unknown function (DUF6448)
DUF3043              PF11241.12   171 >LH00406:11:22GHGVLT3:1:1101:45243:6239 -             72       1.2    9.3   2.7   1   1   0.00014       1.4    9.1   2.7    79   128    14    62    11    66 0.79 Protein of unknown function (DUF3043)
DUF6769              PF20558.2    130 >LH00406:11:22GHGVLT3:1:1101:33694:6319 -             75       0.1   13.4   5.2   1   1   5.4e-06      0.11   13.3   5.2    16    63     2    47     1    69 0.58 Family of unknown function (DUF6769)
DUF6202              PF19705.3    274 >LH00406:11:22GHGVLT3:1:1101:48645:6367 -             88       0.1   12.0   0.0   1   1   5.8e-06      0.12   11.7   0.0   177   229    17    67     9    75 0.88 Family of unknown function (DUF6202)
DUF4434              PF14488.10   283 >LH00406:11:22GHGVLT3:1:1101:51271:6496 -             63      0.13   11.9   0.0   1   1   1.4e-05      0.14   11.8   0.0    23    66    10    54     6    62 0.86 Domain of unknown function (DUF4434)
DUF3810              PF12725.11   311 >LH00406:11:22GHGVLT3:1:1101:31734:6640 -             83   1.5e-15   57.6   0.0   1   1   7.8e-20   1.6e-15   57.4   0.0   227   307     1    83     1    83 0.94 Protein of unknown function (DUF3810)
DUF4982              PF16355.9     61 >LH00406:11:22GHGVLT3:1:1101:16626:6704 -             40   2.3e-12   46.9   0.1   1   1   1.1e-16   2.3e-12   46.8   0.1    15    48     3    40     1    40 0.94 Domain of unknown function (DUF4982)
DUF4625              PF15418.10   131 >LH00406:11:22GHGVLT3:1:1101:26926:6960 -             79    0.0023   18.4   0.2   1   1   6.3e-07    0.0026   18.2   0.2   103   130    42    69    14    70 0.85 Domain of unknown function (DUF4625)
DUF2399              PF09664.14   152 >LH00406:11:22GHGVLT3:1:1101:3598:7072 -             52   5.5e-12   45.9   0.0   1   1   5.9e-16   6.1e-12   45.8   0.0    42    88     5    51     2    52 0.93 Protein of unknown function C-terminus (DUF2399)
DUF3113              PF11310.12    60 >LH00406:11:22GHGVLT3:1:1101:37365:7072 -             68      0.17   12.1   0.0   1   2    0.0031        64    3.8   0.0    37    51     8    22     4    25 0.82 Protein of unknown function (DUF3113)
DUF3113              PF11310.12    60 >LH00406:11:22GHGVLT3:1:1101:37365:7072 -             68      0.17   12.1   0.0   2   2   0.00041       8.6    6.6   0.0     7    21    30    44    27    46 0.90 Protein of unknown function (DUF3113)
DUF6376              PF19903.3    116 >LH00406:11:22GHGVLT3:1:1101:26011:7329 -             73     0.042   14.3   0.3   1   1   1.4e-05      0.05   14.1   0.3    59    96    22    59    18    72 0.89 Family of unknown function (DUF6376)
DUF4404              PF14357.10    83 >LH00406:11:22GHGVLT3:1:1101:26011:7329 -             73     0.072   14.0   1.4   1   1   3.3e-05      0.11   13.3   1.4    21    61    24    69    13    72 0.60 Domain of unknown function (DUF4404)
DUF2746              PF10874.12   101 >LH00406:11:22GHGVLT3:1:1101:32465:7393 -             51      0.19   12.4   0.0   1   1   8.9e-06      0.19   12.4   0.0    55    79     5    29     3    46 0.92 Protein of unknown function (DUF2746)
DUF4491              PF14898.10    92 >LH00406:11:22GHGVLT3:1:1101:20269:7473 -             73   0.00059   20.4   0.0   1   1   3.4e-08   0.00071   20.1   0.0    52    87    18    53    12    57 0.93 Domain of unknown function (DUF4491)
DUF1289              PF06945.17    48 >LH00406:11:22GHGVLT3:1:1101:51105:7553 -             83     0.052   13.6   0.2   1   2   2.5e-06     0.052   13.6   0.2     5    22    12    29    11    33 0.90 Protein of unknown function (DUF1289)
DUF1289              PF06945.17    48 >LH00406:11:22GHGVLT3:1:1101:51105:7553 -             83     0.052   13.6   0.2   2   2     0.045   9.4e+02   -0.0   0.8    17    22    57    62    51    64 0.80 Protein of unknown function (DUF1289)
DUF6252              PF19765.3    123 >LH00406:11:22GHGVLT3:1:1101:17199:7601 -             89    0.0045   17.4   0.2   1   1   1.9e-06    0.0057   17.1   0.2    17    69    25    77    22    88 0.88 Family of unknown function (DUF6252)
DUF5686              PF18939.4    669 >LH00406:11:22GHGVLT3:1:1101:41147:7601 -             71   2.1e-13   49.8   0.5   1   1   1.1e-17   2.3e-13   49.7   0.5   599   667     2    71     1    71 0.96 Family of unknown function (DUF5686)
DUF1623              PF07785.15    90 >LH00406:11:22GHGVLT3:1:1101:6372:7649 -             39     0.031   14.7   0.6   1   1   1.7e-06     0.036   14.4   0.6    64    89     1    26     1    27 0.95 Protein of unknown function (DUF1623)
DUF2478              PF10649.13   159 >LH00406:11:22GHGVLT3:1:1101:21517:7681 -             73      0.21   11.4   0.0   1   1   0.00011      0.57   10.0   0.0    86   143     7    59     3    65 0.80 Protein of unknown function (DUF2478)
DUF1694              PF07997.15   117 >LH00406:11:22GHGVLT3:1:1101:34397:7825 -             66     0.037   14.3   0.4   1   1   3.8e-06      0.04   14.2   0.4    38    87     6    55     2    64 0.91 Protein of unknown function (DUF1694)
DUF6307              PF19826.3     43 >LH00406:11:22GHGVLT3:1:1101:21425:8130 -             57      0.22   12.1   0.1   1   1   0.00014      0.36   11.4   0.1    30    43    44    57    43    57 0.94 Family of unknown function (DUF6307)
DUF5960              PF19385.3     83 >LH00406:11:22GHGVLT3:1:1101:7851:8579 -             85      0.29   11.7   0.1   1   1   1.7e-05      0.35   11.4   0.1    44    68    33    57    33    66 0.87 Family of unknown function (DUF5960)
DUF6439              PF20035.3     92 >LH00406:11:22GHGVLT3:1:1101:46519:8579 -             63     0.039   14.5   0.7   1   1   2.2e-06     0.046   14.3   0.5    65    84    42    61    22    63 0.86 Family of unknown function (DUF6439)
DUF3903              PF13043.10    40 >LH00406:11:22GHGVLT3:1:1101:8831:8835 -             72     0.082   13.0   0.0   1   2      0.52   5.4e+03   -2.4   0.0    33    38     9    14     8    15 0.75 Domain of unknown function (DUF3903)
DUF3903              PF13043.10    40 >LH00406:11:22GHGVLT3:1:1101:8831:8835 -             72     0.082   13.0   0.0   2   2     2e-05      0.21   11.7   0.0    19    29    29    39    28    41 0.94 Domain of unknown function (DUF3903)
DUF6368              PF19895.3    184 >LH00406:11:22GHGVLT3:1:1101:15563:8835 -             80      0.06   13.6   0.0   1   1   2.7e-05      0.07   13.4   0.0    93   167     9    77     4    79 0.79 Family of unknown function (DUF6368)
DUF202               PF02656.19    68 >LH00406:11:22GHGVLT3:1:1101:50531:8899 -             82       4.4    8.0   7.4   1   2   0.00098        10    6.9   0.6    35    60    25    46     4    51 0.57 Domain of unknown function (DUF202)
DUF202               PF02656.19    68 >LH00406:11:22GHGVLT3:1:1101:50531:8899 -             82       4.4    8.0   7.4   2   2   0.00099        10    6.8   7.4    18    57    31    74    29    81 0.79 Domain of unknown function (DUF202)
DUF4455              PF14643.10   469 >LH00406:11:22GHGVLT3:1:1101:17014:8947 -             71    0.0023   16.8   0.2   1   1   1.2e-07    0.0025   16.7   0.2   166   215    18    67    13    70 0.89 Domain of unknown function (DUF4455)
DUF4222              PF13973.10    53 >LH00406:11:22GHGVLT3:1:1101:17338:9123 -             41     0.058   13.2   0.6   1   1     3e-06     0.063   13.1   0.6    14    40     5    29     3    33 0.85 Domain of unknown function (DUF4222)
DUF4143              PF13635.10   120 >LH00406:11:22GHGVLT3:1:1101:51243:9171 -             83      0.19   11.9   0.0   1   1   1.2e-05      0.25   11.5   0.0    20    63    33    75     3    83 0.69 Domain of unknown function (DUF4143)
DUF6724              PF20485.2     64 >LH00406:11:22GHGVLT3:1:1101:20343:9203 -             43       0.1   12.7   0.1   1   1   5.9e-06      0.12   12.4   0.1    36    58    15    37    12    40 0.92 Family of unknown function (DUF6724)
DUF4999              PF16390.9     76 >LH00406:11:22GHGVLT3:1:1101:44734:9203 -             67     0.012   16.0   0.0   1   1   1.5e-06     0.016   15.7   0.0     1    32    23    53    23    63 0.64 Domain of unknown function
DUF3945              PF13101.10    50 >LH00406:11:22GHGVLT3:1:1101:31558:9508 -             81      0.02   14.8   0.1   1   2     6e-06      0.12   12.2   0.1     9    31     1    23     1    32 0.91 Protein of unknown function (DUF3945)
DUF3945              PF13101.10    50 >LH00406:11:22GHGVLT3:1:1101:31558:9508 -             81      0.02   14.8   0.1   2   2     0.022   4.5e+02    0.8   0.0    12    23    61    72    28    80 0.73 Protein of unknown function (DUF3945)
DUF599               PF04654.16   211 >LH00406:11:22GHGVLT3:1:1101:41516:9524 -             59      0.18   11.3   6.0   1   1     2e-05       0.2   11.2   6.0   176   205     8    37     4    43 0.90 Protein of unknown function, DUF599
DUF3112              PF11309.12   217 >LH00406:11:22GHGVLT3:1:1101:40148:9620 -             64      0.18   11.4   0.0   1   1     2e-05      0.21   11.2   0.0    94   135     5    46     2    53 0.76 Protein of unknown function (DUF3112)
DUF5686              PF18939.4    669 >LH00406:11:22GHGVLT3:1:1101:21462:9636 -             56   4.3e-08   32.3   1.5   1   1   2.2e-12   4.5e-08   32.2   1.5   608   662     2    56     1    56 0.98 Family of unknown function (DUF5686)
DUF6638              PF20343.2    439 >LH00406:11:22GHGVLT3:1:1101:20139:9716 -             64      0.19   10.7   0.1   1   1     9e-06      0.19   10.7   0.1   357   385     4    32     1    47 0.83 Family of unknown function (DUF6638)
DUF1265              PF06887.18    47 >LH00406:11:22GHGVLT3:1:1101:45150:9732 -             36     0.042   14.1   0.1   1   1   2.8e-06     0.058   13.6   0.1    10    26    15    31    14    34 0.90 Protein of unknown function (DUF1265)
DUF5003              PF16394.9    316 >LH00406:11:22GHGVLT3:1:1101:16765:9828 -             74   9.2e-37  127.0   1.5   1   1   9.7e-41     1e-36  126.9   1.5    49   122     1    74     1    74 0.99 Domain of unknown function (DUF5003)
DUF2730              PF10805.12   102 >LH00406:11:22GHGVLT3:1:1101:36579:9844 -             55     0.018   15.4   0.2   1   1     8e-06     0.021   15.2   0.2    49    91     5    46     2    52 0.89 Protein of unknown function (DUF2730)
DUF6684              PF20389.2     79 >LH00406:11:22GHGVLT3:1:1101:46583:9972 -             62    0.0025   18.1   3.6   1   1   2.8e-07    0.0029   17.9   3.6    16    60    19    61    17    62 0.92 Family of unknown function (DUF6684)
DUF1075              PF06388.15   158 >LH00406:11:22GHGVLT3:1:1101:47471:10069 -             74     0.086   12.8   0.2   1   1   5.1e-06      0.11   12.5   0.2    84   124    19    63    16    65 0.88 Protein of unknown function (DUF1075)
DUF6080              PF19558.3    447 >LH00406:11:22GHGVLT3:1:1101:19252:10165 -             71     1e-26   93.8   1.7   1   1   1.6e-30   1.1e-26   93.7   1.7   150   219     2    71     1    71 0.98 Family of unknown function (DUF6080)
DUF4181              PF13789.10   108 >LH00406:11:22GHGVLT3:1:1101:12964:10325 -             66    0.0066   16.9   2.0   1   1   2.4e-06    0.0084   16.6   2.0    19    72    10    60     6    64 0.78 Domain of unknown function (DUF4181)
DUF1129              PF06570.15   206 >LH00406:11:22GHGVLT3:1:1101:12964:10325 -             66     0.028   14.2   0.2   1   1   9.8e-06     0.034   13.9   0.2    88   128    26    62     4    64 0.84 Protein of unknown function (DUF1129)
DUF2981              PF11200.12   352 >LH00406:11:22GHGVLT3:1:1101:13482:10325 -             82      0.09   12.5   1.3   1   1   9.5e-06     0.099   12.3   1.3    17    79     2    64     1    74 0.87 Protein of unknown function (DUF2981)
DUF4006              PF13179.10    64 >LH00406:11:22GHGVLT3:1:1101:24836:10325 -             82       0.1   12.8   0.4   1   1   2.9e-05      0.15   12.2   0.4    10    33    22    45    19    68 0.69 Family of unknown function (DUF4006)
DUF5446              PF17522.6     72 >LH00406:11:22GHGVLT3:1:1101:8526:10485 -             48     0.064   13.6   0.0   1   1   3.1e-06     0.064   13.6   0.0     5    29     1    25     1    37 0.90 Family of unknown function (DUF5446)
DUF4428              PF14471.10    51 >LH00406:11:22GHGVLT3:1:1101:45381:10485 -             86     0.062   13.4   0.1   1   1   4.7e-06     0.097   12.7   0.1     2    14    37    49    36    56 0.85 Domain of unknown function (DUF4428)
DUF2610              PF11020.12    81 >LH00406:11:22GHGVLT3:1:1101:23773:10693 -             72      0.22   11.6   0.0   1   1   1.4e-05      0.28   11.3   0.0    21    57     9    45     7    50 0.90 Domain of unknown function (DUF2610)
DUF6233              PF19746.3     58 >LH00406:11:22GHGVLT3:1:1101:49043:10870 -             69    0.0082   16.5   0.3   1   1   5.4e-07     0.011   16.0   0.3    35    58    48    68    38    68 0.84 Family of unknown function (DUF6233)
DUF4062              PF13271.10    82 >LH00406:11:22GHGVLT3:1:1101:25965:10902 -             62   2.2e-05   24.7   0.0   1   1   2.2e-09   2.3e-05   24.7   0.0    37    71     8    43     2    59 0.85 Domain of unknown function (DUF4062)
DUF1936              PF09151.14    34 >LH00406:11:22GHGVLT3:1:1101:19751:10966 -             51       1.8    8.8   5.5   1   2     0.036        19    5.5   0.2     1     7    10    16    10    18 0.88 Domain of unknown function (DUF1936)
DUF1936              PF09151.14    34 >LH00406:11:22GHGVLT3:1:1101:19751:10966 -             51       1.8    8.8   5.5   2   2     0.032        17    5.6   1.1     2     6    25    29    24    31 0.86 Domain of unknown function (DUF1936)
DUF554               PF04474.16   220 >LH00406:11:22GHGVLT3:1:1101:25530:11206 -             67     0.033   13.8   0.1   1   1   1.6e-06     0.034   13.8   0.1   111   165    12    66     6    67 0.92 Protein of unknown function (DUF554)
DUF5359              PF17313.6     56 >LH00406:11:22GHGVLT3:1:1101:10487:11222 -             58     0.062   13.5   3.3   1   1   8.4e-06     0.087   13.0   3.3     1    21    12    32    12    35 0.93 Family of unknown function (DUF5359)
DUF2443              PF10398.13    79 >LH00406:11:22GHGVLT3:1:1101:10487:11222 -             58     0.065   13.5   0.1   1   1     7e-06     0.072   13.3   0.1    20    45    17    42     9    52 0.89 Protein of unknown function (DUF2443)
DUF4028              PF13220.10    65 >LH00406:11:22GHGVLT3:1:1101:45779:11366 -             89      0.12   12.4   0.6   1   2   2.1e-05      0.22   11.5   0.2     6    25     4    23     1    27 0.88 Protein of unknown function (DUF4028)
DUF4028              PF13220.10    65 >LH00406:11:22GHGVLT3:1:1101:45779:11366 -             89      0.12   12.4   0.6   2   2      0.25   2.6e+03   -1.5   0.0    57    60    50    53    36    73 0.67 Protein of unknown function (DUF4028)
DUF1573              PF07610.15    98 >LH00406:11:22GHGVLT3:1:1101:26473:11398 -             35     0.096   12.9   0.0   1   1   4.6e-06     0.096   12.9   0.0     4    35     3    34     1    35 0.92 Protein of unknown function (DUF1573)
DUF6861              PF21724.1    193 >LH00406:11:22GHGVLT3:1:1101:16829:11446 -             62       3.1    7.4   7.1   1   1   0.00033       3.4    7.3   7.1    34    76    11    54     2    58 0.82 Family of unknown function (DUF6861)
DUF505               PF04458.16   622 >LH00406:11:22GHGVLT3:1:1101:4384:11735 -             64     0.072   11.6   0.0   1   1   1.2e-05     0.082   11.5   0.0   440   474    23    55    16    59 0.88 Protein of unknown function (DUF505)
DUF6119              PF19614.3    522 >LH00406:11:22GHGVLT3:1:1101:42386:12119 -             84   2.4e-19   69.6   2.5   1   1   1.3e-23   2.6e-19   69.5   2.5   322   400     1    81     1    84 0.88 Family of unknown function (DUF6119)
DUF5074              PF16819.9    350 >LH00406:11:22GHGVLT3:1:1101:42885:12184 -             59     0.011   14.9   0.0   1   1   1.6e-06     0.011   14.9   0.0   178   213     4    38     2    57 0.86 Domain of unknown function (DUF5074)
DUF5769              PF19073.4    191 >LH00406:11:22GHGVLT3:1:1101:6178:12216 -             83     0.091   12.6   0.4   1   1   4.5e-06     0.094   12.6   0.4    74   125     9    58     4    79 0.76 Family of unknown function (DUF5769)
DUF4522              PF15022.10   117 >LH00406:11:22GHGVLT3:1:1101:50504:12280 -             69      0.12   12.6   0.0   1   1   6.9e-06      0.14   12.3   0.0     2    22    16    36    15    40 0.87 Protein of unknown function (DUF4522)
DUF6718              PF20476.2     74 >LH00406:11:22GHGVLT3:1:1101:15174:12360 -             56     0.027   14.8   0.2   1   1   2.8e-06     0.029   14.7   0.2    35    72    16    53     7    55 0.84 Family of unknown function (DUF6718)
DUF5746              PF19017.4    175 >LH00406:11:22GHGVLT3:1:1101:21304:12536 -             66     0.069   13.2   0.2   1   1   3.8e-06     0.078   13.0   0.2   152   169    22    39    10    43 0.84 Domain of unknown function (DUF5746)
DUF6805              PF20620.2    133 >LH00406:11:22GHGVLT3:1:1101:15590:12632 -             54   2.2e-06   28.2   0.0   1   1   1.2e-10   2.4e-06   28.1   0.0    76   128     1    54     1    54 0.93 Family of unknown function (DUF6805)
DUF3147              PF11345.12   111 >LH00406:11:22GHGVLT3:1:1101:9812:12840 -             89     0.017   15.7   0.1   1   1   1.8e-06     0.019   15.6   0.1    28    81    33    86     5    89 0.82 Protein of unknown function (DUF3147)
DUF5445              PF17520.6     52 >LH00406:11:22GHGVLT3:1:1101:20361:12921 -             53      0.37   10.9   1.4   1   1   2.3e-05      0.47   10.5   1.4    12    34    12    34     8    37 0.87 Family of unknown function (DUF5445)
DUF3623              PF12291.12   256 >LH00406:11:22GHGVLT3:1:1101:32270:12921 -             85    0.0039   16.7   0.1   1   1   7.9e-07    0.0041   16.6   0.1    33    93    15    75     2    83 0.78 Protein of unknown function (DUF3623)
DUF3256              PF11644.12   195 >LH00406:11:22GHGVLT3:1:1101:44401:12953 -             84   1.2e-25   90.4   0.1   1   1   6.3e-30   1.3e-25   90.2   0.1    48   126     2    80     1    83 0.95 Protein of unknown function (DUF3256)
DUF4293              PF14126.10   153 >LH00406:11:22GHGVLT3:1:1101:37735:13225 -             70    0.0061   17.0   0.7   1   1   3.6e-07    0.0075   16.7   0.7     1    15    55    69    55    70 0.94 Domain of unknown function (DUF4293)
DUF3649              PF12365.12    27 >LH00406:11:22GHGVLT3:1:1101:2923:13241 -             77       4.6    7.3   5.1   1   2     0.035   7.2e+02    0.3   0.2     5    10    20    25    20    25 0.96 Protein of unknown function (DUF3649)
DUF3649              PF12365.12    27 >LH00406:11:22GHGVLT3:1:1101:2923:13241 -             77       4.6    7.3   5.1   2   2   8.9e-05       1.8    8.6   1.0     4    12    56    64    56    64 0.92 Protein of unknown function (DUF3649)
DUF6048              PF19515.3    232 >LH00406:11:22GHGVLT3:1:1101:47480:13289 -             58   0.00014   22.0   0.0   1   1   6.6e-09   0.00014   22.0   0.0   177   223     5    51     1    53 0.90 Domain of unknown function (DUF6048)
DUF2701              PF10857.12    63 >LH00406:11:22GHGVLT3:1:1101:14194:13545 -             57     0.013   15.7   1.6   1   1   9.1e-07     0.019   15.2   1.6     8    35     4    31     3    35 0.92 Protein of unknown function (DUF2701)
DUF621               PF04789.19   306 >LH00406:11:22GHGVLT3:1:1101:35174:13786 -             62     0.012   15.0   0.1   1   1   1.3e-06     0.013   14.8   0.1   128   180     5    57     2    61 0.85 Protein of unknown function (DUF621)
DUF621               PF04789.19   306 >LH00406:11:22GHGVLT3:1:1101:8545:13818 -             62     0.012   15.0   0.1   1   1   1.3e-06     0.013   14.8   0.1   128   180     5    57     2    61 0.85 Protein of unknown function (DUF621)
DUF6422              PF19986.3     94 >LH00406:11:22GHGVLT3:1:1101:50171:14266 -             52      0.06   13.7   0.2   1   1     3e-06     0.062   13.7   0.2     4    39     5    40     2    48 0.83 Family of unknown function (DUF6422)
DUF6171              PF19668.3     80 >LH00406:11:22GHGVLT3:1:1101:22026:14330 -             62     0.022   15.4   0.1   1   1   1.2e-06     0.025   15.1   0.1     6    43    23    61    17    62 0.83 Family of unknown function (DUF6171)
DUF2226              PF09987.13   252 >LH00406:11:22GHGVLT3:1:1101:16053:14395 -             78       1.2    8.8  11.4   1   1   6.3e-05       1.3    8.6  11.4   123   164    14    73     2    78 0.83 Uncharacterized protein conserved in archaea (DUF2226)
DUF4407              PF14362.10   297 >LH00406:11:22GHGVLT3:1:1101:43920:14523 -             88    0.0072   15.9   0.5   1   1     6e-06    0.0083   15.7   0.5   180   252    10    83     3    86 0.87 Domain of unknown function (DUF4407)
DUF1664              PF07889.16   124 >LH00406:11:22GHGVLT3:1:1101:43920:14523 -             88       0.8   10.0   4.2   1   1   0.00076       1.1    9.6   4.2    49   120     1    74     1    77 0.74 Protein of unknown function (DUF1664)
DUF6402              PF19940.3    281 >LH00406:11:22GHGVLT3:1:1101:8942:14539 -             74      0.27   10.6   0.1   1   1   1.5e-05      0.32   10.3   0.1   251   271    48    68    44    73 0.83 Family of unknown function (DUF6402)
DUF4458              PF14660.10   110 >LH00406:11:22GHGVLT3:1:1101:1527:14571 -             49   9.6e-08   32.3   0.0   1   1   1.1e-11   1.2e-07   32.0   0.0     1    33    19    49    19    49 0.98 Domain of unknown function (DUF4458)
DUF4143              PF13635.10   120 >LH00406:11:22GHGVLT3:1:1101:35312:14795 -             79      0.11   12.7   0.0   1   1   6.9e-06      0.14   12.3   0.0    79   109     4    34     1    41 0.74 Domain of unknown function (DUF4143)
DUF2706              PF10913.12    59 >LH00406:11:22GHGVLT3:1:1101:15147:14843 -             87     0.044   13.8   0.2   1   1   4.3e-06      0.09   12.8   0.2     5    53    21    69    19    73 0.89 Protein of unknown function (DUF2706)
DUF4350              PF14258.10   181 >LH00406:11:22GHGVLT3:1:1101:15627:14875 -             72   5.1e-07   30.3   0.0   1   1   2.6e-11   5.5e-07   30.2   0.0   148   180    25    62     4    63 0.79 Domain of unknown function (DUF4350)
DUF5887              PF19234.3    136 >LH00406:11:22GHGVLT3:1:1101:35858:15100 -             77     0.052   13.7   0.0   1   1   5.9e-06     0.061   13.5   0.0    19    76     6    63     3    75 0.70 Family of unknown function (DUF5887)
DUF2023              PF09633.14   101 >LH00406:11:22GHGVLT3:1:1101:39297:15132 -             81   0.00064   20.0   0.2   1   1     4e-08   0.00083   19.6   0.2    86   101     1    16     1    16 0.96 Protein of unknown function (DUF2023)
DUF2969              PF11184.12    71 >LH00406:11:22GHGVLT3:1:1101:12530:15180 -             60      0.16   12.7   0.0   1   1   1.6e-05      0.17   12.6   0.0    22    68     9    58     3    59 0.83 Protein of unknown function (DUF2969)
DUF3391              PF11871.12   136 >LH00406:11:22GHGVLT3:1:1101:9654:15196 -             82      0.13   13.0   0.0   1   1   1.4e-05      0.14   12.8   0.0    26    58    27    60    21    80 0.83 Domain of unknown function (DUF3391)
DUF1579              PF07617.15   155 >LH00406:11:22GHGVLT3:1:1101:48858:15452 -             66     0.086   12.9   0.2   1   1   8.8e-06     0.091   12.9   0.2    96   149     3    54     1    59 0.88 Protein of unknown function (DUF1579)
DUF6549              PF20186.2    167 >LH00406:11:22GHGVLT3:1:1101:39344:15628 -             86      0.11   12.6   0.0   1   1   1.1e-05      0.12   12.5   0.0    97   132    37    72    19    83 0.85 Family of unknown function (DUF6549)
DUF4165              PF13752.10   121 >LH00406:11:22GHGVLT3:1:1101:21471:15805 -             68     0.044   14.0   0.0   1   1   4.5e-06     0.047   13.9   0.0    20    53     3    37     1    61 0.73 Domain of unknown function (DUF4165)
DUF3843              PF12954.11   410 >LH00406:11:22GHGVLT3:1:1101:9377:15837 -             49   2.6e-06   27.0   0.3   1   1   1.6e-10   3.3e-06   26.6   0.3     1    22    28    49    28    49 0.97 Protein of unknown function (DUF3843)
DUF1731              PF08338.15    47 >LH00406:11:22GHGVLT3:1:1101:28258:15901 -             57      0.19   11.7   0.1   1   1   1.2e-05      0.26   11.3   0.1    33    45    41    53    37    54 0.91 Domain of unknown function (DUF1731)
DUF4143              PF13635.10   120 >LH00406:11:22GHGVLT3:1:1101:30985:15917 -             71   1.9e-08   34.5   0.0   1   1   3.8e-12     2e-08   34.4   0.0    15    58    16    67     4    71 0.81 Domain of unknown function (DUF4143)
DUF3285              PF11688.12    44 >LH00406:11:22GHGVLT3:1:1101:20777:16333 -             87    0.0049   17.0   1.3   1   1   4.9e-07      0.01   16.0   1.3    11    26    56    71    56    74 0.90 Protein of unknown function (DUF3285)
DUF5020              PF16412.9    212 >LH00406:11:22GHGVLT3:1:1101:47841:16349 -             55   3.8e-06   27.1   0.1   1   1   1.9e-10     4e-06   27.0   0.1    10    51    11    45     2    51 0.82 Domain of unknown function (DUF5020)
DUF3987              PF13148.10   364 >LH00406:11:22GHGVLT3:1:1101:32187:16397 -             80   1.6e-06   27.7   0.0   1   1   1.7e-10   1.8e-06   27.6   0.0   255   332    11    76     3    80 0.83 Protein of unknown function (DUF3987)
DUF5074              PF16819.9    350 >LH00406:11:22GHGVLT3:1:1101:23977:16526 -             41      0.09   12.0   0.1   1   1     5e-06       0.1   11.8   0.1     1    18    20    37    20    40 0.93 Domain of unknown function (DUF5074)
DUF6494              PF20104.3     68 >LH00406:11:22GHGVLT3:1:1101:1888:16734 -             68      0.14   12.8   0.1   1   1   3.1e-05      0.21   12.2   0.1     4    19    52    67    50    68 0.93 Family of unknown function (DUF6494)
DUF6377              PF19904.3    247 >LH00406:11:22GHGVLT3:1:1101:44115:16782 -             74   2.3e-24   86.5   2.1   1   1   1.2e-28   2.5e-24   86.4   2.1   149   220     2    73     1    74 0.98 Domain of unknown function (DUF6377)
DUF6486              PF20096.3     31 >LH00406:11:22GHGVLT3:1:1101:32548:16830 -             72   8.1e-06   25.6   0.4   1   1   6.2e-10   1.3e-05   25.0   0.4     1    20    52    71    52    72 0.97 Family of unknown function (DUF6486)
DUF4082              PF13313.10   143 >LH00406:11:22GHGVLT3:1:1101:13519:16862 -             77     0.071   13.3   0.0   1   1   3.6e-06     0.075   13.2   0.0    70   118     7    56     2    73 0.77 Domain of unknown function (DUF4082)
DUF4143              PF13635.10   120 >LH00406:11:22GHGVLT3:1:1101:20398:17022 -             36     0.024   14.8   0.0   1   1   1.2e-06     0.025   14.7   0.0    69    98     1    32     1    34 0.74 Domain of unknown function (DUF4143)
DUF4107              PF13389.10   167 >LH00406:11:22GHGVLT3:1:1101:45714:17022 -             89      0.14   12.4   0.1   1   1     8e-06      0.17   12.2   0.1    56    82    18    44     6    58 0.79 Protein of unknown function (DUF4107)
DUF3987              PF13148.10   364 >LH00406:11:22GHGVLT3:1:1101:16598:17038 -             45     0.073   12.4   0.0   1   1   3.5e-06     0.073   12.4   0.0   253   299     9    45     2    45 0.76 Protein of unknown function (DUF3987)
DUF6646              PF20351.2    158 >LH00406:11:22GHGVLT3:1:1101:29006:17134 -             54     0.039   14.0   0.1   1   1   1.9e-06      0.04   14.0   0.1   100   148     5    51     2    54 0.81 Family of unknown function (DUF6646)
DUF5133              PF17196.8     65 >LH00406:11:22GHGVLT3:1:1101:4403:17214 -             57      0.15   12.5   0.3   1   2    0.0029        30    5.1   0.0    16    39    10    33     4    34 0.92 Protein of unknown function (DUF5133)
DUF5133              PF17196.8     65 >LH00406:11:22GHGVLT3:1:1101:4403:17214 -             57      0.15   12.5   0.3   2   2    0.0016        16    6.0   0.1    11    21    46    56    39    57 0.87 Protein of unknown function (DUF5133)
DUF6883              PF21814.1    111 >LH00406:11:22GHGVLT3:1:1101:35571:17231 -             69     0.055   14.0   0.0   1   1     3e-06     0.062   13.8   0.0    33    72    16    57     7    65 0.84 Domain of unknown function (DUF6883)
DUF4519              PF15012.10    56 >LH00406:11:22GHGVLT3:1:1101:26954:17391 -             69      0.13   12.6   0.5   1   1   2.7e-05      0.19   12.1   0.5    22    50    10    37     7    42 0.77 Domain of unknown function (DUF4519)
DUF3640              PF12342.12    26 >LH00406:11:22GHGVLT3:1:1101:13251:18032 -             58     0.091   12.7   2.7   1   1   6.7e-06      0.14   12.1   2.7     3    12    14    23    13    25 0.95 Protein of unknown function (DUF3640)
DUF1843              PF08898.14    52 >LH00406:11:22GHGVLT3:1:1101:30144:18048 -             87     0.023   15.4   0.4   1   2       1.7   3.9e+03   -1.3   0.0    39    46    51    58    42    64 0.73 Domain of unknown function (DUF1843)
DUF1843              PF08898.14    52 >LH00406:11:22GHGVLT3:1:1101:30144:18048 -             87     0.023   15.4   0.4   2   2   2.6e-05     0.061   14.1   0.1    32    52    65    85    59    85 0.88 Domain of unknown function (DUF1843)
DUF489               PF04356.16   192 >LH00406:11:22GHGVLT3:1:1101:30144:18048 -             87     0.027   14.7   0.3   1   1   1.3e-05      0.03   14.5   0.3    69   128    21    82     4    86 0.76 Protein of unknown function (DUF489)
DUF1192              PF06698.15    58 >LH00406:11:22GHGVLT3:1:1101:30144:18048 -             87      0.04   14.2   1.7   1   2       1.4   3.3e+03   -1.5   0.0    27    44    29    46    28    55 0.65 Protein of unknown function (DUF1192)
DUF1192              PF06698.15    58 >LH00406:11:22GHGVLT3:1:1101:30144:18048 -             87      0.04   14.2   1.7   2   2   3.2e-05     0.075   13.4   1.1    27    43    71    87    48    87 0.91 Protein of unknown function (DUF1192)
DUF4143              PF13635.10   120 >LH00406:11:22GHGVLT3:1:1101:34184:18192 -             59   6.2e-10   39.3   0.0   1   1     3e-14   6.2e-10   39.3   0.0    65   107    11    56     1    59 0.83 Domain of unknown function (DUF4143)
DUF4453              PF14627.10   107 >LH00406:11:22GHGVLT3:1:1101:12706:18464 -             45      0.23   11.8   0.0   1   1   1.2e-05      0.25   11.7   0.0    12    41    10    39     4    44 0.90 Domain of unknown function (DUF4453)
DUF3427              PF11907.12   280 >LH00406:11:22GHGVLT3:1:1101:28701:18528 -             69   5.5e-09   35.9   0.0   1   1   2.8e-13   5.9e-09   35.8   0.0   166   237     1    69     1    69 0.93 Domain of unknown function (DUF3427)
DUF5686              PF18939.4    669 >LH00406:11:22GHGVLT3:1:1101:8794:18576 -             86   0.00021   20.1   0.1   1   1   1.1e-08   0.00022   20.0   0.1   233   278    19    64    11    77 0.81 Family of unknown function (DUF5686)
DUF5686              PF18939.4    669 >LH00406:11:22GHGVLT3:1:1101:36034:18576 -             86   0.00021   20.1   0.1   1   1     1e-08   0.00022   20.0   0.1   233   278    19    64    10    77 0.81 Family of unknown function (DUF5686)
DUF512               PF04459.16   202 >LH00406:11:22GHGVLT3:1:1101:46907:18576 -             85     0.014   14.9   0.0   1   1   2.8e-06     0.015   14.8   0.0    33    93    16    75     3    85 0.82 Protein of unknown function (DUF512)
DUF3818              PF12825.11   338 >LH00406:11:22GHGVLT3:1:1101:42367:18624 -             86     0.048   12.9   1.3   1   1   4.6e-06     0.048   12.9   1.3   103   155    14    66     9    83 0.89 Domain of unknown function in PX-proteins (DUF3818)
DUF3601              PF12208.12    79 >LH00406:11:22GHGVLT3:1:1101:36819:18849 -             72     0.094   13.1   0.5   1   2     0.047   4.9e+02    1.2   0.0    31    47    16    32     7    37 0.74 Domain of unknown function (DUF3601)
DUF3601              PF12208.12    79 >LH00406:11:22GHGVLT3:1:1101:36819:18849 -             72     0.094   13.1   0.5   2   2   4.2e-05      0.43   11.0   0.3    17    47    36    67    25    71 0.80 Domain of unknown function (DUF3601)
DUF5313              PF17240.6    123 >LH00406:11:22GHGVLT3:1:1101:13029:18929 -             78       8.3    7.0   7.6   1   1   0.00073       7.6    7.2   6.9    41    79    34    72    27    78 0.79 Family of unknown function (DUF5313)
DUF4781              PF16013.9    310 >LH00406:11:22GHGVLT3:1:1101:20417:19137 -             55      0.14   11.2   0.4   1   1   6.4e-06      0.13   11.2   0.4   105   146     8    49     1    54 0.83 Domain of unknown function (DUF4781)
DUF4468              PF14730.10    92 >LH00406:11:22GHGVLT3:1:1101:21083:19201 -             50   4.3e-05   24.0   0.3   1   2      0.18   3.8e+03   -1.5   0.0    34    42     8    16     2    18 0.68 Domain of unknown function (DUF4468) with TBP-like fold
DUF4468              PF14730.10    92 >LH00406:11:22GHGVLT3:1:1101:21083:19201 -             50   4.3e-05   24.0   0.3   2   2   4.1e-09   8.6e-05   23.0   0.1     1    31    20    50    20    50 0.96 Domain of unknown function (DUF4468) with TBP-like fold
DUF2969              PF11184.12    71 >LH00406:11:22GHGVLT3:1:1101:17606:19522 -             62     0.018   15.8   0.5   1   1   4.3e-06     0.022   15.5   0.5    12    51    13    52    12    58 0.88 Protein of unknown function (DUF2969)
DUF2961              PF11175.12   234 >LH00406:11:22GHGVLT3:1:1101:25715:19570 -             69   1.7e-20   73.8   0.0   1   1   8.7e-25   1.8e-20   73.7   0.0    33   100     3    69     1    69 0.96 Protein of unknown function (DUF2961)
DUF134               PF02001.20    98 >LH00406:11:22GHGVLT3:1:1101:6991:19586 -             70     0.062   14.1   0.0   1   1   6.3e-06     0.065   14.0   0.0    26    74     6    54     1    60 0.85 Protein of unknown function  DUF134
DUF3112              PF11309.12   217 >LH00406:11:22GHGVLT3:1:1101:5309:19618 -             66    0.0069   16.1   0.4   1   1   7.7e-07     0.008   15.9   0.4   167   217     8    59     4    59 0.79 Protein of unknown function (DUF3112)
DUF2813              PF11398.12   372 >LH00406:11:22GHGVLT3:1:1101:7777:19890 -             69     0.054   13.1   0.0   1   1   4.4e-05     0.054   13.1   0.0    23    52    20    49    14    64 0.83 Protein of unknown function (DUF2813)
DUF4384              PF14326.10    81 >LH00406:11:22GHGVLT3:1:1101:17467:20018 -             86      0.15   12.4   0.0   1   1   4.6e-05      0.24   11.7   0.0    14    37    59    82    52    86 0.83 Domain of unknown function (DUF4384)
DUF6364              PF19891.3     70 >LH00406:11:22GHGVLT3:1:1101:1231:20115 -             44     0.028   15.1   0.3   1   1   2.7e-06     0.028   15.1   0.3     9    34     2    27     1    44 0.82 Family of unknown function (DUF6364)
DUF6290              PF19807.3     72 >LH00406:11:22GHGVLT3:1:1101:1231:20115 -             44     0.048   14.0   0.1   1   1   5.7e-06     0.059   13.8   0.1    15    35     9    29     2    31 0.87 Family of unknown function (DUF6290)
DUF4287              PF14117.10    60 >LH00406:11:22GHGVLT3:1:1101:25918:20115 -             56     0.067   13.4   0.0   1   1   1.2e-05     0.085   13.1   0.0     1    29    23    51    23    54 0.89 Domain of unknown function (DUF4287)
DUF1824              PF08854.14   125 >LH00406:11:22GHGVLT3:1:1101:3275:20163 -             82     0.019   15.1   0.1   1   1   3.4e-06     0.024   14.8   0.1    13    86     7    78     2    81 0.85 Domain of unknown function (DUF1824)
DUF3256              PF11644.12   195 >LH00406:11:22GHGVLT3:1:1101:38068:20211 -             80   5.1e-17   62.2   0.2   1   1   2.6e-21   5.4e-17   62.1   0.2   110   185     1    77     1    80 0.94 Protein of unknown function (DUF3256)
DUF4421              PF14391.10   302 >LH00406:11:22GHGVLT3:1:1101:1509:20307 -             86   6.9e-17   62.0   3.2   1   1   3.6e-21   7.5e-17   61.9   3.2    90   172     3    81     1    85 0.84 Domain of unknown function (DUF4421)
DUF4861              PF16153.9    378 >LH00406:11:22GHGVLT3:1:1101:47360:20483 -             71      0.13   11.4   0.1   1   1   1.3e-05      0.13   11.4   0.1   117   149    33    65     4    67 0.76 Domain of unknown function (DUF4861)
DUF4290              PF14123.10   174 >LH00406:11:22GHGVLT3:1:1101:40019:20547 -             47     0.005   16.6   0.0   1   1   4.9e-07    0.0051   16.6   0.0    20    57     4    41     2    47 0.89 Domain of unknown function (DUF4290)
DUF6681              PF20386.2    267 >LH00406:11:22GHGVLT3:1:1101:23098:20675 -             60     0.061   13.1   4.7   1   1   5.9e-06     0.061   13.1   4.7    93   149     5    59     1    60 0.79 Family of unknown function (DUF6681)
DUF3918              PF13056.10    43 >LH00406:11:22GHGVLT3:1:1101:29940:20836 -             73      0.11   12.4   0.0   1   1   7.2e-06      0.15   11.9   0.0    17    38     9    30     7    34 0.86 Protein of unknown function (DUF3918)
DUF4973              PF16343.9    129 >LH00406:11:22GHGVLT3:1:1101:46583:20836 -             56     0.039   14.1   0.1   1   1   3.8e-06     0.039   14.1   0.1    53    93     4    44     1    54 0.87 Domain of unknown function (DUF4973)
DUF6274              PF19790.3     77 >LH00406:11:22GHGVLT3:1:1101:22405:20980 -             68      0.23   12.2   1.0   1   1   1.3e-05      0.26   12.0   1.0    18    35    24    41     9    53 0.75 Family of unknown function (DUF6274)
DUF3188              PF11384.12    50 >LH00406:11:22GHGVLT3:1:1101:42506:20980 -             86      0.18   11.7   0.0   1   1   1.1e-05      0.22   11.4   0.0     1    25    56    82    56    84 0.88 Protein of unknown function (DUF3188)
DUF2441              PF10386.13   141 >LH00406:11:22GHGVLT3:1:1101:15082:21012 -             79     0.023   14.9   0.0   1   1   1.6e-06     0.033   14.4   0.0    88   131     3    44     1    48 0.80 Protein of unknown function (DUF2441)
Thioredox_DsbH       PF03190.19   163 >LH00406:11:22GHGVLT3:1:1101:25364:21172 -             67   0.00018   21.7   0.0   1   1   2.8e-08   0.00019   21.6   0.0    12    53    16    57     7    66 0.88 Protein of unknown function, DUF255
DUF382               PF04037.17   127 >LH00406:11:22GHGVLT3:1:1101:45280:21204 -             63      0.08   13.3   0.1   1   1   9.5e-06     0.099   13.0   0.1     8    48    13    50    11    56 0.86 Domain of unknown function (DUF382)
DUF2777              PF10949.12   182 >LH00406:11:22GHGVLT3:1:1101:35876:21220 -             84     0.012   15.5   0.1   1   1   6.9e-07     0.014   15.2   0.1   104   149    35    81    27    83 0.85 Protein of unknown function (DUF2777)
DUF5542              PF17696.5     68 >LH00406:11:22GHGVLT3:1:1101:38521:21220 -             69      0.18   12.2   2.6   1   1   1.2e-05      0.26   11.7   2.6    14    38    10    34     5    37 0.87 Family of unknown function (DUF5542)
DUF1416              PF07210.16    97 >LH00406:11:22GHGVLT3:1:1101:4791:21348 -             84    0.0043   17.1   0.1   1   1   1.8e-06    0.0054   16.8   0.1     7    67    13    70     7    77 0.81 Protein of unknown function (DUF1416)
DUF6795              PF20598.2    103 >LH00406:11:22GHGVLT3:1:1101:4791:21348 -             84      0.11   13.1   0.2   1   1     6e-05      0.18   12.3   0.2     1    47    28    68    28    83 0.76 Domain of unknown function (DUF6795)
DUF1294              PF06961.17    55 >LH00406:11:22GHGVLT3:1:1101:24855:21348 -             51   9.8e-17   61.2   0.2   1   1   5.9e-21   1.2e-16   60.8   0.2     1    38    14    51    14    51 0.99 Protein of unknown function (DUF1294)
Porph_ging           PF09697.14    81 >LH00406:11:22GHGVLT3:1:1101:22617:21444 -             56     0.045   14.5   0.7   1   3      0.17   3.6e+03   -1.2   0.0    10    16     4    10     1    16 0.74 Protein of unknown function (Porph_ging)
Porph_ging           PF09697.14    81 >LH00406:11:22GHGVLT3:1:1101:22617:21444 -             56     0.045   14.5   0.7   2   3    0.0041        85    4.0   0.0     1    21    18    39    18    45 0.78 Protein of unknown function (Porph_ging)
Porph_ging           PF09697.14    81 >LH00406:11:22GHGVLT3:1:1101:22617:21444 -             56     0.045   14.5   0.7   3   3   0.00012       2.5    8.9   0.2    53    66    43    56    38    56 0.84 Protein of unknown function (Porph_ging)
DUF4176              PF13780.10    74 >LH00406:11:22GHGVLT3:1:1101:24531:21557 -             82     0.063   13.5   0.2   1   2   1.2e-05      0.26   11.6   0.1    29    54     8    33     2    47 0.83 Domain of unknown function (DUF4176)
DUF4176              PF13780.10    74 >LH00406:11:22GHGVLT3:1:1101:24531:21557 -             82     0.063   13.5   0.2   2   2     0.047   9.8e+02    0.1   0.0    40    57    42    59    36    64 0.80 Domain of unknown function (DUF4176)
DUF6249              PF19762.3    104 >LH00406:11:22GHGVLT3:1:1101:34443:21557 -             88      0.06   13.5   0.1   1   1   8.8e-06     0.061   13.5   0.1     4    30    13    40    10    79 0.77 Domain of unknown function (DUF6249)
DUF3389              PF11869.12    75 >LH00406:11:22GHGVLT3:1:1101:46935:21669 -             69      0.13   12.6   0.0   1   1   7.5e-06      0.16   12.4   0.0    41    74    12    45     4    46 0.83 Protein of unknown function (DUF3389)
DUF1664              PF07889.16   124 >LH00406:11:22GHGVLT3:1:1101:42792:21701 -             79      0.02   15.1   0.7   1   1   1.6e-05     0.025   14.8   0.7    60   118     6    64     3    67 0.91 Protein of unknown function (DUF1664)
DUF6301              PF19818.3    139 >LH00406:11:22GHGVLT3:1:1101:42792:21701 -             79     0.027   14.9   0.1   1   1   1.9e-05      0.03   14.7   0.1    55   102     5    51     1    58 0.86 Family of unknown function (DUF6301)
DUF6468              PF20072.3     76 >LH00406:11:22GHGVLT3:1:1101:42792:21701 -             79     0.031   14.6   1.7   1   1   2.5e-05      0.04   14.2   1.7     5    52     7    54     5    65 0.91 Domain of unknown function (DUF6468)
DUF3868              PF12984.11   109 >LH00406:11:22GHGVLT3:1:1101:1795:21829 -             79     0.028   14.8   0.3   1   1   2.2e-06     0.046   14.2   0.3     4    23    58    77    55    78 0.92 Domain of unknown function (DUF3868)
DUF354               PF04007.16   349 >LH00406:11:22GHGVLT3:1:1101:36302:22053 -             74      0.11   11.7   0.0   1   1   1.2e-05      0.12   11.6   0.0   204   243    24    63     9    70 0.85 Protein of unknown function (DUF354)
DUF4248              PF14053.10    68 >LH00406:11:22GHGVLT3:1:1101:24679:22165 -             63   5.4e-05   23.4   0.0   1   1   3.1e-09   6.4e-05   23.1   0.0    49    68     4    23     1    23 0.93 Domain of unknown function (DUF4248)
DUF2888              PF11135.12   144 >LH00406:11:22GHGVLT3:1:1101:50892:22310 -             78     0.092   12.9   0.0   1   1   1.6e-05      0.11   12.7   0.0    13    71     9    71     3    76 0.82 Protein of unknown function (DUF2888)
DUF5906              PF19263.3    113 >LH00406:11:22GHGVLT3:1:1101:9645:22326 -             54     0.078   13.8   0.0   1   1   8.6e-05     0.094   13.6   0.0     1    19    25    42    25    53 0.79 Family of unknown function (DUF5906)
DUF2686              PF10887.12   285 >LH00406:11:22GHGVLT3:1:1101:22728:22438 -             87     0.026   13.6   0.0   1   1   3.8e-06     0.026   13.6   0.0   109   157    26    75     9    86 0.86 Protein of unknown function (DUF2686)
DUF3645              PF12359.12    33 >LH00406:11:22GHGVLT3:1:1101:42561:22550 -             44      0.11   12.1   0.1   1   1   6.7e-06      0.14   11.7   0.1     5    22    26    43    22    43 0.91 Protein of unknown function (DUF3645)
DUF6621              PF20326.2    190 >LH00406:11:22GHGVLT3:1:1101:47443:22710 -             72      0.13   12.1   0.1   1   1   6.4e-06      0.13   12.1   0.1     9    52     4    47     1    66 0.91 Family of unknown function (DUF6621)
DUF498               PF04430.18   109 >LH00406:11:22GHGVLT3:1:1101:29099:22742 -             68     0.069   13.4   0.0   1   1   6.9e-06     0.072   13.3   0.0    46    85    25    64     7    67 0.87 Protein of unknown function (DUF498/DUF598)
DUF1846_C            PF20921.1    153 >LH00406:11:22GHGVLT3:1:1101:24402:22838 -             49   4.6e-18   65.6   0.0   1   1   2.3e-22   4.8e-18   65.5   0.0    99   146     1    48     1    49 0.98 Domain of unknown function DUF1846, C-terminal
DUF4836              PF16120.9    481 >LH00406:11:22GHGVLT3:1:1101:32908:22838 -             70   2.8e-06   26.8   0.0   1   1   1.5e-10   3.1e-06   26.7   0.0    38    99     7    69     3    70 0.88 Domain of unknown function (DUF4836)
Thioredox_DsbH       PF03190.19   163 >LH00406:11:22GHGVLT3:1:1101:24291:22870 -             37   1.4e-05   25.3   0.0   1   1   2.7e-09   1.4e-05   25.3   0.0    47    81     2    36     1    37 0.94 Protein of unknown function, DUF255
DUF3847              PF12958.11    81 >LH00406:11:22GHGVLT3:1:1101:37014:22870 -             62     0.037   14.4   0.1   1   1   7.4e-06     0.051   14.0   0.0     8    46    19    57    10    60 0.87 Protein of unknown function (DUF3847)
DUF4337              PF14235.10   160 >LH00406:11:22GHGVLT3:1:1101:30634:23063 -             73       2.6    8.4   5.7   1   1   0.00029         3    8.2   5.7    79   116     7    44     2    49 0.89 Domain of unknown function (DUF4337)
DUF5090              PF17009.9    187 >LH00406:11:22GHGVLT3:1:1101:36930:23111 -             70     0.033   14.3   4.6   1   1   1.9e-06      0.04   14.1   4.6   134   172    25    64    20    64 0.84 Domain of unknown function (DUF5090)
DUF3918              PF13056.10    43 >LH00406:11:22GHGVLT3:1:1101:29043:23127 -             82      0.12   12.3   0.0   1   1     9e-06      0.19   11.6   0.0    17    38    39    60    37    64 0.86 Protein of unknown function (DUF3918)
DUF1771              PF08590.14    64 >LH00406:11:22GHGVLT3:1:1101:43893:23223 -             49     0.063   13.8   0.1   1   2      0.53   1.1e+04   -3.0   0.1    21    27     7    13     6    15 0.68 Domain of unknown function (DUF1771)
DUF1771              PF08590.14    64 >LH00406:11:22GHGVLT3:1:1101:43893:23223 -             49     0.063   13.8   0.1   2   2   4.9e-06       0.1   13.1   0.0    23    42    29    48    28    49 0.95 Domain of unknown function (DUF1771)
DUF4143              PF13635.10   120 >LH00406:11:22GHGVLT3:1:1101:37051:23319 -             83   6.9e-05   23.0   0.0   1   1   3.9e-09   8.1e-05   22.8   0.0    29    85    10    78     2    83 0.79 Domain of unknown function (DUF4143)
DUF4494              PF14902.10   139 >LH00406:11:22GHGVLT3:1:1101:14962:23399 -             75    0.0013   18.9   0.1   1   1   8.1e-08    0.0017   18.4   0.1   116   139     2    25     1    25 0.95 Domain of unknown function (DUF4494)
DUF6056              PF19528.3    438 >LH00406:11:22GHGVLT3:1:1101:16275:23752 -             64     0.018   14.0   1.4   1   1     9e-07     0.019   13.9   1.4   218   272     5    62     1    64 0.77 Family of unknown function (DUF6056)
DUF5906              PF19263.3    113 >LH00406:11:22GHGVLT3:1:1101:34619:23848 -             86     0.015   16.1   0.1   1   1   2.5e-05     0.017   15.9   0.1     1    25    22    43    22    79 0.76 Family of unknown function (DUF5906)
DUF815               PF05673.17   249 >LH00406:11:22GHGVLT3:1:1101:34619:23848 -             86     0.094   12.0   0.0   1   1   0.00016      0.11   11.8   0.0    58    79    22    43     7    53 0.87 Protein of unknown function (DUF815)
DUF5811              PF19128.4    103 >LH00406:11:22GHGVLT3:1:1101:8684:23896 -             53      0.22   12.0   0.0   1   1   1.1e-05      0.23   11.9   0.0     6    31     5    30     2    47 0.90 Family of unknown function (DUF5811)
US30                 PF17624.6    282 >LH00406:11:22GHGVLT3:1:1101:14444:24040 -             64      0.25   10.6   1.9   1   1   2.4e-05      0.25   10.6   1.9   142   187    12    58     5    64 0.86 Family of unknown function
DUF6199              PF19701.3     64 >LH00406:11:22GHGVLT3:1:1101:36422:24056 -             42      0.17   11.9   1.4   1   1   2.9e-05       0.2   11.6   1.4    16    33    14    34     4    39 0.83 Family of unknown function (DUF6199)
DUF4143              PF13635.10   120 >LH00406:11:22GHGVLT3:1:1101:28664:24104 -             45     0.022   14.9   0.0   1   1   1.1e-06     0.022   14.9   0.0    30    65     2    38     1    45 0.82 Domain of unknown function (DUF4143)
DUF4899              PF16240.9    283 >LH00406:11:22GHGVLT3:1:1101:50957:24184 -             72      0.14   11.5   0.0   1   1   1.4e-05      0.14   11.5   0.0    64   107    14    57     1    63 0.83 Domain of unknown function (DUF4899)
DUF4042              PF13251.10   182 >LH00406:11:22GHGVLT3:1:1101:28535:24200 -             85       0.1   12.5   0.1   1   1     6e-06      0.13   12.2   0.1    98   148     8    57     5    65 0.90 Domain of unknown function (DUF4042)
DUF2586              PF10758.13   386 >LH00406:11:22GHGVLT3:1:1101:46343:24232 -             62   2.5e-05   23.9   0.0   1   1   1.3e-09   2.6e-05   23.8   0.0     1    44    15    61    15    62 0.90 Protein of unknown function (DUF2586)
DUF6704              PF20447.2     68 >LH00406:11:22GHGVLT3:1:1101:14351:24457 -             88      0.14   12.6   0.0   1   1   8.8e-06      0.18   12.2   0.0    10    62    23    75    18    80 0.92 Family of unknown function (DUF6704)
DUF1416              PF07210.16    97 >LH00406:11:22GHGVLT3:1:1101:12003:24585 -             71     0.093   12.9   0.1   1   1   3.8e-05      0.11   12.6   0.1    12    38     4    31     1    61 0.84 Protein of unknown function (DUF1416)
DUF559               PF04480.16   109 >LH00406:11:22GHGVLT3:1:1101:35164:24601 -             88   0.00026   21.0   0.0   1   1   5.1e-08   0.00035   20.6   0.0    66   107    43    84    37    86 0.90 Protein of unknown function (DUF559)
DUF5042              PF16445.9    434 >LH00406:11:22GHGVLT3:1:1101:34175:24649 -             61    0.0076   15.0   0.1   1   1   4.1e-07    0.0085   14.9   0.1   242   263    14    35     6    42 0.90 Domain of unknown function (DUF5042)
DUF6080              PF19558.3    447 >LH00406:11:22GHGVLT3:1:1101:30458:24777 -             81   8.1e-22   77.6   0.5   1   1   8.2e-26   8.6e-22   77.6   0.5   257   335     6    81     1    81 0.79 Family of unknown function (DUF6080)
DUF2229              PF09989.13   218 >LH00406:11:22GHGVLT3:1:1101:11725:24905 -             81      0.16   11.8   0.0   1   1   8.7e-06      0.18   11.6   0.0    63   106    36    76     1    79 0.76 CoA enzyme activase uncharacterised domain (DUF2229)
DUF4712              PF15830.9    254 >LH00406:11:22GHGVLT3:1:1101:20722:24985 -             67       0.3   10.8   0.5   1   1   1.6e-05      0.33   10.7   0.5    39    75     6    41     1    48 0.87 Domain of unknown function (DUF4712)
DUF1104              PF06518.15    92 >LH00406:11:22GHGVLT3:1:1101:44290:25001 -             84     0.003   18.1   2.5   1   1   8.8e-07    0.0037   17.8   2.5    32    82    12    63     3    65 0.90 Protein of unknown function (DUF1104)
DUF3810              PF12725.11   311 >LH00406:11:22GHGVLT3:1:1101:43551:25129 -             76   7.7e-11   42.1   0.0   1   1     4e-15   8.4e-11   42.0   0.0   253   311     2    61     1    61 0.94 Protein of unknown function (DUF3810)
DUF4249              PF14054.10   274 >LH00406:11:22GHGVLT3:1:1101:30153:25145 -             84   0.00047   19.9   0.6   1   1   2.6e-08   0.00054   19.8   0.6   127   185     9    80     2    84 0.59 Domain of unknown function (DUF4249)
DUF4209              PF13910.10    89 >LH00406:11:22GHGVLT3:1:1101:39797:25322 -             80     0.049   13.9   0.1   1   1   2.7e-06     0.056   13.7   0.1    40    74    23    57    15    70 0.81 Domain of unknown function (DUF4209)
DUF6704              PF20447.2     68 >LH00406:11:22GHGVLT3:1:1101:15239:25450 -             73     0.035   14.5   1.2   1   1   4.2e-06     0.044   14.2   1.2    14    62    12    63     6    70 0.85 Family of unknown function (DUF6704)
DUF5082              PF16888.9    123 >LH00406:11:22GHGVLT3:1:1101:42247:25498 -             65     0.011   16.2   2.5   1   1   7.3e-06     0.015   15.7   2.5     8    56     8    56     2    64 0.75 Domain of unknown function (DUF5082)
DUF4763              PF15960.9    236 >LH00406:11:22GHGVLT3:1:1101:42247:25498 -             65      0.04   13.3   2.0   1   1   1.9e-05      0.04   13.3   2.0    84   135     2    53     1    63 0.88 Domain of unknown function (DUF4763)
DUF2976              PF11190.12    88 >LH00406:11:22GHGVLT3:1:1101:8942:25530 -             87       4.3    7.5   6.9   1   3   3.8e-05      0.78    9.8   1.3    60    84    18    42     3    44 0.91 Protein of unknown function (DUF2976)
DUF2976              PF11190.12    88 >LH00406:11:22GHGVLT3:1:1101:8942:25530 -             87       4.3    7.5   6.9   2   3      0.16   3.4e+03   -1.8   0.0    25    39    54    68    50    75 0.63 Protein of unknown function (DUF2976)
DUF2976              PF11190.12    88 >LH00406:11:22GHGVLT3:1:1101:8942:25530 -             87       4.3    7.5   6.9   3   3      0.03   6.3e+02    0.5   0.1    19    35    70    86    65    87 0.73 Protein of unknown function (DUF2976)
DUF6500              PF20110.3     53 >LH00406:11:22GHGVLT3:1:1101:35442:25626 -             88     0.028   14.5   0.7   1   1   2.3e-06     0.047   13.8   0.7     4    27    45    68    42    73 0.91 Family of unknown function (DUF6500)
DUF4924              PF16271.9    179 >LH00406:11:22GHGVLT3:1:1101:37430:25674 -             70     0.043   14.0   0.5   1   1   2.3e-06     0.047   13.9   0.5     5    63     2    62     1    66 0.90 Domain of unknown function (DUF4924)
DUF6687              PF20392.2    339 >LH00406:11:22GHGVLT3:1:1101:39113:25706 -             55      0.11   11.8   0.0   1   1   5.7e-06      0.12   11.6   0.0   101   134     9    42     6    53 0.86 Family of unknown function (DUF6687)
DUF5638              PF18688.5    104 >LH00406:11:22GHGVLT3:1:1101:40324:25850 -             85     0.035   14.7   0.0   1   1   2.1e-06     0.043   14.4   0.0    15    60    22    67    19    78 0.86 Family of unknown function (DUF5638)
DUF4798              PF16055.9    100 >LH00406:11:22GHGVLT3:1:1101:3737:25963 -             63     0.039   14.1   0.2   1   1   2.2e-06     0.045   13.9   0.2    28    57     3    32     1    34 0.84 Domain of unknown function (DUF4798)
DUF2735              PF10931.12    52 >LH00406:11:22GHGVLT3:1:1101:18290:26091 -             89     0.014   16.3   1.7   1   2   2.4e-05      0.51   11.3   0.2    41    49    49    57    35    58 0.78 Protein of unknown function (DUF2735)
DUF2735              PF10931.12    52 >LH00406:11:22GHGVLT3:1:1101:18290:26091 -             89     0.014   16.3   1.7   2   2    0.0036        76    4.3   0.1    36    44    71    80    61    81 0.62 Protein of unknown function (DUF2735)
DUF1292              PF06949.15    76 >LH00406:11:22GHGVLT3:1:1101:42728:26299 -             76   1.3e-10   42.2   6.9   1   1   7.8e-15   1.6e-10   41.9   6.9     9    75     3    71     1    71 0.83 Protein of unknown function (DUF1292)
DUF3273              PF11677.12   265 >LH00406:11:22GHGVLT3:1:1101:23043:26315 -             55     0.061   12.9   0.0   1   1   1.3e-05     0.067   12.7   0.0   178   211     1    34     1    40 0.72 Protein of unknown function (DUF3273)
DUF5323              PF17257.6     62 >LH00406:11:22GHGVLT3:1:1101:6150:26331 -             63       0.1   12.7   0.1   1   1   1.3e-05      0.13   12.3   0.1    33    55     1    23     1    30 0.87 Family of unknown function (DUF5323)
DUF434               PF04256.16    56 >LH00406:11:22GHGVLT3:1:1101:15905:26379 -             60     0.091   12.6   0.2   1   1   1.8e-05      0.13   12.2   0.2     2    21    39    58    38    60 0.86 Protein of unknown function (DUF434)
DUF3911              PF13050.10    78 >LH00406:11:22GHGVLT3:1:1101:40647:26700 -             75      0.04   14.3   0.1   1   1     3e-06     0.061   13.7   0.1    16    46    28    60    20    72 0.83 Protein of unknown function (DUF3911)
DUF4197              PF13852.10   199 >LH00406:11:22GHGVLT3:1:1101:25021:26732 -             85      0.06   13.2   0.2   1   1   6.1e-06     0.064   13.1   0.2    69   122     2    55     1    61 0.93 Protein of unknown function (DUF4197)
DUF4197              PF13852.10   199 >LH00406:11:22GHGVLT3:1:1101:27878:26748 -             85      0.06   13.2   0.2   1   1   6.1e-06     0.064   13.1   0.2    69   122     2    55     1    61 0.93 Protein of unknown function (DUF4197)
DUF4222              PF13973.10    53 >LH00406:11:22GHGVLT3:1:1101:37014:27036 -             59    0.0026   17.5   0.5   1   1   1.7e-07    0.0036   17.1   0.5    10    36    15    42     9    45 0.88 Domain of unknown function (DUF4222)
DUF6282              PF19799.3    197 >LH00406:11:22GHGVLT3:1:1101:3746:27292 -             56     0.023   14.6   0.3   1   1   2.4e-06     0.025   14.5   0.3     2    40    18    56    17    56 0.96 Family of unknown function (DUF6282)
DUF6850              PF21012.1    463 >LH00406:11:22GHGVLT3:1:1101:41942:27308 -             68   0.00053   19.4   0.0   1   1   2.7e-08   0.00056   19.4   0.0   348   411     3    68     1    68 0.88 Family of unknown function (DUF6850)
DUF5934              PF19357.3    172 >LH00406:11:22GHGVLT3:1:1101:3173:27357 -             89      0.16   11.6   0.0   1   1   1.6e-05      0.17   11.5   0.0   104   135    37    68     9    79 0.91 Family of unknown function (DUF5934)
DUF411               PF04214.17    48 >LH00406:11:22GHGVLT3:1:1101:6640:27373 -             78       0.1   12.7   0.0   1   1   8.2e-06      0.17   12.0   0.0     8    35    37    64    30    68 0.89 Protein of unknown function, DUF
DUF3256              PF11644.12   195 >LH00406:11:22GHGVLT3:1:1101:20306:27373 -             89   1.9e-17   63.6   0.6   1   1   1.1e-21   2.3e-17   63.3   0.6     2    60    31    89    30    89 0.97 Protein of unknown function (DUF3256)
DUF4421              PF14391.10   302 >LH00406:11:22GHGVLT3:1:1101:6363:27693 -             39   9.9e-14   51.7   0.5   1   1     5e-18     1e-13   51.6   0.5   146   184     1    39     1    39 0.97 Domain of unknown function (DUF4421)
DUF6417              PF19981.3     69 >LH00406:11:22GHGVLT3:1:1101:30828:27981 -             52     0.031   14.5   0.7   1   1   1.9e-06     0.039   14.2   0.7    25    48     5    28     3    30 0.91 Family of unknown function (DUF6417)
DUF4024              PF13216.10    35 >LH00406:11:22GHGVLT3:1:1101:8702:27997 -             68     0.055   13.6   0.0   1   1   4.4e-06     0.091   12.9   0.0     4    18    42    56    41    63 0.85 Protein of unknown function (DUF4024)
DUF4364              PF14277.10   162 >LH00406:11:22GHGVLT3:1:1101:50208:28110 -             70     0.013   15.4   0.0   1   1   7.4e-07     0.015   15.2   0.0   126   162     1    37     1    37 0.95 Domain of unknown function (DUF4364)
DUF6011              PF19474.3     37 >LH00406:11:22GHGVLT3:1:1101:8804:28238 -             88       0.2   11.5   0.0   1   1   1.4e-05      0.29   10.9   0.0    24    34    33    43    33    46 0.85 Family of unknown function (DUF6011)
DUF3221              PF11518.12    82 >LH00406:11:22GHGVLT3:1:1101:26898:28382 -             84      0.11   13.1   0.0   1   1   1.1e-05      0.11   13.1   0.0    35    74    24    64     1    67 0.83 Protein of unknown function (DUF3221)
DUF1759              PF03564.19   148 >LH00406:11:22GHGVLT3:1:1101:42876:28414 -             64      0.15   12.2   0.8   1   1   7.9e-06      0.16   12.1   0.8    61   113     2    52     1    60 0.87 Protein of unknown function (DUF1759)
DUF4988              PF16378.9    182 >LH00406:11:22GHGVLT3:1:1101:51068:28446 -             83   2.7e-05   24.1   0.4   1   1   1.6e-09   3.3e-05   23.8   0.4   121   174     7    62     3    69 0.89 Domain of unknown function
DUF1687              PF07955.15   128 >LH00406:11:22GHGVLT3:1:1101:32492:28622 -             79      0.11   13.1   0.1   1   1   5.8e-06      0.12   13.0   0.1    49   108     2    62     1    71 0.84 Protein of unknown function (DUF1687)
DUF5398              PF17376.6     80 >LH00406:11:22GHGVLT3:1:1101:33824:28718 -             42     0.095   13.3   0.1   1   1   9.6e-06       0.1   13.2   0.1    31    57     5    31     2    39 0.84 Family of unknown function (DUF5398)
DUF4059              PF13268.10    72 >LH00406:11:22GHGVLT3:1:1101:39815:28783 -             74      0.12   13.0   0.1   1   2      0.48   9.9e+03   -2.7   0.1    49    55    14    20    11    25 0.74 Protein of unknown function (DUF4059)
DUF4059              PF13268.10    72 >LH00406:11:22GHGVLT3:1:1101:39815:28783 -             74      0.12   13.0   0.1   2   2     1e-05      0.21   12.3   0.0    13    52    32    72    28    74 0.87 Protein of unknown function (DUF4059)
DUF5879              PF19207.4    273 >LH00406:11:22GHGVLT3:1:1101:41137:28831 -             65      0.22   11.1   0.0   1   1   1.1e-05      0.24   10.9   0.0    59    94    23    58    17    62 0.86 Family of unknown function (DUF5879)
DUF6015              PF19479.3    140 >LH00406:11:22GHGVLT3:1:1101:24531:28895 -             65     0.073   13.6   0.2   1   1   3.5e-06     0.073   13.6   0.2    38    69     4    36     1    58 0.83 Family of unknown function (DUF6015)
DUF5464              PF17552.6     51 >LH00406:11:22GHGVLT3:1:1101:30532:28943 -             84    0.0023   18.3   0.4   1   1     3e-07    0.0031   17.9   0.4     8    28    38    58    34    82 0.79 Family of unknown function (DUF5464)
DUF5906              PF19263.3    113 >LH00406:11:22GHGVLT3:1:1101:28387:29263 -             50     0.025   15.4   0.1   1   1   7.1e-06     0.025   15.4   0.1     3    27     1    22     1    45 0.70 Family of unknown function (DUF5906)
DUF6468              PF20072.3     76 >LH00406:11:22GHGVLT3:1:1101:16358:29375 -             74      0.05   13.9   0.1   1   1     1e-05      0.07   13.5   0.1    26    56    13    43    12    48 0.93 Domain of unknown function (DUF6468)
DUF2914              PF11141.12    62 >LH00406:11:22GHGVLT3:1:1101:26815:29423 -             82     0.013   15.4   1.9   1   1     9e-07     0.019   14.9   1.9     5    44    37    79    28    79 0.83 Protein of unknown function (DUF2914)
DUF4487              PF14868.10   583 >LH00406:11:22GHGVLT3:1:1101:8942:29568 -             75      0.13   11.1   0.1   1   1   3.4e-05      0.14   10.9   0.1   120   170     3    53     1    61 0.91 Domain of unknown function (DUF4487)
DUF4349              PF14257.10   213 >LH00406:11:22GHGVLT3:1:1101:24920:29568 -             72     0.036   13.6   5.2   1   1   4.6e-05     0.042   13.4   5.2   115   170    11    65     4    71 0.84 Domain of unknown function (DUF4349)
DUF3450              PF11932.12   241 >LH00406:11:22GHGVLT3:1:1101:24920:29568 -             72      0.72    9.3  13.1   1   1   0.00084      0.76    9.2  13.1     4    66     3    70     1    72 0.81 Protein of unknown function (DUF3450)
DUF4407              PF14362.10   297 >LH00406:11:22GHGVLT3:1:1101:24920:29568 -             72       1.9    7.9  14.0   1   1    0.0021       1.9    8.0  14.0   190   237    17    64     4    72 0.60 Domain of unknown function (DUF4407)
DUF4337              PF14235.10   160 >LH00406:11:22GHGVLT3:1:1101:24920:29568 -             72       2.8    8.3  17.5   1   1    0.0035       3.2    8.1  17.5    52   112    17    70     5    72 0.51 Domain of unknown function (DUF4337)
DUF3138              PF11336.12   525 >LH00406:11:22GHGVLT3:1:1101:24920:29568 -             72       8.5    5.1   8.7   1   1    0.0098       8.9    5.0   8.7    23    77     9    61     2    71 0.69 Protein of unknown function (DUF3138)
DUF4200              PF13863.10   119 >LH00406:11:22GHGVLT3:1:1101:43430:29664 -             89      0.19   12.3  12.7   1   1     4e-05      0.21   12.1  12.7     1    87     2    88     2    89 0.97 Domain of unknown function (DUF4200)
DUF4827              PF16109.9    178 >LH00406:11:22GHGVLT3:1:1101:38724:29712 -             78   9.7e-14   52.0   0.3   1   1     1e-17     1e-13   51.9   0.3    61   128     1    77     1    78 0.90 Domain of unknown function (DUF4827)
DUF2399              PF09664.14   152 >LH00406:11:22GHGVLT3:1:1102:20047:1128 -             80    0.0012   18.8   0.0   1   1   1.3e-07    0.0013   18.7   0.0    76   145     2    79     1    79 0.76 Protein of unknown function C-terminus (DUF2399)
DUF2179              PF10035.13    55 >LH00406:11:22GHGVLT3:1:1102:9664:1721 -             59     1e-08   35.1   0.2   1   2   0.00081       8.4    6.5   0.0    14    37     4    27     1    29 0.87 Uncharacterized protein conserved in bacteria (DUF2179)
DUF2179              PF10035.13    55 >LH00406:11:22GHGVLT3:1:1102:9664:1721 -             59     1e-08   35.1   0.2   2   2   2.9e-10     3e-06   27.1   0.1     1    28    32    59    32    59 0.96 Uncharacterized protein conserved in bacteria (DUF2179)
DUF5395              PF17373.6     81 >LH00406:11:22GHGVLT3:1:1102:9664:1721 -             59      0.11   13.3   0.0   1   1   1.2e-05      0.12   13.2   0.0    13    58    12    57     6    59 0.80 Family of unknown function (DUF5395)
DUF5906              PF19263.3    113 >LH00406:11:22GHGVLT3:1:1102:17134:2170 -             85      0.17   12.7   0.0   1   1   0.00019      0.22   12.4   0.0     1    29    40    67    40    82 0.63 Family of unknown function (DUF5906)
DUF1290              PF06947.16    86 >LH00406:11:22GHGVLT3:1:1102:22423:2298 -             75     0.017   15.5   1.1   1   1   2.8e-06     0.019   15.3   1.1    13    72     3    63     1    74 0.56 Protein of unknown function (DUF1290)
DUF5046              PF16465.9    264 >LH00406:11:22GHGVLT3:1:1102:50411:2314 -             83      0.01   15.3   0.0   1   1     5e-07      0.01   15.3   0.0    97   143    17    63     5    82 0.87 Domain of unknown function (DUF5046)
DUF3213              PF11491.12    85 >LH00406:11:22GHGVLT3:1:1102:49810:2394 -             86     0.064   13.7   0.4   1   2     1e-05       0.1   13.0   0.2    52    73    19    39     8    47 0.85 Protein of unknown function (DUF3213)
DUF3213              PF11491.12    85 >LH00406:11:22GHGVLT3:1:1102:49810:2394 -             86     0.064   13.7   0.4   2   2      0.48     5e+03   -2.0   0.0    17    24    50    57    42    79 0.55 Protein of unknown function (DUF3213)
DUF3737              PF12541.12   275 >LH00406:11:22GHGVLT3:1:1102:29127:2506 -             82   2.6e-32  112.3   0.9   1   1   2.7e-36   2.8e-32  112.2   0.9    34   115     1    82     1    82 0.99 Protein of unknown function (DUF3737)
DUF5013              PF16405.9    149 >LH00406:11:22GHGVLT3:1:1102:42136:2554 -             64      0.12   12.7   0.1   1   1   5.8e-06      0.12   12.6   0.1    44    88    19    61     3    64 0.72 Domain of unknown function (DUF5013)
DUF2441              PF10386.13   141 >LH00406:11:22GHGVLT3:1:1102:16903:2666 -             46     0.025   14.8   0.1   1   1   1.4e-06     0.028   14.6   0.1    86   114    14    42     7    45 0.89 Protein of unknown function (DUF2441)
DUF3188              PF11384.12    50 >LH00406:11:22GHGVLT3:1:1102:17652:2746 -             85    0.0048   16.8   2.9   1   2    0.0022       7.7    6.5   0.1    24    44    39    57    26    60 0.77 Protein of unknown function (DUF3188)
DUF3188              PF11384.12    50 >LH00406:11:22GHGVLT3:1:1102:17652:2746 -             85    0.0048   16.8   2.9   2   2   0.00011      0.38   10.7   0.4    27    44    70    85    64    85 0.87 Protein of unknown function (DUF3188)
DUF3958              PF13125.10   107 >LH00406:11:22GHGVLT3:1:1102:18392:2939 -             65     0.062   13.8   0.1   1   1   3.4e-06     0.071   13.6   0.1    30    79     9    59     5    61 0.92 Protein of unknown function (DUF3958)
DUF2179              PF10035.13    55 >LH00406:11:22GHGVLT3:1:1102:7139:3083 -             63     0.038   14.0   0.2   1   1   8.1e-06     0.056   13.5   0.2    27    50    12    35     9    38 0.88 Uncharacterized protein conserved in bacteria (DUF2179)
DUF4199              PF13858.10   167 >LH00406:11:22GHGVLT3:1:1102:12521:3083 -             59   9.9e-09   36.0   0.1   1   1     5e-13     1e-08   35.9   0.1     1    57     5    57     5    59 0.89 Protein of unknown function (DUF4199)
DUF4973              PF16343.9    129 >LH00406:11:22GHGVLT3:1:1102:38253:3099 -             84      0.04   14.1   0.0   1   1   4.1e-06     0.043   14.0   0.0    39    82    18    62     5    78 0.84 Domain of unknown function (DUF4973)
DUF3963              PF13124.10    40 >LH00406:11:22GHGVLT3:1:1102:25262:3179 -             61      0.02   15.1   0.0   1   1   3.6e-06     0.038   14.2   0.0     5    35    12    44     8    50 0.85 Protein of unknown function (DUF3963)
DUF447_C             PF20766.1     53 >LH00406:11:22GHGVLT3:1:1102:11346:3259 -             83   0.00016   21.8   0.2   1   1   3.7e-08   0.00025   21.2   0.2     8    37    39    69    37    74 0.93 Protein of unknown function (DUF447)
DUF6575              PF20215.2    218 >LH00406:11:22GHGVLT3:1:1102:11346:3259 -             83     0.043   13.6   0.2   1   1     7e-06     0.048   13.4   0.2    47    96    11    59     5    73 0.85 Family of unknown function (DUF6575)
DUF6734              PF20508.2    288 >LH00406:11:22GHGVLT3:1:1102:47924:3515 -             45   7.8e-11   42.0   0.6   1   1     4e-15   8.4e-11   41.9   0.6     1    42     7    45     7    45 0.97 Family of unknown function (DUF6734)
DUF4957              PF16318.9    141 >LH00406:11:22GHGVLT3:1:1102:21360:3532 -             73     1e-12   48.3   2.0   1   1   5.4e-17   1.1e-12   48.2   2.0    51   125     2    73     1    73 0.81 Domain of unknown function (DUF4957)
DUF5402              PF17393.6    120 >LH00406:11:22GHGVLT3:1:1102:5124:3692 -             41     0.037   14.3   0.0   1   1   1.8e-06     0.038   14.2   0.0    89   115     7    33     4    38 0.86 Family of unknown function (DUF5402)
DUF1899              PF08953.15    66 >LH00406:11:22GHGVLT3:1:1102:6483:3708 -             73     0.049   13.7   0.3   1   1   3.4e-06      0.07   13.2   0.3    33    62    15    44    10    51 0.83 Domain of unknown function (DUF1899)
DUF4315              PF14193.10    81 >LH00406:11:22GHGVLT3:1:1102:27333:3724 -             48      0.12   12.6   5.0   1   2   5.5e-05      0.23   11.7   2.3    11    33     2    24     1    29 0.86 Domain of unknown function (DUF4315)
DUF4315              PF14193.10    81 >LH00406:11:22GHGVLT3:1:1102:27333:3724 -             48      0.12   12.6   5.0   2   2    0.0045        19    5.6   0.3     1    17    21    37    21    43 0.79 Domain of unknown function (DUF4315)
DUF3228              PF11539.12   194 >LH00406:11:22GHGVLT3:1:1102:28831:3852 -             76     0.074   12.8   0.0   1   1   8.7e-06     0.091   12.5   0.0   149   179    14    44     4    48 0.85 Protein of unknown function (DUF3228)
DUF4248              PF14053.10    68 >LH00406:11:22GHGVLT3:1:1102:12641:3932 -             86   2.3e-23   82.2   0.0   1   1   1.3e-27   2.8e-23   81.9   0.0     9    68     1    60     1    60 1.00 Domain of unknown function (DUF4248)
DUF1322              PF07032.15    73 >LH00406:11:22GHGVLT3:1:1102:23635:3980 -             71     0.012   16.3   1.8   1   1     8e-07     0.017   15.9   1.8     4    37    16    48    11    63 0.82 Protein of unknown function (DUF1322)
DUF4249              PF14054.10   274 >LH00406:11:22GHGVLT3:1:1102:24217:4092 -             67     0.086   12.5   0.1   1   1   2.3e-05     0.094   12.4   0.1    53    98     3    49     1    55 0.90 Domain of unknown function (DUF4249)
DUF3575              PF12099.12   176 >LH00406:11:22GHGVLT3:1:1102:1989:4124 -             79   6.4e-10   38.8   5.6   1   1   3.6e-14   7.4e-10   38.6   5.6    78   147     4    79     2    79 0.91 Protein of unknown function (DUF3575)
DUF6443              PF20041.3     93 >LH00406:11:22GHGVLT3:1:1102:21591:4124 -             83   2.8e-06   28.5   0.2   1   2      0.18   3.7e+03   -0.7   0.0    28    28    34    34     4    45 0.51 Domain of unknown function (DUF6443)
DUF6443              PF20041.3     93 >LH00406:11:22GHGVLT3:1:1102:21591:4124 -             83   2.8e-06   28.5   0.2   2   2   3.7e-10   7.8e-06   27.1   0.1     2    34    50    82    49    83 0.95 Domain of unknown function (DUF6443)
DUF4064              PF13273.10   102 >LH00406:11:22GHGVLT3:1:1102:27425:4236 -             72       8.2    7.0  14.6   1   1    0.0018        19    5.8  14.6    11    82     2    59     1    61 0.92 Protein of unknown function (DUF4064)
DUF3386              PF11866.12   211 >LH00406:11:22GHGVLT3:1:1102:29173:4285 -             77      0.11   12.2   0.0   1   1   1.1e-05      0.12   12.0   0.0   103   157    15    69     4    72 0.90 Protein of unknown function (DUF3386)
DUF3386              PF11866.12   211 >LH00406:11:22GHGVLT3:1:1102:22451:4301 -             77     0.025   14.3   0.0   1   1   2.6e-06     0.027   14.1   0.0   103   157    15    69     4    74 0.90 Protein of unknown function (DUF3386)
DUF4658              PF15555.10   123 >LH00406:11:22GHGVLT3:1:1102:11504:4333 -             56     0.091   13.1   0.5   1   1   4.4e-06     0.091   13.1   0.5    70    93    26    49     7    55 0.80 Domain of unknown function (DUF4658)
DUF5417              PF17438.6     91 >LH00406:11:22GHGVLT3:1:1102:2442:4397 -             88      0.12   12.9   0.0   1   1   6.6e-06      0.14   12.6   0.0    52    81    36    65    20    69 0.85 Family of unknown function (DUF5417)
DUF3169              PF11368.12   250 >LH00406:11:22GHGVLT3:1:1102:2738:4429 -             76   2.4e-13   50.4   3.9   1   1   3.8e-17   2.6e-13   50.3   3.9   205   250     3    48     1    48 0.96 Protein of unknown function (DUF3169)
DUF4870              PF09685.14   107 >LH00406:11:22GHGVLT3:1:1102:2738:4429 -             76     0.057   13.6   1.3   1   1   9.6e-06     0.066   13.4   1.3    54    91     9    50     4    57 0.68 Domain of unknown function (DUF4870)
DUF4222              PF13973.10    53 >LH00406:11:22GHGVLT3:1:1102:3617:4573 -             57      0.07   12.9   0.0   1   2   0.00044       9.2    6.1   0.0    26    42    16    33    10    35 0.82 Domain of unknown function (DUF4222)
DUF4222              PF13973.10    53 >LH00406:11:22GHGVLT3:1:1102:3617:4573 -             57      0.07   12.9   0.0   2   2   0.00091        19    5.1   0.0    11    25    37    51    36    55 0.84 Domain of unknown function (DUF4222)
DUF4099              PF13351.10    82 >LH00406:11:22GHGVLT3:1:1102:33213:4685 -             35   1.6e-05   25.3   0.0   1   1   8.3e-10   1.7e-05   25.2   0.0    11    43     1    35     1    35 0.97 Protein of unknown function (DUF4099)
DUF4861              PF16153.9    378 >LH00406:11:22GHGVLT3:1:1102:5041:4701 -             86   2.3e-08   33.6   0.0   1   1   1.8e-12   3.8e-08   32.9   0.0    16   130     2    86     1    86 0.89 Domain of unknown function (DUF4861)
DUF4861              PF16153.9    378 >LH00406:11:22GHGVLT3:1:1102:17523:4829 -             72   1.1e-23   84.0   0.0   1   1   5.3e-28   1.1e-23   84.0   0.0   165   230     8    71     1    72 0.91 Domain of unknown function (DUF4861)
DUF4298              PF14131.10    87 >LH00406:11:22GHGVLT3:1:1102:28812:4845 -             69    0.0029   17.8   0.0   1   1   4.5e-07    0.0031   17.7   0.0     9    50     6    47     3    65 0.89 Domain of unknown function (DUF4298)
DUF16                PF01519.20   104 >LH00406:11:22GHGVLT3:1:1102:48544:4909 -             81     0.015   16.0   2.3   1   1   1.4e-05     0.019   15.7   2.3    30    91     5    63     2    75 0.86 Protein of unknown function DUF16
DUF3450              PF11932.12   241 >LH00406:11:22GHGVLT3:1:1102:48544:4909 -             81      0.02   14.4   2.7   1   1   1.8e-05     0.023   14.2   2.7    47   103     5    61     3    74 0.93 Protein of unknown function (DUF3450)
DUF5798              PF19111.4     89 >LH00406:11:22GHGVLT3:1:1102:48544:4909 -             81     0.033   14.6   1.7   1   1     3e-05      0.04   14.3   1.7    22    81    16    79     3    81 0.80 Family of unknown function (DUF5798)
DUF2968              PF11180.12   180 >LH00406:11:22GHGVLT3:1:1102:48544:4909 -             81      0.04   13.8   3.7   1   1   3.7e-05     0.048   13.5   3.7    88   161     5    81     2    81 0.83 Protein of unknown function (DUF2968)
DUF1664              PF07889.16   124 >LH00406:11:22GHGVLT3:1:1102:48544:4909 -             81      0.14   12.4   2.4   1   2   0.00034      0.44   10.8   0.2    74   122     3    51     1    53 0.88 Protein of unknown function (DUF1664)
DUF1664              PF07889.16   124 >LH00406:11:22GHGVLT3:1:1102:48544:4909 -             81      0.14   12.4   2.4   2   2      0.21   2.7e+02    1.8   0.2    57    78    59    80    52    81 0.74 Protein of unknown function (DUF1664)
DUF4160              PF13711.10    65 >LH00406:11:22GHGVLT3:1:1102:28711:4925 -             56       0.2   12.1   0.0   1   1   2.2e-05      0.23   11.9   0.0    16    38    16    40    13    50 0.80 Domain of unknown function (DUF4160)
DUF6274              PF19790.3     77 >LH00406:11:22GHGVLT3:1:1102:48405:4925 -             51      0.13   13.0   1.1   1   1   6.1e-06      0.13   13.0   1.1    18    35    18    35     3    47 0.74 Family of unknown function (DUF6274)
DUF5053              PF16476.9     71 >LH00406:11:22GHGVLT3:1:1102:39039:4941 -             44    0.0052   16.6   0.2   1   1   3.1e-07    0.0065   16.3   0.2    34    59     3    28     2    31 0.90 Domain of unknown function (DUF5053)
DUF3813              PF12758.11    62 >LH00406:11:22GHGVLT3:1:1102:4541:5278 -             59     0.024   15.2   0.1   1   1   1.7e-06     0.036   14.6   0.1    40    57    29    46    23    51 0.89 Protein of unknown function (DUF3813)
DUF6702              PF20420.2    141 >LH00406:11:22GHGVLT3:1:1102:22359:5326 -             62     0.073   13.2   0.1   1   1   3.5e-06     0.073   13.2   0.1    56   102     9    56     2    62 0.86 Domain of unknown function (DUF6702)
DUF4202              PF13875.10   184 >LH00406:11:22GHGVLT3:1:1102:2877:5342 -             60      0.38   10.8   1.5   1   1   2.1e-05      0.44   10.6   1.4    50    65    44    59    27    60 0.86 Domain of unknown function (DUF4202)
DUF3169              PF11368.12   250 >LH00406:11:22GHGVLT3:1:1102:48682:5342 -             67      0.27   11.0   8.5   1   1   1.4e-05       0.3   10.8   8.5    11    75     5    65     1    66 0.80 Protein of unknown function (DUF3169)
DUF5798              PF19111.4     89 >LH00406:11:22GHGVLT3:1:1102:45169:5438 -             63     0.024   15.1   0.1   1   1   2.8e-06     0.029   14.7   0.1     1    37     2    38     2    41 0.91 Family of unknown function (DUF5798)
DUF5717_N            PF18984.4    875 >LH00406:11:22GHGVLT3:1:1102:29191:5502 -             60   6.5e-17   60.9   0.1   1   1   3.3e-21   6.8e-17   60.8   0.1   419   477     2    60     1    60 0.97 Family of unknown function (DUF5717)N-terminal
DUF6057              PF19529.3    569 >LH00406:11:22GHGVLT3:1:1102:14139:5534 -             83    0.0033   16.6   4.3   1   1   1.6e-07    0.0034   16.5   4.3    58   112    10    70     6    82 0.78 Family of unknown function (DUF6057)
DUF4078              PF13300.10    86 >LH00406:11:22GHGVLT3:1:1102:31050:5646 -             87     0.037   14.5   0.1   1   1   4.3e-06     0.045   14.2   0.1    17    48    42    76    34    87 0.74 Domain of unknown function (DUF4078)
DUF1397              PF07165.15   207 >LH00406:11:22GHGVLT3:1:1102:21351:5695 -             42      0.14   11.7   0.0   1   1   6.9e-06      0.14   11.7   0.0   102   125     6    29     1    35 0.79 Protein of unknown function (DUF1397)
DUF3158              PF11358.12   156 >LH00406:11:22GHGVLT3:1:1102:1786:5727 -             58      0.17   11.8   0.0   1   1   8.4e-06      0.17   11.7   0.0    75   105    22    53    15    57 0.87 Protein of unknown function (DUF3158)
DUF4469              PF14734.10   101 >LH00406:11:22GHGVLT3:1:1102:30791:5807 -             69      0.09   13.0   0.0   1   1   7.8e-06      0.16   12.2   0.0    65    89     5    29     2    42 0.84 Domain of unknown function (DUF4469) with IG-like fold
DUF5961              PF19386.3     72 >LH00406:11:22GHGVLT3:1:1102:27139:5951 -             45      0.21   12.0   0.0   1   1     1e-05      0.22   12.0   0.0    14    41     4    33     1    38 0.79 Family of unknown function (DUF5961)
DUF134               PF02001.20    98 >LH00406:11:22GHGVLT3:1:1102:22174:5967 -             80     0.043   14.6   0.0   1   1   5.9e-05     0.049   14.4   0.0    42    74     9    41     2    55 0.87 Protein of unknown function  DUF134
DUF4056              PF13265.10   266 >LH00406:11:22GHGVLT3:1:1102:42709:5983 -             79     0.073   12.6   0.1   1   1   4.2e-06     0.087   12.4   0.1    96   145    29    78    27    79 0.96 Protein of unknown function (DUF4056)
DUF5480              PF17576.6     71 >LH00406:11:22GHGVLT3:1:1102:10496:6175 -             55       6.9    6.9   6.8   1   1    0.0004       8.2    6.7   6.8    12    37    15    41     4    53 0.79 Family of unknown function (DUF5480)
DUF6119              PF19614.3    522 >LH00406:11:22GHGVLT3:1:1102:21739:6207 -             75   3.6e-15   55.8   0.1   1   1   1.8e-19   3.8e-15   55.7   0.1   164   236     2    75     1    75 0.92 Family of unknown function (DUF6119)
DUF4647              PF15504.10   457 >LH00406:11:22GHGVLT3:1:1102:41008:6303 -             57       0.1   11.8   0.0   1   1   4.8e-06       0.1   11.8   0.0    49    84     3    39     1    53 0.87 Domain of unknown function (DUF4647)
DUF4440              PF14534.10   107 >LH00406:11:22GHGVLT3:1:1102:31300:6624 -             58    0.0078   16.8   0.0   1   1   4.6e-07    0.0095   16.6   0.0     3    38    16    51    15    56 0.92 Domain of unknown function (DUF4440)
DUF4950              PF16308.9    191 >LH00406:11:22GHGVLT3:1:1102:11883:6688 -             66     0.027   14.4   0.1   1   1   4.5e-06     0.031   14.2   0.1    73   116    14    57     8    63 0.89 Domain of unknown function (DUF4950)
DUF5651              PF18892.4     54 >LH00406:11:22GHGVLT3:1:1102:14989:6752 -             77     0.064   13.4   2.4   1   2     4e-05      0.12   12.5   0.9    11    46    11    52    10    56 0.80 Family of unknown function (DUF5651)
DUF5651              PF18892.4     54 >LH00406:11:22GHGVLT3:1:1102:14989:6752 -             77     0.064   13.4   2.4   2   2      0.61   1.8e+03   -0.9   0.0    32    44    60    72    57    76 0.75 Family of unknown function (DUF5651)
DUF3378              PF11858.12    76 >LH00406:11:22GHGVLT3:1:1102:11245:6832 -             70      0.16   12.4   0.0   1   1   9.4e-06       0.2   12.1   0.0     2    42    18    58    17    60 0.95 Domain of unknown function (DUF3378)
DUF2375              PF09558.14    69 >LH00406:11:22GHGVLT3:1:1102:39603:6912 -             48     0.077   13.2   0.1   1   1   4.6e-06     0.096   12.9   0.1    18    45     4    29     2    31 0.86 Protein of unknown function (DUF2375)
DUF6356              PF19883.3     64 >LH00406:11:22GHGVLT3:1:1102:33140:6960 -             39      0.64   10.4   3.0   1   2     0.085   1.8e+03   -0.6   0.1    37    42     2     7     1    18 0.75 Family of unknown function (DUF6356)
DUF6356              PF19883.3     64 >LH00406:11:22GHGVLT3:1:1102:33140:6960 -             39      0.64   10.4   3.0   2   2   1.6e-05      0.33   11.4   1.0    30    46    22    38     9    39 0.84 Family of unknown function (DUF6356)
DUF5655              PF18899.4    109 >LH00406:11:22GHGVLT3:1:1102:37504:7024 -             76      0.15   12.4   0.1   1   1     8e-06      0.17   12.2   0.1    11    52    33    74    25    76 0.82 Domain of unknown function (DUF5655)
DUF2095              PF09868.13   129 >LH00406:11:22GHGVLT3:1:1102:32936:7473 -             81     0.061   13.5   0.1   1   1   4.6e-06     0.096   12.9   0.0    17    57     9    49     1    55 0.81 Uncharacterized protein conserved in archaea (DUF2095)
DUF6439              PF20035.3     92 >LH00406:11:22GHGVLT3:1:1102:32391:7681 -             68     0.031   14.8   0.4   1   1   1.6e-06     0.033   14.7   0.4    19    65     8    57     1    65 0.74 Family of unknown function (DUF6439)
DUF1732              PF08340.15    85 >LH00406:11:22GHGVLT3:1:1102:42894:7809 -             72    0.0037   17.4   0.0   1   1   8.1e-07    0.0042   17.2   0.0    10    56     8    54     2    65 0.93 Domain of unknown function (DUF1732)
DUF3309              PF11752.12    49 >LH00406:11:22GHGVLT3:1:1102:39214:7906 -             52      0.09   13.0   0.3   1   1   5.6e-06      0.12   12.7   0.3    14    34     3    23     1    25 0.89 Protein of unknown function (DUF3309)
DUF6297              PF19814.3    373 >LH00406:11:22GHGVLT3:1:1102:11143:8002 -             79      0.09   11.8   0.1   1   1   5.1e-06      0.11   11.5   0.1   157   197    11    51     3    54 0.82 Family of unknown function (DUF6297)
DUF1289              PF06945.17    48 >LH00406:11:22GHGVLT3:1:1102:41211:8034 -             58     0.094   12.8   0.2   1   1   5.8e-06      0.12   12.4   0.2    17    38    31    52    31    57 0.89 Protein of unknown function (DUF1289)
DUF4248              PF14053.10    68 >LH00406:11:22GHGVLT3:1:1102:13205:8082 -             83     0.013   15.7   0.0   1   1   3.4e-06     0.017   15.3   0.0    13    45    32    64    23    71 0.87 Domain of unknown function (DUF4248)
DUF5864              PF19182.4    136 >LH00406:11:22GHGVLT3:1:1102:13205:8082 -             83     0.072   13.5   1.8   1   2   0.00091       4.7    7.6   0.0     9    29    13    33     6    41 0.83 Family of unknown function (DUF5864)
DUF5864              PF19182.4    136 >LH00406:11:22GHGVLT3:1:1102:13205:8082 -             83     0.072   13.5   1.8   2   2    0.0037        19    5.6   0.7     5    28    39    62    35    71 0.83 Family of unknown function (DUF5864)
DUF4407              PF14362.10   297 >LH00406:11:22GHGVLT3:1:1102:34055:8194 -             41      0.18   11.3   0.7   1   1   1.9e-05      0.19   11.2   0.7    76   102    11    37     5    40 0.86 Domain of unknown function (DUF4407)
DUF3108              PF11306.12   230 >LH00406:11:22GHGVLT3:1:1102:7195:8242 -             77   1.8e-14   54.3   0.0   1   1   9.6e-19     2e-14   54.2   0.0   133   207     1    77     1    77 0.95 Protein of unknown function (DUF3108)
DUF1846              PF08903.15   333 >LH00406:11:22GHGVLT3:1:1102:51983:8402 -             50   9.5e-17   61.0   0.0   1   1   4.8e-21     1e-16   60.9   0.0    68   117     1    50     1    50 0.98 Domain of unknown function DUF1846, N-terminal
DUF6576              PF20216.2     47 >LH00406:11:22GHGVLT3:1:1102:33593:8450 -             62   6.7e-14   51.9   3.0   1   1   7.7e-18     8e-14   51.7   3.0     8    46    15    53    11    54 0.91 Family of unknown function (DUF6576)
DUF5110              PF17137.8     71 >LH00406:11:22GHGVLT3:1:1102:45122:8659 -             79   2.7e-05   24.3   2.3   1   1   4.2e-09   4.3e-05   23.7   2.3     2    24    56    79    55    79 0.95 Domain of unknown function (DUF5110)
