#                                                                                              --- full sequence --- -------------- this domain -------------   hmm coord   ali coord   env coord
# target name        accession   tlen query name                             accession   qlen   E-value  score  bias   #  of  c-Evalue  i-Evalue  score  bias  from    to  from    to  from    to  acc description of target
#------------------- ---------- -----                   -------------------- ---------- ----- --------- ------ ----- --- --- --------- --------- ------ ----- ----- ----- ----- ----- ----- ----- ---- ---------------------
HD                   PF01966.26   116 >LH00406:11:22GHGVLT3:1:1101:12326:1112 -             77   0.00085   19.8   0.0   1   1   8.2e-08   0.00085   19.8   0.0    29    52     2    29     1    68 0.74 HD domain
Cytochrom_C_2        PF01322.24   121 >LH00406:11:22GHGVLT3:1:1101:12326:1112 -             77      0.23   12.6   0.0   1   1   2.5e-05      0.26   12.4   0.0    46    84    19    57    16    70 0.87 Cytochrome C'
DUF2073              PF09846.13   105 >LH00406:11:22GHGVLT3:1:1101:7334:1144 -             89     0.013   15.6   0.0   1   1   2.2e-06     0.015   15.3   0.0    65    94    23    52     5    62 0.81 Uncharacterized protein conserved in archaea (DUF2073)
PAS_3                PF08447.16    89 >LH00406:11:22GHGVLT3:1:1101:7334:1144 -             89     0.074   13.5   0.2   1   2   7.8e-05      0.54   10.8   0.1    48    68    19    39     3    45 0.68 PAS fold
PAS_3                PF08447.16    89 >LH00406:11:22GHGVLT3:1:1101:7334:1144 -             89     0.074   13.5   0.2   2   2     0.043     3e+02    2.0   0.0    28    44    40    56    38    76 0.78 PAS fold
Ig_C17orf99          PF17736.5     95 >LH00406:11:22GHGVLT3:1:1101:7334:1144 -             89      0.12   12.6   0.1   1   1   2.3e-05      0.16   12.3   0.1    26    78    19    69     6    84 0.74 C17orf99 Ig domain
AAA-ATPase_like      PF09820.13   279 >LH00406:11:22GHGVLT3:1:1101:18993:1160 -             74   8.8e-12   45.2   0.0   1   1   4.6e-16   9.5e-12   45.1   0.0    78   149     3    74     1    74 0.95 Predicted AAA-ATPase
Sm_multidrug_ex      PF06695.15   121 >LH00406:11:22GHGVLT3:1:1101:34268:1192 -             45   1.1e-16   61.7   5.5   1   1   1.1e-20   1.2e-16   61.6   5.5    77   121     1    45     1    45 0.98 Putative small multi-drug export protein
DUF4407              PF14362.10   297 >LH00406:11:22GHGVLT3:1:1101:34268:1192 -             45      0.62    9.5   1.7   1   1   6.1e-05      0.63    9.5   1.7    24    58    12    45     5    45 0.92 Domain of unknown function (DUF4407)
Cu-oxidase_2         PF07731.18   138 >LH00406:11:22GHGVLT3:1:1101:46371:1208 -             80      0.22   11.5   0.1   1   1   1.2e-05      0.26   11.3   0.1    57    69    23    35    22    51 0.87 Multicopper oxidase
SPOCS_spoVID-N       PF20918.1    132 >LH00406:11:22GHGVLT3:1:1101:36172:1288 -             74      0.12   12.4   0.0   1   1   5.7e-06      0.12   12.4   0.0    29    68     6    44     3    64 0.81 SPOCS_spoVID-N
Na_H_antiporter      PF03553.18   303 >LH00406:11:22GHGVLT3:1:1101:8850:1304 -             45      0.02   14.3   2.0   1   1   9.7e-07      0.02   14.3   2.0   176   218     3    45     1    45 0.93 Na+/H+ antiporter family
LPAM_1               PF08139.16    18 >LH00406:11:22GHGVLT3:1:1101:11004:1320 -             82     0.002   18.6   1.8   1   1   4.1e-07    0.0029   18.2   1.8     1    17     3    19     3    19 1.00 Prokaryotic membrane lipoprotein lipid attachment site
DUF6491              PF20101.3    139 >LH00406:11:22GHGVLT3:1:1101:11004:1320 -             82     0.092   13.0   0.0   1   1   1.5e-05       0.1   12.8   0.0     2    41     3    41     2    65 0.69 Family of unknown function (DUF6491)
DUF6319              PF19844.3    116 >LH00406:11:22GHGVLT3:1:1101:11004:1320 -             82      0.15   12.6   0.0   1   1   2.5e-05      0.17   12.3   0.0    35    62    12    39     1    44 0.86 Family of unknown function (DUF6319)
OmpH                 PF03938.18   141 >LH00406:11:22GHGVLT3:1:1101:9238:1336 -             39    0.0014   19.1   0.0   1   1   6.6e-08    0.0014   19.1   0.0    96   130     3    38     1    39 0.88 Outer membrane protein (OmpH-like)
FAR1                 PF03101.19    90 >LH00406:11:22GHGVLT3:1:1101:43144:1352 -             66     0.068   14.1   0.1   1   1   3.9e-06     0.081   13.9   0.1     7    43    12    49     9    60 0.80 FAR1 DNA-binding domain
DUF2179              PF10035.13    55 >LH00406:11:22GHGVLT3:1:1101:20916:1385 -             52   0.00075   19.5   0.1   1   1   4.9e-08     0.001   19.1   0.1    36    55     1    20     1    20 0.97 Uncharacterized protein conserved in bacteria (DUF2179)
DUF3675              PF12428.12   119 >LH00406:11:22GHGVLT3:1:1101:39408:1385 -             65     0.058   14.1   3.3   1   1   2.5e-06     0.052   14.3   2.7    77   112    27    62    14    64 0.85 Protein of unknown function (DUF3675)
QRPTase_N            PF02749.20    88 >LH00406:11:22GHGVLT3:1:1101:49644:1401 -             70   7.4e-16   58.1   0.0   1   1   7.5e-20   7.8e-16   58.1   0.0    11    75     4    70     1    70 0.97 Quinolinate phosphoribosyl transferase, N-terminal domain
Biotin_lipoyl_2      PF13533.10    50 >LH00406:11:22GHGVLT3:1:1101:49644:1401 -             70     0.043   13.8   0.2   1   1   6.5e-06     0.068   13.1   0.2    14    29    42    57    42    64 0.91 Biotin-lipoyl like
TNFR_16_TM           PF18422.5     38 >LH00406:11:22GHGVLT3:1:1101:6640:1449 -             49     0.034   14.5   0.0   1   1   2.4e-06      0.05   14.0   0.0     3    26    11    34    10    40 0.91 Tumor necrosis factor receptor member 16 trans-membrane domain
SusD_RagB            PF07980.15   295 >LH00406:11:22GHGVLT3:1:1101:44263:1465 -             45    0.0061   16.4   0.1   1   1   3.2e-07    0.0066   16.3   0.1   222   256     1    35     1    44 0.80 SusD family
VapE-like_dom        PF05272.15   217 >LH00406:11:22GHGVLT3:1:1101:49792:1465 -             71   3.8e-05   23.4   0.0   1   1   2.1e-09   4.3e-05   23.2   0.0     2    66     6    71     5    71 0.86 Virulence-associated protein E-like domain
SNAPC1               PF09808.13   191 >LH00406:11:22GHGVLT3:1:1101:8101:1481 -             63     0.078   13.2   0.3   1   1   4.4e-06     0.092   13.0   0.3    29    81     7    59     4    62 0.94 Small nuclear RNA activating complex (SNAPc), subunit 1
Peptidase_C5         PF00770.22   179 >LH00406:11:22GHGVLT3:1:1101:21203:1497 -             52     0.094   12.6   0.5   1   1   4.3e-06     0.089   12.7   0.5    78   120    10    51     1    52 0.82 Adenovirus endoprotease
Myco_19_kDa          PF05481.16   117 >LH00406:11:22GHGVLT3:1:1101:24051:1497 -             68     0.015   15.8   0.9   1   1   1.1e-06     0.022   15.2   0.7    59    95    26    63    17    66 0.88 Mycobacterium 19 kDa lipoprotein antigen
Toprim_2             PF13155.10    88 >LH00406:11:22GHGVLT3:1:1101:24411:1513 -             63   1.4e-06   28.8   0.0   1   1     2e-10   1.4e-06   28.8   0.0    21    76     4    58     1    63 0.85 Toprim-like
Baculo_IE-1          PF05290.15   141 >LH00406:11:22GHGVLT3:1:1101:24411:1513 -             63     0.026   14.7   0.2   1   1   4.4e-06      0.03   14.5   0.2    12    60    12    61     5    62 0.85 Baculovirus immediate-early protein (IE-0)
Toprim               PF01751.26    96 >LH00406:11:22GHGVLT3:1:1101:24411:1513 -             63     0.045   14.1   0.0   1   1     7e-06     0.049   14.0   0.0    45    84    13    52     6    62 0.73 Toprim domain
MBOAT                PF03062.23   337 >LH00406:11:22GHGVLT3:1:1101:22312:1529 -             77   3.4e-05   23.5   6.6   1   1   3.8e-09   3.9e-05   23.3   6.6   266   334     1    66     1    73 0.76 MBOAT, membrane-bound O-acyltransferase family
DUF6450              PF20048.3     68 >LH00406:11:22GHGVLT3:1:1101:22312:1529 -             77     0.027   14.5   0.1   1   1   4.6e-06     0.047   13.7   0.1    52    66    20    34     9    36 0.84 Domain of unknown function (DUF6450)
Fer2                 PF00111.31    77 >LH00406:11:22GHGVLT3:1:1101:13011:1561 -             72    0.0065   16.6   0.1   1   1   3.1e-07    0.0065   16.6   0.1    26    50    22    46     3    64 0.81 2Fe-2S iron-sulfur cluster binding domain
zf-AD                PF07776.19    75 >LH00406:11:22GHGVLT3:1:1101:2350:1577 -             82       3.9    8.0   9.2   1   2     0.001        21    5.7   2.7    48    68     4    24     1    31 0.84 Zinc-finger associated domain (zf-AD)
zf-AD                PF07776.19    75 >LH00406:11:22GHGVLT3:1:1101:2350:1577 -             82       3.9    8.0   9.2   2   2   0.00049        10    6.7   0.2    41    55    58    72    47    74 0.84 Zinc-finger associated domain (zf-AD)
Read-through         PF16814.9    182 >LH00406:11:22GHGVLT3:1:1101:45723:1593 -             70      0.11   12.4   0.0   1   1   5.9e-06      0.12   12.3   0.0    16    35    25    45    18    64 0.81 Read-through domain
IPPT                 PF01715.21   243 >LH00406:11:22GHGVLT3:1:1101:18577:1625 -             77   3.5e-18   66.4   0.0   1   1   1.7e-22   3.6e-18   66.3   0.0    85   158     1    75     1    77 0.91 IPP transferase
DUF2229              PF09989.13   218 >LH00406:11:22GHGVLT3:1:1101:17384:1673 -             87   3.9e-15   56.3   0.0   1   1     2e-19   4.2e-15   56.1   0.0     1    74    14    87    14    87 0.89 CoA enzyme activase uncharacterised domain (DUF2229)
RNase_P-MRP_p29      PF01868.20    84 >LH00406:11:22GHGVLT3:1:1101:14435:1689 -             88    0.0078   16.3   0.1   1   1   4.6e-07    0.0097   16.0   0.1    13    57    33    77    21    84 0.80 Ribonuclease P/MRP, subunit p29
Pribosyl_synth       PF14572.10   184 >LH00406:11:22GHGVLT3:1:1101:2572:1705 -             52   4.1e-09   36.8   0.0   1   1   2.1e-13   4.4e-09   36.7   0.0   120   173     2    52     1    52 0.97 Phosphoribosyl synthetase-associated domain
GDP_Man_Dehyd        PF16363.9    332 >LH00406:11:22GHGVLT3:1:1101:47878:1705 -             89   1.6e-05   24.8   0.0   1   1   1.3e-08     2e-05   24.4   0.0     1    61    32    86    32    88 0.82 GDP-mannose 4,6 dehydratase
Epimerase            PF01370.25   240 >LH00406:11:22GHGVLT3:1:1101:47878:1705 -             89   2.4e-05   24.1   0.0   1   1   1.9e-08   2.9e-05   23.8   0.0     1    50    31    86    31    88 0.76 NAD dependent epimerase/dehydratase family
NAD_binding_4        PF07993.16   258 >LH00406:11:22GHGVLT3:1:1101:47878:1705 -             89    0.0015   17.9   0.0   1   1   1.2e-06    0.0018   17.6   0.0     1    49    33    78    33    86 0.81 Male sterility protein
3Beta_HSD            PF01073.23   280 >LH00406:11:22GHGVLT3:1:1101:47878:1705 -             89    0.0055   16.0   0.0   1   1   4.6e-06    0.0069   15.6   0.0     1    54    32    86    32    88 0.79 3-beta hydroxysteroid dehydrogenase/isomerase family
adh_short            PF00106.29   195 >LH00406:11:22GHGVLT3:1:1101:47878:1705 -             89    0.0087   15.7   0.0   1   1   6.8e-06      0.01   15.5   0.0     3    59    31    87    29    89 0.88 short chain dehydrogenase
Semialdhyde_dh       PF01118.28   121 >LH00406:11:22GHGVLT3:1:1101:47878:1705 -             89     0.036   14.7   0.0   1   1     3e-05     0.045   14.4   0.0     2    46    31    77    30    87 0.85 Semialdehyde dehydrogenase, NAD binding domain
ATP-synt             PF00231.23   285 >LH00406:11:22GHGVLT3:1:1101:47878:1705 -             89     0.052   13.5   0.0   1   1   3.5e-05     0.052   13.5   0.0    71   137    25    81     2    89 0.70 ATP synthase
NmrA                 PF05368.17   236 >LH00406:11:22GHGVLT3:1:1101:47878:1705 -             89     0.065   12.8   0.0   1   1   5.2e-05     0.077   12.6   0.0     1    36    31    69    31    80 0.86 NmrA-like family
Polysacc_synt_2      PF02719.19   293 >LH00406:11:22GHGVLT3:1:1101:47878:1705 -             89     0.074   12.4   0.0   1   1   5.3e-05     0.079   12.3   0.0     1    34    31    64    31    87 0.79 Polysaccharide biosynthesis protein
Glyco_trans_1_3      PF13528.10   322 >LH00406:11:22GHGVLT3:1:1101:47878:1705 -             89       0.1   11.9   0.0   1   1   6.9e-05       0.1   11.9   0.0   209   249    44    82     9    87 0.84 Glycosyl transferase family 1
Sacchrp_dh_NADP      PF03435.22   130 >LH00406:11:22GHGVLT3:1:1101:47878:1705 -             89      0.12   12.9   0.0   1   1    0.0001      0.15   12.6   0.0     1    56    31    86    31    88 0.80 Saccharopine dehydrogenase NADP binding domain
ThiF                 PF00899.25   219 >LH00406:11:22GHGVLT3:1:1101:47878:1705 -             89      0.19   11.1   0.0   1   1   0.00013       0.2   11.0   0.0    16    50    24    59    10    78 0.87 ThiF family
KR                   PF08659.14   180 >LH00406:11:22GHGVLT3:1:1101:47878:1705 -             89      0.21   11.7   0.0   1   1   0.00015      0.23   11.6   0.0     3    63    31    87    29    89 0.73 KR domain
DUF3842              PF12953.11   130 >LH00406:11:22GHGVLT3:1:1101:47878:1705 -             89      0.25   12.0   0.0   1   1   0.00021      0.32   11.6   0.0     4    46    32    74    30    80 0.90 Domain of unknown function (DUF3842)
ABC_tran_Xtn         PF12848.11    85 >LH00406:11:22GHGVLT3:1:1101:26834:1737 -             77     0.067   13.5   0.1   1   1   4.1e-06     0.084   13.2   0.1    41    77    31    69    28    76 0.82 ABC transporter
RseC_MucC            PF04246.16   130 >LH00406:11:22GHGVLT3:1:1101:47018:1753 -             74      0.14   12.3   0.1   1   1   9.3e-06      0.19   11.8   0.1    15    29    18    39    16    57 0.72 Positive regulator of sigma(E), RseC/MucC
Asp_Glu_race         PF01177.26   211 >LH00406:11:22GHGVLT3:1:1101:4957:1801 -             44   6.1e-05   23.1   0.0   1   1   3.3e-09   6.8e-05   23.0   0.0   172   201     7    38     2    42 0.85 Asp/Glu/Hydantoin racemase
Phage_capsid         PF05065.17   280 >LH00406:11:22GHGVLT3:1:1101:18642:1801 -             85   1.3e-11   44.6   0.0   1   1   6.4e-16   1.3e-11   44.6   0.0   157   238     9    85     1    85 0.85 Phage capsid family
DXP_synthase_N       PF13292.10   274 >LH00406:11:22GHGVLT3:1:1101:26066:1817 -             62   6.5e-17   61.9   0.1   1   1   3.3e-21   6.9e-17   61.8   0.1   148   207     1    60     1    62 0.96 1-deoxy-D-xylulose-5-phosphate synthase
DUF5673              PF18923.4     66 >LH00406:11:22GHGVLT3:1:1101:49024:1833 -             64     0.024   14.8   0.2   1   1   1.2e-06     0.024   14.8   0.2     4    37     2    40     1    64 0.76 Domain of unknown function (DUF5673)
ACR_tran             PF00873.23  1021 >LH00406:11:22GHGVLT3:1:1101:19317:1849 -             52   1.7e-07   29.5   0.0   1   1   8.5e-12   1.8e-07   29.5   0.0   245   293     2    51     1    52 0.93 AcrB/AcrD/AcrF family
FMN_bind             PF04205.18    77 >LH00406:11:22GHGVLT3:1:1101:35479:1849 -             56   3.3e-09   37.5   0.1   1   1   3.3e-13   3.5e-09   37.4   0.1    25    77     2    55     1    55 0.74 FMN-binding domain
DUF2271              PF10029.13   136 >LH00406:11:22GHGVLT3:1:1101:35479:1849 -             56      0.07   13.0   0.0   1   1   7.9e-06     0.082   12.8   0.0    49    73    17    42    10    46 0.87 Predicted periplasmic protein (DUF2271)
Thy1                 PF02511.19   191 >LH00406:11:22GHGVLT3:1:1101:34721:1913 -             83    0.0011   19.0   0.0   1   1     7e-08    0.0014   18.6   0.0    12    59    40    81    36    83 0.83 Thymidylate synthase complementing protein
DUF5835              PF19153.4     53 >LH00406:11:22GHGVLT3:1:1101:21471:1929 -             84      0.25   11.6   5.9   1   1   1.9e-05       0.4   10.9   5.9     2    38    38    73    37    82 0.86 Family of unknown function (DUF5835)
TPR_19               PF14559.10    68 >LH00406:11:22GHGVLT3:1:1101:27536:1929 -             69     0.052   14.1   0.0   1   2     0.046   9.7e+02    0.4   0.0    43    67    13    37     6    38 0.67 Tetratricopeptide repeat
TPR_19               PF14559.10    68 >LH00406:11:22GHGVLT3:1:1101:27536:1929 -             69     0.052   14.1   0.0   2   2   1.4e-05      0.29   11.7   0.0    11    29    50    68    46    69 0.88 Tetratricopeptide repeat
Phytoreo_S7          PF07236.15   521 >LH00406:11:22GHGVLT3:1:1101:28553:1929 -             79     0.074   11.6   0.0   1   1   3.6e-06     0.074   11.6   0.0   374   404    42    72    16    76 0.92 Phytoreovirus S7 protein
TusA                 PF01206.21    70 >LH00406:11:22GHGVLT3:1:1101:33103:1929 -             85   2.5e-06   27.4   0.0   1   1   3.4e-10   3.5e-06   27.0   0.0    28    70     1    44     1    44 0.96 Sulfurtransferase TusA
Thioredoxin          PF00085.24   103 >LH00406:11:22GHGVLT3:1:1101:33103:1929 -             85      0.12   12.6   0.0   1   1   2.2e-05      0.22   11.7   0.0     7    30    61    84    56    85 0.89 Thioredoxin
Cecropin             PF00272.23    30 >LH00406:11:22GHGVLT3:1:1101:50818:1929 -             68      0.49   10.4   1.3   1   1   4.1e-05      0.85    9.6   1.3     2    11    40    49    40    49 0.94 Cecropin family
Lipase_GDSL_2        PF13472.10   177 >LH00406:11:22GHGVLT3:1:1101:11661:1945 -             65    0.0015   19.2   0.0   1   1   7.4e-08    0.0015   19.2   0.0   119   157     6    43     1    65 0.79 GDSL-like Lipase/Acylhydrolase family
TPR_19               PF14559.10    68 >LH00406:11:22GHGVLT3:1:1101:23385:1945 -             69     0.052   14.1   0.0   1   2     0.046   9.7e+02    0.4   0.0    43    67    13    37     6    38 0.67 Tetratricopeptide repeat
TPR_19               PF14559.10    68 >LH00406:11:22GHGVLT3:1:1101:23385:1945 -             69     0.052   14.1   0.0   2   2   1.4e-05      0.29   11.7   0.0    11    29    50    68    46    69 0.88 Tetratricopeptide repeat
DUF982               PF06169.16    73 >LH00406:11:22GHGVLT3:1:1101:25382:2041 -             82      0.02   15.1   0.0   1   2   2.2e-06     0.045   14.0   0.0    40    70    12    42     8    45 0.88 Protein of unknown function (DUF982)
DUF982               PF06169.16    73 >LH00406:11:22GHGVLT3:1:1101:25382:2041 -             82      0.02   15.1   0.0   2   2      0.15   3.1e+03   -1.5   0.0    11    23    56    68    50    69 0.67 Protein of unknown function (DUF982)
ZSWIM1-3_RNaseH-like PF21056.1    128 >LH00406:11:22GHGVLT3:1:1101:42626:2090 -             73       0.2   11.8   0.0   1   1   9.4e-06       0.2   11.8   0.0    33    65     8    39     2    65 0.89 Zinc finger SWIM domain-containing protein 1/3, RNaseH-like domain
HNH                  PF01844.27    47 >LH00406:11:22GHGVLT3:1:1101:25909:2154 -             46   3.5e-08   33.7   1.3   1   1     9e-12   3.7e-08   33.6   1.3     4    45     2    43     1    45 0.83 HNH endonuclease
HNH_5                PF14279.10    56 >LH00406:11:22GHGVLT3:1:1101:25909:2154 -             46    0.0042   17.2   2.0   1   1   4.4e-06     0.018   15.1   2.0     4    45     2    44     1    46 0.73 HNH endonuclease
YecM                 PF06185.16   180 >LH00406:11:22GHGVLT3:1:1101:25909:2154 -             46     0.049   13.6   0.1   1   1   1.2e-05      0.05   13.5   0.1    28    56     8    36     4    43 0.91 YecM protein
zf-C2HE              PF16278.9     63 >LH00406:11:22GHGVLT3:1:1101:25909:2154 -             46     0.058   14.0   0.4   1   1   1.6e-05     0.065   13.8   0.4    22    48    18    43     3    44 0.75 C2HE / C2H2 / C2HC zinc-binding finger
HNH_4                PF13395.10    54 >LH00406:11:22GHGVLT3:1:1101:25909:2154 -             46     0.086   13.0   0.7   1   1   3.6e-05      0.15   12.2   0.7    16    51     8    45     3    46 0.83 HNH endonuclease
H_PPase              PF03030.20   645 >LH00406:11:22GHGVLT3:1:1101:7463:2170 -             79   1.8e-09   37.0   0.1   1   1   4.9e-13     2e-09   36.8   0.1     1    44    36    79    36    79 0.98 Inorganic H+ pyrophosphatase
DUF5775              PF19084.4     81 >LH00406:11:22GHGVLT3:1:1101:7463:2170 -             79    0.0049   17.4   0.0   1   1   1.5e-06    0.0063   17.0   0.0     9    47    30    68    28    75 0.91 Family of unknown function (DUF5775)
DUF2474              PF10617.13    39 >LH00406:11:22GHGVLT3:1:1101:7463:2170 -             79     0.049   13.9   2.5   1   1     2e-05     0.082   13.2   2.5     9    33    29    51    26    52 0.88 Protein of unknown function (DUF2474)
FixS                 PF03597.19    44 >LH00406:11:22GHGVLT3:1:1101:7463:2170 -             79     0.094   12.7   2.7   1   1   3.4e-05      0.14   12.1   2.7     3    25    27    49    26    52 0.91 Cytochrome oxidase maturation protein cbb3-type
DUF3928              PF13065.10    95 >LH00406:11:22GHGVLT3:1:1101:7463:2170 -             79     0.098   13.6   0.1   1   1   2.8e-05      0.12   13.3   0.1    43    77    41    75    35    79 0.81 Protein of unknown function (DUF3928)
LPAM_1               PF08139.16    18 >LH00406:11:22GHGVLT3:1:1101:39769:2170 -             69      0.17   12.6   1.0   1   2   8.2e-06      0.17   12.6   1.0     1    15    22    37    22    37 0.98 Prokaryotic membrane lipoprotein lipid attachment site
LPAM_1               PF08139.16    18 >LH00406:11:22GHGVLT3:1:1101:39769:2170 -             69      0.17   12.6   1.0   2   2      0.41   8.6e+03   -2.2   0.4    14    17    38    41    38    41 0.92 Prokaryotic membrane lipoprotein lipid attachment site
DUF4969              PF16339.9     79 >LH00406:11:22GHGVLT3:1:1101:25105:2202 -             83     0.089   13.4   0.0   1   1   5.6e-06      0.12   13.0   0.0     8    29    60    81    52    83 0.89 Domain of unknown function (DUF4969)
GTP_EFTU             PF00009.31   188 >LH00406:11:22GHGVLT3:1:1101:9886:2234 -             46   3.9e-13   49.6   0.2   1   1   2.1e-17   4.3e-13   49.5   0.2    68   107     6    45     2    46 0.94 Elongation factor Tu GTP binding domain
zf_C2H2_6            PF18450.5     28 >LH00406:11:22GHGVLT3:1:1101:41470:2234 -             46      0.78    9.9   0.3   1   3      0.31   3.2e+03   -1.7   0.1     8    10     2     4     1     8 0.76 Zinc Finger domain
zf_C2H2_6            PF18450.5     28 >LH00406:11:22GHGVLT3:1:1101:41470:2234 -             46      0.78    9.9   0.3   2   3   7.5e-05      0.78    9.9   0.3     5    12    15    22    14    25 0.92 Zinc Finger domain
zf_C2H2_6            PF18450.5     28 >LH00406:11:22GHGVLT3:1:1101:41470:2234 -             46      0.78    9.9   0.3   3   3      0.17   1.8e+03   -0.9   4.6     5     9    38    42    33    46 0.80 Zinc Finger domain
zf-C2H2_11           PF16622.9     29 >LH00406:11:22GHGVLT3:1:1101:41470:2234 -             46       4.3    7.3  10.3   1   2   0.00017       1.7    8.6   0.4     4    15    12    23    10    24 0.92 zinc-finger C2H2-type
zf-C2H2_11           PF16622.9     29 >LH00406:11:22GHGVLT3:1:1101:41470:2234 -             46       4.3    7.3  10.3   2   2     0.011   1.1e+02    2.8   4.2     7    15    38    46    32    46 0.90 zinc-finger C2H2-type
AAA_31               PF13614.10   177 >LH00406:11:22GHGVLT3:1:1101:30061:2266 -             76    0.0009   19.4   0.0   1   1   4.7e-08   0.00098   19.3   0.0   111   135    52    76     3    76 0.70 AAA domain
Sigma70_r4_2         PF08281.16    54 >LH00406:11:22GHGVLT3:1:1101:38077:2282 -             88   9.5e-08   31.8   0.0   1   1   6.5e-11   1.3e-07   31.3   0.0    26    54     1    29     1    29 0.96 Sigma-70, region 4
Sigma70_r4           PF04545.20    50 >LH00406:11:22GHGVLT3:1:1101:38077:2282 -             88   4.8e-05   23.0   0.0   1   1     3e-08   6.3e-05   22.6   0.0    20    50     1    31     1    31 0.96 Sigma-70, region 4
HTH_24               PF13412.10    48 >LH00406:11:22GHGVLT3:1:1101:38077:2282 -             88   0.00032   20.4   0.0   1   1   2.7e-07   0.00056   19.6   0.0    17    38     1    22     1    22 0.96 Winged helix-turn-helix DNA-binding
HTH_28               PF13518.10    52 >LH00406:11:22GHGVLT3:1:1101:38077:2282 -             88    0.0044   17.2   0.0   1   2     1e-05     0.022   15.0   0.0    12    34     1    24     1    27 0.84 Helix-turn-helix domain
HTH_28               PF13518.10    52 >LH00406:11:22GHGVLT3:1:1101:38077:2282 -             88    0.0044   17.2   0.0   2   2      0.37   7.7e+02    0.5   0.0     3    17    26    41    26    56 0.81 Helix-turn-helix domain
HTH_23               PF13384.10    50 >LH00406:11:22GHGVLT3:1:1101:38077:2282 -             88     0.012   15.6   0.0   1   1   8.5e-06     0.018   15.1   0.0    17    36     1    20     1    32 0.89 Homeodomain-like domain
HTH_3                PF01381.26    55 >LH00406:11:22GHGVLT3:1:1101:38077:2282 -             88     0.027   14.7   0.5   1   2   2.2e-05     0.047   13.9   0.0     9    28     1    20     1    23 0.96 Helix-turn-helix
HTH_3                PF01381.26    55 >LH00406:11:22GHGVLT3:1:1101:38077:2282 -             88     0.027   14.7   0.5   2   2       2.7   5.7e+03   -2.3   0.3     1     8    26    33    26    35 0.77 Helix-turn-helix
HTH_10               PF04967.16    53 >LH00406:11:22GHGVLT3:1:1101:38077:2282 -             88     0.077   13.0   0.0   1   1   4.8e-05       0.1   12.7   0.0    25    46     3    24     1    31 0.86 HTH DNA binding domain
NUMOD1               PF07453.17    37 >LH00406:11:22GHGVLT3:1:1101:38077:2282 -             88     0.084   13.4   0.0   1   1     6e-05      0.12   12.8   0.0    18    37     3    22     2    22 0.97 NUMOD1 domain
HTH_20               PF12840.11    51 >LH00406:11:22GHGVLT3:1:1101:38077:2282 -             88     0.087   13.0   0.0   1   1     6e-05      0.12   12.5   0.0    18    39     1    22     1    27 0.91 Helix-turn-helix domain
HTH_5                PF01022.24    47 >LH00406:11:22GHGVLT3:1:1101:38077:2282 -             88      0.13   12.4   0.0   1   1    0.0001      0.22   11.6   0.0    19    36     5    22     2    32 0.81 Bacterial regulatory protein, arsR family
DUF2681              PF10883.12    90 >LH00406:11:22GHGVLT3:1:1101:13547:2298 -             87      0.78   10.4   6.4   1   1     5e-05         1   10.0   6.4    24    67    37    84    29    87 0.71 Protein of unknown function (DUF2681)
Glyco_hydro_62       PF03664.17   272 >LH00406:11:22GHGVLT3:1:1101:9460:2330 -             78     0.041   13.4   0.0   1   1   2.2e-06     0.045   13.3   0.0   100   157    16    71    10    77 0.91 Glycosyl hydrolase family 62
TetR_N               PF00440.27    47 >LH00406:11:22GHGVLT3:1:1101:47628:2330 -             78    0.0014   18.5   0.1   1   2   6.8e-07    0.0028   17.6   0.0    30    47     2    19     1    19 0.91 Bacterial regulatory proteins, tetR family
TetR_N               PF00440.27    47 >LH00406:11:22GHGVLT3:1:1101:47628:2330 -             78    0.0014   18.5   0.1   2   2         2   8.4e+03   -3.1   0.0     5    11    42    48    41    49 0.79 Bacterial regulatory proteins, tetR family
Retrotran_gag_4      PF17241.6    154 >LH00406:11:22GHGVLT3:1:1101:47628:2330 -             78     0.073   13.0   0.0   1   1   2.1e-05     0.088   12.8   0.0    84   131    19    64    13    71 0.74 Ty5 Gag N-terminal region
T4_Rnl1_C            PF20819.1    122 >LH00406:11:22GHGVLT3:1:1101:47628:2330 -             78      0.09   13.3   0.0   1   1   2.6e-05      0.11   13.0   0.0     7    57    12    65     7    70 0.79 T4 RNA ligase 1, C-terminal domain
GBP_C                PF02841.18   297 >LH00406:11:22GHGVLT3:1:1101:47628:2330 -             78      0.12   12.0   0.0   1   1   3.1e-05      0.13   11.8   0.0    55   100    15    61     8    69 0.83 Guanylate-binding protein, C-terminal domain
B56                  PF01603.24   413 >LH00406:11:22GHGVLT3:1:1101:47628:2330 -             78      0.12   11.5   0.0   1   1   3.2e-05      0.13   11.3   0.0   293   342    13    62     5    73 0.92 Protein phosphatase 2A regulatory B subunit (B56 family)
DegT_DnrJ_EryC1      PF01041.21   360 >LH00406:11:22GHGVLT3:1:1101:4957:2378 -             45    0.0031   17.0   0.0   1   1   1.5e-07    0.0031   17.0   0.0   317   356    10    45     1    45 0.79 DegT/DnrJ/EryC1/StrS aminotransferase family
PglD_N               PF17836.5     78 >LH00406:11:22GHGVLT3:1:1101:8258:2458 -             85   2.2e-08   34.7   0.4   1   1   1.2e-12   2.5e-08   34.6   0.4     2    39    41    77    40    85 0.84 PglD N-terminal domain
DUF4494              PF14902.10   139 >LH00406:11:22GHGVLT3:1:1101:36274:2522 -             84   1.3e-28   99.8   0.7   1   1   6.8e-33   1.4e-28   99.7   0.7    60   139     2    81     1    81 0.98 Domain of unknown function (DUF4494)
Gpi1                 PF05024.19   265 >LH00406:11:22GHGVLT3:1:1101:43856:2522 -             88     0.026   14.2   0.3   1   1   2.6e-06     0.027   14.1   0.3   200   249    19    67    12    81 0.80 N-acetylglucosaminyl transferase component (Gpi1)
DUF3566              PF12089.12   118 >LH00406:11:22GHGVLT3:1:1101:43856:2522 -             88     0.046   14.3   0.2   1   1     5e-06     0.052   14.1   0.2    11    45    10    44     2    61 0.82 Transmembrane domain of unknown function (DUF3566)
SusD_RagB            PF07980.15   295 >LH00406:11:22GHGVLT3:1:1101:17514:2538 -             69   6.2e-08   32.8   0.2   1   1   3.2e-12   6.7e-08   32.7   0.2   187   242     2    62     1    67 0.84 SusD family
IMS_C                PF11799.12   109 >LH00406:11:22GHGVLT3:1:1101:31614:2586 -             63   3.1e-05   24.5   0.0   1   1   1.7e-09   3.6e-05   24.3   0.0     1    45    19    63    19    63 0.98 impB/mucB/samB family C-terminal domain
DUF5401              PF17380.6    721 >LH00406:11:22GHGVLT3:1:1101:16626:2602 -             64      0.16   10.3   0.0   1   1   7.7e-06      0.16   10.2   0.0   188   239     3    50     1    59 0.86 Family of unknown function (DUF5401)
YqeC                 PF19842.3    145 >LH00406:11:22GHGVLT3:1:1101:4227:2618 -             72      0.15   12.5   0.2   1   1   8.2e-06      0.17   12.3   0.2     8    60    12    60    11    71 0.73 YqeC protein
SNARE_assoc          PF09335.15   123 >LH00406:11:22GHGVLT3:1:1101:29090:2634 -             74   0.00059   20.5   0.5   1   2      0.51   5.3e+03   -2.0   0.1     6    13     9    16     3    27 0.51 SNARE associated Golgi protein
SNARE_assoc          PF09335.15   123 >LH00406:11:22GHGVLT3:1:1101:29090:2634 -             74   0.00059   20.5   0.5   2   2   5.6e-08   0.00059   20.5   0.5     1    40    28    74    28    74 0.89 SNARE associated Golgi protein
Osw5                 PF17062.9     70 >LH00406:11:22GHGVLT3:1:1101:29090:2634 -             74     0.073   13.4   1.5   1   2   7.1e-06     0.073   13.4   1.5     6    37     8    40     6    42 0.91 Outer spore wall 5
Osw5                 PF17062.9     70 >LH00406:11:22GHGVLT3:1:1101:29090:2634 -             74     0.073   13.4   1.5   2   2      0.24   2.5e+03   -1.2   0.2    12    20    54    62    49    64 0.54 Outer spore wall 5
SBP_bac_3            PF00497.24   214 >LH00406:11:22GHGVLT3:1:1101:46925:2650 -             62   9.5e-10   38.6   0.3   1   2       0.5     1e+04   -4.0   0.0   195   203     5    13     4    13 0.77 Bacterial extracellular solute-binding proteins, family 3
SBP_bac_3            PF00497.24   214 >LH00406:11:22GHGVLT3:1:1101:46925:2650 -             62   9.5e-10   38.6   0.3   2   2   5.7e-14   1.2e-09   38.3   0.1     1    45    14    62    14    62 0.89 Bacterial extracellular solute-binding proteins, family 3
Sos7                 PF20882.1     75 >LH00406:11:22GHGVLT3:1:1101:37356:2666 -             83      0.18   12.2   4.7   1   1   1.1e-05      0.23   11.8   4.7    37    74    45    82    40    83 0.83 Kinetochore protein Sos7
Lipase3_N            PF03893.20    76 >LH00406:11:22GHGVLT3:1:1101:23635:2698 -             79     0.069   13.4   0.0   1   1     7e-06     0.073   13.3   0.0    19    54    40    74    21    78 0.77 Lipase 3 N-terminal region
Nitr_red_alph_N      PF14710.10    38 >LH00406:11:22GHGVLT3:1:1101:23635:2698 -             79      0.12   12.9   0.1   1   1   1.7e-05      0.18   12.4   0.1     6    24    42    60    40    64 0.89 Respiratory nitrate reductase alpha N-terminal
Caps_synth           PF05704.16   278 >LH00406:11:22GHGVLT3:1:1101:16136:2714 -             64   1.8e-28   99.9   0.2   1   1   1.8e-32   1.9e-28   99.8   0.2    82   144     1    64     1    64 0.97 Capsular polysaccharide synthesis protein
Gly_transf_sug       PF04488.19    93 >LH00406:11:22GHGVLT3:1:1101:16136:2714 -             64   0.00021   22.1   0.0   1   1   2.3e-08   0.00024   22.0   0.0    32    79     7    55     2    61 0.80 Glycosyltransferase sugar-binding region containing DXD motif
PfkB                 PF00294.28   302 >LH00406:11:22GHGVLT3:1:1101:32113:2746 -             74     5e-12   45.9   0.0   1   1   2.5e-16   5.1e-12   45.9   0.0   233   295     2    64     1    71 0.89 pfkB family carbohydrate kinase
Thioredoxin_13       PF18401.5    136 >LH00406:11:22GHGVLT3:1:1101:48987:2794 -             66      0.17   11.9   0.0   1   1   9.1e-06      0.19   11.8   0.0    90   122    23    55    13    60 0.87 Thioredoxin-like domain
BRE1                 PF08647.15    95 >LH00406:11:22GHGVLT3:1:1101:17671:2811 -             65    0.0073   16.6   4.3   1   1   2.5e-06    0.0088   16.3   4.3    10    65     6    61     2    63 0.86 BRE1 E3 ubiquitin ligase
Cep57_CLD_2          PF14197.10    67 >LH00406:11:22GHGVLT3:1:1101:17671:2811 -             65     0.047   14.0   5.1   1   1   2.1e-05     0.073   13.4   4.7    21    57    24    60     5    62 0.87 Centrosome localisation domain of PPC89
TMF_TATA_bd          PF12325.12   115 >LH00406:11:22GHGVLT3:1:1101:17671:2811 -             65      0.05   13.9   5.4   1   1   1.6e-05     0.055   13.8   5.4    16    68    10    62     1    64 0.84 TATA element modulatory factor 1 TATA binding
RAG1                 PF12940.11   653 >LH00406:11:22GHGVLT3:1:1101:17671:2811 -             65     0.077   11.3   0.5   1   1   2.4e-05     0.082   11.2   0.5   410   468     3    61     1    64 0.96 Recombination-activation protein 1 (RAG1), recombinase
DUF5930              PF19353.3    320 >LH00406:11:22GHGVLT3:1:1101:17671:2811 -             65     0.091   12.0   2.6   1   1   2.4e-05     0.085   12.1   2.6   177   219    18    60     1    64 0.64 Family of unknown function (DUF5930)
APG6_N               PF17675.5    132 >LH00406:11:22GHGVLT3:1:1101:17671:2811 -             65      0.12   13.0   5.2   1   1   4.1e-05      0.14   12.8   5.2    36    80    21    61     1    63 0.67 Apg6 coiled-coil region
CarbopepD_reg_2      PF13715.10    88 >LH00406:11:22GHGVLT3:1:1101:14573:2827 -             61   3.2e-11   43.3   0.8   1   1   7.6e-15     4e-11   43.0   0.8     2    45    18    60    17    61 0.92 CarboxypepD_reg-like domain
CarboxypepD_reg      PF13620.10    82 >LH00406:11:22GHGVLT3:1:1101:14573:2827 -             61     2e-08   34.7   0.9   1   1   4.7e-12   2.5e-08   34.4   0.9     3    49    18    60    16    61 0.96 Carboxypeptidase regulatory-like domain
CooC_C               PF15976.9     93 >LH00406:11:22GHGVLT3:1:1101:14573:2827 -             61   0.00055   20.1   0.4   1   1   1.1e-07   0.00058   20.1   0.4    12    58    10    58     4    61 0.82 CS1-pili formation C-terminal
Big_1                PF02369.20    64 >LH00406:11:22GHGVLT3:1:1101:14573:2827 -             61     0.036   14.3   1.0   1   1   1.3e-05     0.069   13.4   1.0     8    49    16    52    10    60 0.82 Bacterial Ig-like domain (group 1)
fn3                  PF00041.25    85 >LH00406:11:22GHGVLT3:1:1101:16413:2843 -             64   0.00011   22.6   0.0   1   1   7.2e-09   0.00015   22.2   0.0    62    85    10    33     4    33 0.93 Fibronectin type III domain
AA_kinase            PF00696.32   232 >LH00406:11:22GHGVLT3:1:1101:29173:2843 -             83   2.1e-16   60.6   0.3   1   1     1e-20   2.2e-16   60.5   0.3   132   196     1    64     1    79 0.91 Amino acid kinase family
DUF4375              PF14300.10   120 >LH00406:11:22GHGVLT3:1:1101:29302:2875 -             62   2.4e-16   60.2   0.1   1   1   2.4e-20   2.5e-16   60.1   0.1    16    74     1    61     1    62 0.96 Domain of unknown function (DUF4375)
Sel1                 PF08238.16    36 >LH00406:11:22GHGVLT3:1:1101:29302:2875 -             62      0.28   12.1   0.9   1   2     0.036   3.7e+02    2.2   0.0    11    26    15    33     9    36 0.75 Sel1 repeat
Sel1                 PF08238.16    36 >LH00406:11:22GHGVLT3:1:1101:29302:2875 -             62      0.28   12.1   0.9   2   2   0.00032       3.4    8.6   0.5    19    33    42    56    34    57 0.80 Sel1 repeat
SMC_N                PF02463.23   220 >LH00406:11:22GHGVLT3:1:1101:40056:2891 -             74    0.0033   17.1   0.1   1   1   1.7e-07    0.0035   17.0   0.1   156   212     5    61     1    68 0.91 RecF/RecN/SMC N terminal domain
Gelsolin             PF00626.26    76 >LH00406:11:22GHGVLT3:1:1101:9553:2907 -             59       0.1   12.6   0.0   1   1   5.5e-06      0.11   12.5   0.0    28    57    15    43     6    52 0.85 Gelsolin repeat
DUF3825              PF12873.11   239 >LH00406:11:22GHGVLT3:1:1101:34351:2907 -             64   2.4e-08   34.1   0.0   1   1   1.2e-12   2.4e-08   34.1   0.0    99   160     4    63     1    64 0.85 Domain of unknown function (DUF3825)
SusD_RagB            PF07980.15   295 >LH00406:11:22GHGVLT3:1:1101:22460:2939 -             60   1.3e-08   35.1   0.0   1   1   6.5e-13   1.4e-08   35.0   0.0    40    95     1    53     1    58 0.93 SusD family
BIRC6                PF12356.12   163 >LH00406:11:22GHGVLT3:1:1101:25391:2987 -             59     0.058   13.3   4.0   1   1     3e-06     0.063   13.2   4.0    54    90    10    47     3    48 0.85 Baculoviral IAP repeat-containing protein 6
HAD_2                PF13419.10   178 >LH00406:11:22GHGVLT3:1:1101:8721:3003 -             78   9.1e-07   29.4   0.0   1   1   3.1e-10   1.1e-06   29.1   0.0   132   176     6    50     2    52 0.93 Haloacid dehalogenase-like hydrolase
Hydrolase            PF00702.30   191 >LH00406:11:22GHGVLT3:1:1101:8721:3003 -             78   2.1e-06   28.5   0.0   1   1   7.3e-10   2.5e-06   28.2   0.0   152   191     7    46     2    46 0.93 haloacid dehalogenase-like hydrolase
Acid_PPase           PF12689.11   169 >LH00406:11:22GHGVLT3:1:1101:8721:3003 -             78    0.0002   21.5   0.0   1   1   6.3e-08   0.00022   21.3   0.0   111   153    13    55     6    65 0.87 Acid Phosphatase
Hydrolase_like       PF13242.10    75 >LH00406:11:22GHGVLT3:1:1101:8721:3003 -             78    0.0017   18.4   0.0   1   1   5.3e-07    0.0018   18.3   0.0     3    48     8    52     6    67 0.87 HAD-hyrolase-like
DUF2608              PF11019.12   244 >LH00406:11:22GHGVLT3:1:1101:8721:3003 -             78     0.032   13.9   0.0   1   1   1.2e-05      0.04   13.6   0.0   166   193    14    41    12    45 0.89 Protein of unknown function (DUF2608)
NIF                  PF03031.22   160 >LH00406:11:22GHGVLT3:1:1101:8721:3003 -             78      0.11   12.4   0.0   1   1   3.3e-05      0.11   12.3   0.0   105   145    23    64     3    67 0.81 NLI interacting factor-like phosphatase
Propeptide_C1        PF08127.17    40 >LH00406:11:22GHGVLT3:1:1101:3404:3019 -             70     0.035   14.3   0.0   1   2     0.003        62    3.9   0.0    13    31     6    23     1    24 0.71 Peptidase family C1 propeptide
Propeptide_C1        PF08127.17    40 >LH00406:11:22GHGVLT3:1:1101:3404:3019 -             70     0.035   14.3   0.0   2   2   0.00011       2.2    8.5   0.0    11    23    53    65    50    67 0.83 Peptidase family C1 propeptide
Radical_SAM          PF04055.25   167 >LH00406:11:22GHGVLT3:1:1101:4153:3067 -             86   5.2e-11   43.2   0.1   1   1   9.1e-15   6.3e-11   42.9   0.1     2    67    22    81    21    85 0.94 Radical SAM superfamily
Fer4_12              PF13353.10   137 >LH00406:11:22GHGVLT3:1:1101:4153:3067 -             86   4.9e-05   23.9   0.1   1   1   9.2e-09   6.4e-05   23.5   0.1    12    66    24    74    18    83 0.84 4Fe-4S single cluster domain
PEP_hydrolase        PF09370.14   267 >LH00406:11:22GHGVLT3:1:1101:4153:3067 -             86      0.14   11.5   0.0   1   1   2.4e-05      0.17   11.3   0.0   170   233    19    81    14    85 0.88 Phosphoenolpyruvate hydrolase-like
Iso_dh               PF00180.24   348 >LH00406:11:22GHGVLT3:1:1101:39769:3099 -             48   3.1e-16   59.8   0.0   1   1   1.5e-20   3.2e-16   59.7   0.0   223   268     2    47     1    48 0.95 Isocitrate/isopropylmalate dehydrogenase
Glyco_hydro_43       PF04616.18   287 >LH00406:11:22GHGVLT3:1:1101:23884:3131 -             63     0.037   13.6   0.0   1   1   1.8e-06     0.037   13.5   0.0    22    54     2    40     1    51 0.74 Glycosyl hydrolases family 43
OMP_b-brl_3          PF14905.10   408 >LH00406:11:22GHGVLT3:1:1101:27666:3147 -             84   7.9e-17   61.6   0.1   1   1   8.2e-21   8.5e-17   61.5   0.1   115   195     3    80     1    83 0.89 Outer membrane protein beta-barrel family
TonB_dep_Rec         PF00593.28   436 >LH00406:11:22GHGVLT3:1:1101:27666:3147 -             84     1e-07   32.4   0.0   1   1   1.2e-11   1.2e-07   32.1   0.0   177   251     9    81     3    83 0.89 TonB dependent receptor
IPPT                 PF01715.21   243 >LH00406:11:22GHGVLT3:1:1101:12567:3163 -             38   3.9e-07   30.2   0.0   1   1   1.9e-11     4e-07   30.1   0.0   105   141     1    37     1    38 0.96 IPP transferase
COX7C                PF02935.20    64 >LH00406:11:22GHGVLT3:1:1101:42432:3195 -             53     0.088   13.3   0.0   1   1   1.8e-05     0.092   13.3   0.0    13    45     9    42     2    50 0.66 Cytochrome c oxidase subunit VIIc
DOCK-C2              PF14429.10   187 >LH00406:11:22GHGVLT3:1:1101:42432:3195 -             53     0.094   12.8   0.3   1   1   1.9e-05       0.1   12.7   0.3    63    93     8    37     2    46 0.85 C2 domain in Dock180 and Zizimin proteins
HCMV_UL139           PF12507.12   100 >LH00406:11:22GHGVLT3:1:1101:42432:3195 -             53      0.49   11.2   3.0   1   1   9.8e-05      0.51   11.1   3.0    25    41    28    44     9    48 0.91 Human Cytomegalovirus UL139 protein
DUF4227              PF14004.10    71 >LH00406:11:22GHGVLT3:1:1101:42432:3195 -             53       1.5    9.0   3.8   1   1   0.00039         2    8.6   3.8     5    23    27    45    23    51 0.84 Protein of unknown function (DUF4227)
RelE                 PF06296.16   120 >LH00406:11:22GHGVLT3:1:1101:17754:3211 -             56     0.012   16.0   0.4   1   1   6.6e-07     0.014   15.8   0.4    37    63    24    52    10    55 0.82 RelE toxin of RelE / RelB toxin-antitoxin system
YceG                 PF02618.20   275 >LH00406:11:22GHGVLT3:1:1101:46556:3291 -             74   6.2e-21   75.3   0.3   1   1   3.2e-25   6.7e-21   75.2   0.3   108   181     1    74     1    74 0.97 YceG-like family
DUF3311              PF11755.12    61 >LH00406:11:22GHGVLT3:1:1101:34083:3307 -             47     0.048   13.8   0.1   1   1   2.7e-06     0.056   13.6   0.1    20    39     8    27     2    29 0.86 Protein of unknown function (DUF3311)
SpoU_sub_bind        PF08032.16    76 >LH00406:11:22GHGVLT3:1:1101:32770:3339 -             65    0.0021   18.5   0.2   1   1   1.4e-07    0.0029   18.1   0.2    40    72    29    61     1    64 0.78 RNA 2'-O ribose methyltransferase substrate binding
ZSWIM1-3_RNaseH-like PF21056.1    128 >LH00406:11:22GHGVLT3:1:1101:2988:3355 -             59     0.076   13.1   0.0   1   1   7.9e-06     0.083   13.0   0.0    74   121     9    56     3    58 0.91 Zinc finger SWIM domain-containing protein 1/3, RNaseH-like domain
DUF4846              PF16138.9    239 >LH00406:11:22GHGVLT3:1:1101:2988:3355 -             59      0.11   12.2   0.0   1   1     1e-05      0.11   12.2   0.0    16    68     4    56     1    59 0.93 Domain of unknown function (4846)
NrfD                 PF03916.18   313 >LH00406:11:22GHGVLT3:1:1101:14703:3371 -             88   5.5e-20   72.4   5.2   1   1   1.4e-23   5.9e-20   72.3   5.2    11    98     2    87     1    88 0.92 Polysulphide reductase, NrfD
NrfD_2               PF14589.10   281 >LH00406:11:22GHGVLT3:1:1101:14703:3371 -             88   1.3e-06   28.6   2.1   1   1   3.4e-10   1.4e-06   28.5   2.1    14    96     2    87     1    88 0.77 Polysulfide reductase
Baculo_p74           PF04583.16   215 >LH00406:11:22GHGVLT3:1:1101:14703:3371 -             88      0.02   14.7   0.4   1   1   4.8e-06      0.02   14.7   0.4    91   121    39    69    22    86 0.92 Baculoviridae p74 conserved region
MARVEL               PF01284.27   135 >LH00406:11:22GHGVLT3:1:1101:14703:3371 -             88     0.054   13.7   2.2   1   1   1.6e-05     0.068   13.4   2.2    17    78    18    74     4    86 0.81 Membrane-associating domain
T4SS_pilin           PF18895.4     71 >LH00406:11:22GHGVLT3:1:1101:14703:3371 -             88      0.42   10.9   5.5   1   2   2.5e-05      0.11   12.8   1.9    16    62    12    58     7    62 0.82 Type IV secretion system pilin
T4SS_pilin           PF18895.4     71 >LH00406:11:22GHGVLT3:1:1101:14703:3371 -             88      0.42   10.9   5.5   2   2       4.3   1.8e+04   -3.9   0.1    17    22    80    85    78    87 0.50 Type IV secretion system pilin
Cas_Cas1             PF01867.20   283 >LH00406:11:22GHGVLT3:1:1101:2045:3387 -             71     0.093   12.1   0.5   1   1     6e-06      0.12   11.6   0.5   193   231    25    63    25    65 0.96 CRISPR associated protein Cas1
Flu_NS2              PF00601.23   108 >LH00406:11:22GHGVLT3:1:1101:7408:3387 -             75    0.0013   19.3   0.1   1   1   1.4e-07    0.0014   19.2   0.1    45    88    14    62     2    71 0.79 Influenza non-structural protein (NS2)
DUF4768              PF15989.9     88 >LH00406:11:22GHGVLT3:1:1101:7408:3387 -             75      0.17   12.1   0.0   1   1   1.8e-05      0.18   12.0   0.0    17    54    35    72    17    75 0.81 Domain of unknown function (DUF4768)
Asparaginase_C       PF17763.5    114 >LH00406:11:22GHGVLT3:1:1101:50134:3403 -             86     0.089   13.0   0.6   1   1   5.2e-06      0.11   12.7   0.6    28    69    31    73    22    85 0.80 Glutaminase/Asparaginase C-terminal domain
BT4734-like_N        PF08800.14   134 >LH00406:11:22GHGVLT3:1:1101:11125:3419 -             64   1.5e-11   44.8   0.0   1   1   7.1e-16   1.5e-11   44.7   0.0    27    86     2    60     1    64 0.90 BT4734-like, N-terminal domain
PK_C                 PF02887.20   114 >LH00406:11:22GHGVLT3:1:1101:2184:3435 -             70     0.059   13.7   0.0   1   1   3.2e-06     0.067   13.5   0.0    53   100     9    55     3    63 0.77 Pyruvate kinase, alpha/beta domain
HTH_26               PF13443.10    63 >LH00406:11:22GHGVLT3:1:1101:18586:3435 -             63   0.00032   21.1   0.1   1   1   2.8e-08   0.00058   20.3   0.1     2    58     7    62     6    63 0.88 Cro/C1-type HTH DNA-binding domain
DUF6377              PF19904.3    247 >LH00406:11:22GHGVLT3:1:1101:48507:3435 -             54   3.3e-10   40.2   1.0   1   1   3.3e-14   3.4e-10   40.1   1.0   139   190     3    54     1    54 0.96 Domain of unknown function (DUF6377)
MLANA                PF14991.10   117 >LH00406:11:22GHGVLT3:1:1101:48507:3435 -             54     0.044   14.2   0.0   1   1   4.3e-06     0.045   14.2   0.0    38    84     6    52     2    54 0.88 Protein melan-A
Flp_Fap              PF04964.18    46 >LH00406:11:22GHGVLT3:1:1101:37300:3467 -             70    0.0052   16.8   0.8   1   2    0.0019        20    5.3   0.1    13    29    21    37    19    40 0.86 Flp/Fap pilin component
Flp_Fap              PF04964.18    46 >LH00406:11:22GHGVLT3:1:1101:37300:3467 -             70    0.0052   16.8   0.8   2   2   6.1e-05      0.63   10.1   0.1    15    33    42    60    42    67 0.91 Flp/Fap pilin component
DUF6418              PF19982.3    109 >LH00406:11:22GHGVLT3:1:1101:37300:3467 -             70     0.046   14.1   0.5   1   1   4.8e-06      0.05   13.9   0.5    43    87     9    53     4    68 0.82 Family of unknown function (DUF6418)
WD40_alt             PF14077.10    48 >LH00406:11:22GHGVLT3:1:1101:33981:3515 -             63      0.23   11.5   1.5   1   1   1.5e-05      0.32   11.1   1.5    31    46    19    34    16    37 0.79 Alternative WD40 repeat motif
BatA                 PF07584.15    77 >LH00406:11:22GHGVLT3:1:1101:25835:3564 -             57   0.00041   20.9   1.2   1   1   4.7e-08   0.00049   20.6   1.2    46    77     3    31     1    31 0.88 Aerotolerance regulator N-terminal
DUF3099              PF11298.12    72 >LH00406:11:22GHGVLT3:1:1101:25835:3564 -             57      0.08   13.3   0.4   1   1     8e-06     0.083   13.2   0.4    16    40     6    30     3    51 0.81 Protein of unknown function (DUF3099)
PALP                 PF00291.29   295 >LH00406:11:22GHGVLT3:1:1101:5965:3580 -             66    0.0067   16.0   0.0   1   1   3.6e-07    0.0075   15.8   0.0   255   294     3    42     2    45 0.71 Pyridoxal-phosphate dependent enzyme
Flu_NS2              PF00601.23   108 >LH00406:11:22GHGVLT3:1:1101:6677:3628 -             87     0.026   15.1   0.0   1   1   1.3e-06     0.026   15.1   0.0    44    81    44    86     9    87 0.75 Influenza non-structural protein (NS2)
DUF2586              PF10758.13   386 >LH00406:11:22GHGVLT3:1:1101:18864:3628 -             82   1.1e-12   48.1   0.0   1   1   5.6e-17   1.2e-12   48.0   0.0   137   221     4    82     1    82 0.91 Protein of unknown function (DUF2586)
polyprenyl_synt      PF00348.21   251 >LH00406:11:22GHGVLT3:1:1101:30236:3628 -             81   0.00027   20.4   0.0   1   1   2.9e-08    0.0003   20.3   0.0     2    46    35    76    34    81 0.76 Polyprenyl synthetase
Biopterin_H          PF00351.25   331 >LH00406:11:22GHGVLT3:1:1101:30236:3628 -             81       0.2   10.8   0.0   1   1   1.9e-05       0.2   10.8   0.0    90   136    20    64     4    77 0.76 Biopterin-dependent aromatic amino acid hydroxylase
SusD_RagB            PF07980.15   295 >LH00406:11:22GHGVLT3:1:1101:37947:3628 -             50   1.4e-09   38.2   0.0   1   1   6.8e-14   1.4e-09   38.2   0.0   143   186     4    50     1    50 0.82 SusD family
UvsW-1               PF11637.12    56 >LH00406:11:22GHGVLT3:1:1101:13473:3644 -             38     0.021   15.1   0.0   1   1   1.2e-06     0.025   14.9   0.0     9    40     3    34     2    36 0.91 UvsW.1 domain
adh_short            PF00106.29   195 >LH00406:11:22GHGVLT3:1:1101:24346:3644 -             79   0.00038   20.2   0.0   1   1   4.4e-08   0.00046   19.9   0.0   147   188     1    45     1    51 0.91 short chain dehydrogenase
adh_short_C2         PF13561.10   236 >LH00406:11:22GHGVLT3:1:1101:24346:3644 -             79      0.22   11.3   0.0   1   1   2.2e-05      0.22   11.2   0.0   142   181     2    43     1    66 0.82 Enoyl-(Acyl carrier protein) reductase
DUF3786              PF12654.11   176 >LH00406:11:22GHGVLT3:1:1101:20574:3740 -             77   1.2e-10   41.4   0.0   1   1   5.8e-15   1.2e-10   41.4   0.0    37   100    11    76     1    77 0.85 Domain of unknown function (DUF3786)
Amidase_2            PF01510.29   129 >LH00406:11:22GHGVLT3:1:1101:26159:3740 -             58    0.0005   20.6   0.1   1   1   2.4e-08    0.0005   20.6   0.1    38    81     9    50     1    57 0.84 N-acetylmuramoyl-L-alanine amidase
GGDEF                PF00990.25   161 >LH00406:11:22GHGVLT3:1:1101:47083:3756 -             85   6.9e-23   81.4   0.1   1   1   3.6e-27   7.4e-23   81.3   0.1     9    93     1    83     1    85 0.96 Diguanylate cyclase, GGDEF domain
TMEM232              PF15877.9    452 >LH00406:11:22GHGVLT3:1:1101:14083:3772 -             61       0.2   10.8   0.0   1   1   9.9e-06      0.21   10.8   0.0   133   174     7    49     3    55 0.75 Transmembrane protein family 232
Gly_transf_sug       PF04488.19    93 >LH00406:11:22GHGVLT3:1:1101:19400:3820 -             38     0.016   16.1   0.0   1   1   7.7e-07     0.016   16.1   0.0     1    26     2    27     2    37 0.87 Glycosyltransferase sugar-binding region containing DXD motif
Calponin             PF00402.22    25 >LH00406:11:22GHGVLT3:1:1101:43375:3836 -             54      0.13   12.1   0.2   1   1     1e-05      0.21   11.5   0.2    13    24    37    48    37    48 0.94 Calponin family repeat
UQ_con               PF00179.30   140 >LH00406:11:22GHGVLT3:1:1101:21120:3852 -             84     0.048   13.5   0.2   1   1   3.8e-06     0.078   12.8   0.2    56    73    26    43    23    46 0.93 Ubiquitin-conjugating enzyme
SSXT                 PF05030.16    62 >LH00406:11:22GHGVLT3:1:1101:8415:3884 -             64     0.097   12.5   0.1   1   1   5.9e-06      0.12   12.2   0.1    26    58     4    36     2    40 0.87 SSXT protein (N-terminal region)
Fungal_virus_P2_N    PF21685.1    365 >LH00406:11:22GHGVLT3:1:1101:19640:3884 -             87      0.11   11.6   0.1   1   2     0.024   2.5e+02    0.5   0.0   107   126    19    38     9    45 0.84 Fungal virus Capsid protein, N-terminal domain
Fungal_virus_P2_N    PF21685.1    365 >LH00406:11:22GHGVLT3:1:1101:19640:3884 -             87      0.11   11.6   0.1   2   2   5.1e-05      0.53    9.4   0.0   223   253    55    85    38    87 0.86 Fungal virus Capsid protein, N-terminal domain
TIG_SUH              PF20144.3     94 >LH00406:11:22GHGVLT3:1:1101:19640:3884 -             87      0.12   12.8   0.0   1   1   1.8e-05      0.19   12.1   0.0    32    57     4    29     3    62 0.89 TIG domain
DUF4835              PF16119.9    276 >LH00406:11:22GHGVLT3:1:1101:46583:3916 -             64     3e-16   59.6   0.0   1   1   3.1e-20   3.2e-16   59.5   0.0   173   235     1    64     1    64 0.98 Domain of unknown function (DUF4835)
DUF4946              PF16304.9    152 >LH00406:11:22GHGVLT3:1:1101:46583:3916 -             64     0.046   13.7   0.0   1   1   4.7e-06     0.049   13.7   0.0    66   107    13    54     5    63 0.83 Domain of unknown function (DUF4946)
DUF2624              PF11116.12    83 >LH00406:11:22GHGVLT3:1:1101:6779:3964 -             65     0.069   14.2   0.0   1   1   4.3e-06     0.089   13.8   0.0    48    79     4    35     2    37 0.95 Protein of unknown function (DUF2624)
DUF1919              PF08942.14   196 >LH00406:11:22GHGVLT3:1:1101:19677:3980 -             47   1.7e-06   27.9   0.1   1   1   8.5e-11   1.8e-06   27.9   0.1   145   189     2    46     1    47 0.97 Domain of unknown function (DUF1919)
DPBB_1               PF03330.22    83 >LH00406:11:22GHGVLT3:1:1101:51419:3996 -             64   0.00077   19.9   0.0   1   1   5.2e-08    0.0011   19.4   0.0    60    83     1    24     1    24 0.95 Lytic transglycolase
Phage_Mu_F           PF04233.18   112 >LH00406:11:22GHGVLT3:1:1101:11938:4028 -             37   4.2e-05   24.4   0.1   1   1   2.2e-09   4.6e-05   24.3   0.1    90   111    10    31     5    32 0.91 Phage Mu protein F like protein
HypD                 PF01924.20   351 >LH00406:11:22GHGVLT3:1:1101:41618:4028 -             66   1.3e-22   80.6   0.0   1   1   6.5e-27   1.3e-22   80.5   0.0   181   245     1    65     1    66 0.97 Hydrogenase formation hypA family
SusD-like_3          PF14322.10   192 >LH00406:11:22GHGVLT3:1:1101:25003:4044 -             69   0.00028   21.4   1.7   1   1   1.4e-08   0.00028   21.4   1.7    48    97     5    54     1    68 0.84 Starch-binding associating with outer membrane
GTP_EFTU             PF00009.31   188 >LH00406:11:22GHGVLT3:1:1101:37578:4044 -             66     7e-06   25.9   0.1   1   1   2.4e-09   8.2e-06   25.7   0.1    88   148     4    63     2    65 0.90 Elongation factor Tu GTP binding domain
FeoB_N               PF02421.22   156 >LH00406:11:22GHGVLT3:1:1101:37578:4044 -             66    0.0084   15.8   0.1   1   1   2.6e-06    0.0091   15.7   0.1    78   121     8    52     3    62 0.89 Ferrous iron transport protein B
DUF4035              PF13227.10    55 >LH00406:11:22GHGVLT3:1:1101:37578:4044 -             66     0.022   14.7   0.0   1   2      0.37   1.3e+03   -0.6   0.0    39    53     9    23     4    25 0.78 Protein of unknown function (DUF4035)
DUF4035              PF13227.10    55 >LH00406:11:22GHGVLT3:1:1101:37578:4044 -             66     0.022   14.7   0.0   2   2   2.2e-05     0.075   13.0   0.0    22    46    39    62    30    64 0.84 Protein of unknown function (DUF4035)
MMR_HSR1_Xtn         PF16897.9    106 >LH00406:11:22GHGVLT3:1:1101:37578:4044 -             66     0.024   14.8   0.1   1   1   7.5e-06     0.026   14.7   0.1    43    81    23    62     1    65 0.70 C-terminal region of MMR_HSR1 domain
MMR_HSR1             PF01926.27   113 >LH00406:11:22GHGVLT3:1:1101:37578:4044 -             66     0.028   14.7   0.2   1   1     1e-05     0.036   14.4   0.2    72   113     5    45     2    45 0.81 50S ribosome-binding GTPase
NOG1                 PF06858.18    58 >LH00406:11:22GHGVLT3:1:1101:37578:4044 -             66      0.12   12.4   1.8   1   1     8e-05      0.28   11.2   1.8    14    58     9    47     4    47 0.89 Nucleolar GTP-binding protein 1 (NOG1)
LRR_5                PF13306.10   127 >LH00406:11:22GHGVLT3:1:1101:48155:4076 -             69   5.1e-13   49.2   0.0   1   1   7.9e-17   5.5e-13   49.1   0.0    11    67    11    68     3    69 0.89 BspA type Leucine rich repeat region (6 copies)
LRR_8                PF13855.10    61 >LH00406:11:22GHGVLT3:1:1101:48155:4076 -             69     0.022   14.7   0.0   1   1     4e-06     0.028   14.4   0.0    13    58    22    66    13    68 0.91 Leucine rich repeat
FNIP                 PF05725.16    44 >LH00406:11:22GHGVLT3:1:1101:48155:4076 -             69      0.16   12.4   0.9   1   3     0.001         7    7.1   0.0    23    39     9    25     6    26 0.85 FNIP Repeat
FNIP                 PF05725.16    44 >LH00406:11:22GHGVLT3:1:1101:48155:4076 -             69      0.16   12.4   0.9   2   3      0.17   1.2e+03   -0.1   0.0     6    12    37    43    32    51 0.55 FNIP Repeat
FNIP                 PF05725.16    44 >LH00406:11:22GHGVLT3:1:1101:48155:4076 -             69      0.16   12.4   0.9   3   3     0.029     2e+02    2.4   0.1    26    37    58    69    56    69 0.73 FNIP Repeat
Bee_toxin            PF17454.6     46 >LH00406:11:22GHGVLT3:1:1101:48978:4092 -             83      0.51   10.3   1.9   1   1   0.00014      0.98    9.4   1.9     8    23    57    72    54    78 0.85 Honey bee toxin
Penaeidin            PF05927.15    73 >LH00406:11:22GHGVLT3:1:1101:48978:4092 -             83       0.6   11.1   1.3   1   1   0.00014      0.98   10.4   1.3     3    18    59    74    57    78 0.92 Penaeidin
Spore_YhaL           PF14147.10    52 >LH00406:11:22GHGVLT3:1:1101:48978:4092 -             83       2.3    8.2   3.5   1   2     0.069   4.8e+02    0.8   0.0    11    24     3    16     1    28 0.50 Sporulation protein YhaL
Spore_YhaL           PF14147.10    52 >LH00406:11:22GHGVLT3:1:1101:48978:4092 -             83       2.3    8.2   3.5   2   2   0.00081       5.6    6.9   1.6     3    20    55    72    54    75 0.90 Sporulation protein YhaL
Bac_DNA_binding      PF00216.25    90 >LH00406:11:22GHGVLT3:1:1101:14823:4124 -             87   8.6e-19   67.8   0.3   1   1   1.8e-22   9.5e-19   67.6   0.3    11    89     1    79     1    80 0.98 Bacterial DNA-binding protein
HU-HIG               PF18291.5    125 >LH00406:11:22GHGVLT3:1:1101:14823:4124 -             87   0.00061   20.0   0.0   1   1   1.4e-07   0.00071   19.8   0.0    43   120     2    81     1    84 0.83 HU domain fused to wHTH, Ig, or Glycine-rich motif
HU-CCDC81_euk_1      PF14908.10    89 >LH00406:11:22GHGVLT3:1:1101:14823:4124 -             87    0.0015   18.7   0.0   1   1   3.6e-07    0.0019   18.4   0.0    30    84    17    82     2    86 0.70 CCDC81 eukaryotic HU domain 1
HU-CCDC81_bac_2      PF18175.5     70 >LH00406:11:22GHGVLT3:1:1101:14823:4124 -             87     0.016   15.3   0.0   1   2   1.6e-05     0.083   13.0   0.0     8    50     1    43     1    47 0.94 CCDC81-like prokaryotic HU domain 2
HU-CCDC81_bac_2      PF18175.5     70 >LH00406:11:22GHGVLT3:1:1101:14823:4124 -             87     0.016   15.3   0.0   2   2      0.19   9.9e+02   -0.1   0.0    26    38    72    84    70    84 0.87 CCDC81-like prokaryotic HU domain 2
Carb_kinase          PF01256.21   242 >LH00406:11:22GHGVLT3:1:1101:28785:4124 -             78   1.3e-11   44.7   0.1   1   1   6.6e-16   1.4e-11   44.6   0.1     2    76     2    78     1    78 0.90 Carbohydrate kinase
SusD_RagB            PF07980.15   295 >LH00406:11:22GHGVLT3:1:1101:28877:4124 -             86   9.9e-12   45.3   0.0   1   1     5e-16     1e-11   45.2   0.0   132   191     1    66     1    83 0.85 SusD family
NfI_DNAbd_pre-N      PF10524.13    41 >LH00406:11:22GHGVLT3:1:1101:43079:4124 -             59     0.027   14.5   0.1   1   1   1.8e-06     0.037   14.1   0.1    23    33    20    30    12    30 0.87 Nuclear factor I protein pre-N-terminus
Invasin_D4           PF21764.1     88 >LH00406:11:22GHGVLT3:1:1101:39168:4140 -             69      0.18   12.6   0.0   1   3     0.083   1.7e+03   -0.2   0.0    55    64     1    10     1    22 0.69 Invasin, domain 4
Invasin_D4           PF21764.1     88 >LH00406:11:22GHGVLT3:1:1101:39168:4140 -             69      0.18   12.6   0.0   2   3     0.002        41    5.0   0.0    49    72    18    41    12    43 0.82 Invasin, domain 4
Invasin_D4           PF21764.1     88 >LH00406:11:22GHGVLT3:1:1101:39168:4140 -             69      0.18   12.6   0.0   3   3    0.0006        13    6.6   0.0    47    64    39    56    33    68 0.79 Invasin, domain 4
Pribosyltran         PF00156.31   158 >LH00406:11:22GHGVLT3:1:1101:48627:4156 -             81   3.2e-07   30.0   0.0   1   1   4.2e-11   4.4e-07   29.5   0.0    82   125     4    47     2    53 0.90 Phosphoribosyl transferase domain
UPRTase              PF14681.10   206 >LH00406:11:22GHGVLT3:1:1101:48627:4156 -             81     0.022   14.4   0.0   1   1   2.3e-06     0.024   14.3   0.0   119   151     8    40     1    49 0.84 Uracil phosphoribosyltransferase
RHS_repeat           PF05593.18    38 >LH00406:11:22GHGVLT3:1:1101:31928:4188 -             54     0.083   13.5   0.0   1   1   6.5e-06      0.14   12.8   0.0     9    29    17    37    16    45 0.87 RHS Repeat
MORN                 PF02493.24    23 >LH00406:11:22GHGVLT3:1:1101:16570:4236 -             41   1.8e-14   52.9  12.2   1   2   2.1e-12   4.5e-08   32.7   1.6     1    23     1    23     1    23 0.96 MORN repeat
MORN                 PF02493.24    23 >LH00406:11:22GHGVLT3:1:1101:16570:4236 -             41   1.8e-14   52.9  12.2   2   2   3.1e-10   6.4e-06   26.0   3.3     1    18    24    41    24    41 0.98 MORN repeat
GerE                 PF00196.23    57 >LH00406:11:22GHGVLT3:1:1101:25216:4253 -             88   3.9e-17   61.8   0.4   1   1   6.8e-21   4.7e-17   61.5   0.4     2    57    27    82    26    82 0.97 Bacterial regulatory proteins, luxR family
HTH_23               PF13384.10    50 >LH00406:11:22GHGVLT3:1:1101:25216:4253 -             88    0.0083   16.2   0.0   1   1   1.8e-06     0.013   15.6   0.0     6    43    31    68    27    75 0.86 Homeodomain-like domain
HTH_29               PF13551.10    64 >LH00406:11:22GHGVLT3:1:1101:25216:4253 -             88     0.052   13.8   0.0   1   1   1.2e-05     0.083   13.2   0.0     2    38    33    68    33    74 0.91 Winged helix-turn helix
DUF5112              PF17139.8    266 >LH00406:11:22GHGVLT3:1:1101:27148:4269 -             70   3.6e-32  112.1   2.0   1   1   3.7e-36   3.8e-32  112.0   2.0    36   104     2    70     1    70 0.97 Domain of unknown function (DUF5112)
LpqV                 PF17301.6    114 >LH00406:11:22GHGVLT3:1:1101:27148:4269 -             70     0.057   13.8   0.0   1   1   6.8e-06     0.071   13.5   0.0    51    79    21    49    14    64 0.89 Putative lipoprotein LpqV
THF_DHG_CYH_C        PF02882.23   160 >LH00406:11:22GHGVLT3:1:1101:26880:4285 -             85   8.8e-21   74.1   0.1   1   1   9.2e-25   9.6e-21   74.0   0.1     2    69    16    84    15    85 0.94 Tetrahydrofolate dehydrogenase/cyclohydrolase, NAD(P)-binding domain
DUF1611              PF07755.15   199 >LH00406:11:22GHGVLT3:1:1101:26880:4285 -             85     0.079   12.5   0.2   1   1   7.9e-06     0.082   12.4   0.2     9    37    48    76    22    81 0.88 Domain of unknown function (DUF1611_C) P-loop domain
Radical_SAM          PF04055.25   167 >LH00406:11:22GHGVLT3:1:1101:39159:4285 -             84      0.11   12.8   3.1   1   1   6.9e-06      0.14   12.5   3.1     1    19    64    82    64    84 0.91 Radical SAM superfamily
LBR_tudor            PF09465.14    55 >LH00406:11:22GHGVLT3:1:1101:19871:4317 -             69      0.14   12.2   1.5   1   2    0.0053   1.1e+02    2.8   0.1    38    45    12    19     6    28 0.78 Lamin-B receptor of TUDOR domain
LBR_tudor            PF09465.14    55 >LH00406:11:22GHGVLT3:1:1101:19871:4317 -             69      0.14   12.2   1.5   2   2   7.7e-05       1.6    8.7   0.2    24    45    37    58    32    62 0.90 Lamin-B receptor of TUDOR domain
DUF1737              PF08410.14    53 >LH00406:11:22GHGVLT3:1:1101:27860:4349 -             78      0.11   12.6   0.0   1   1   7.3e-06      0.15   12.1   0.0    17    32    55    70    51    74 0.87 Domain of unknown function (DUF1737)
DDE_Tnp_1            PF01609.25   200 >LH00406:11:22GHGVLT3:1:1101:45890:4445 -             88   1.7e-07   31.4   0.0   1   1   1.7e-11   1.8e-07   31.3   0.0    16    96     5    79     1    87 0.89 Transposase DDE domain
DDE_Tnp_1_4          PF13701.10   434 >LH00406:11:22GHGVLT3:1:1101:45890:4445 -             88      0.12   10.8   0.0   1   1   1.2e-05      0.12   10.8   0.0   202   242    45    86    27    88 0.88 Transposase DDE domain group 1
Porph_ging           PF09697.14    81 >LH00406:11:22GHGVLT3:1:1101:30135:4509 -             76   7.8e-09   36.1   2.0   1   2     0.016   1.7e+02    3.1   0.0     1    20     1    21     1    29 0.78 Protein of unknown function (Porph_ging)
Porph_ging           PF09697.14    81 >LH00406:11:22GHGVLT3:1:1101:30135:4509 -             76   7.8e-09   36.1   2.0   2   2   8.6e-12   8.9e-08   32.8   1.4    52    80    25    53    19    54 0.89 Protein of unknown function (Porph_ging)
Deltameth_res        PF16020.9     52 >LH00406:11:22GHGVLT3:1:1101:30135:4509 -             76      0.11   12.5   1.2   1   2   1.5e-05      0.16   12.0   0.2     2    11    35    44    34    46 0.93 Deltamethrin resistance
Deltameth_res        PF16020.9     52 >LH00406:11:22GHGVLT3:1:1101:30135:4509 -             76      0.11   12.5   1.2   2   2      0.29     3e+03   -1.7   0.1    13    21    55    63    53    67 0.78 Deltamethrin resistance
Sensor_TM1           PF13755.10    68 >LH00406:11:22GHGVLT3:1:1101:16108:4525 -             65      0.17   11.9   0.3   1   1   9.9e-06      0.21   11.6   0.3    16    49    31    64    29    65 0.94 Sensor N-terminal transmembrane domain
LPG_synthase_C       PF09924.13   298 >LH00406:11:22GHGVLT3:1:1101:36357:4525 -             67   1.5e-15   57.3   0.0   1   1   7.5e-20   1.6e-15   57.2   0.0   230   295     2    67     1    67 0.93 Phosphatidylglycerol lysyltransferase, C-terminal
DUF2076              PF09849.13   262 >LH00406:11:22GHGVLT3:1:1101:8702:4541 -             57       1.2    9.4   7.2   1   1   5.5e-05       1.2    9.4   7.2   106   163     5    55     1    57 0.51 Uncharacterized protein conserved in bacteria (DUF2076)
ARGLU                PF15346.10   149 >LH00406:11:22GHGVLT3:1:1101:10348:4541 -             74       4.7    7.3  26.9   1   1   0.00076        16    5.6  26.9    68   126     2    70     1    74 0.79 Arginine and glutamate-rich 1
SpoIIE               PF07228.16   192 >LH00406:11:22GHGVLT3:1:1101:25641:4573 -             83   2.2e-06   27.9   0.0   1   1   2.3e-10   2.3e-06   27.9   0.0     3    78     7    82     5    83 0.93 Stage II sporulation protein E (SpoIIE)
PP2C_2               PF13672.10   209 >LH00406:11:22GHGVLT3:1:1101:25641:4573 -             83    0.0043   16.8   0.1   1   1   4.1e-07    0.0043   16.8   0.1    24    62     7    46     1    66 0.83 Protein phosphatase 2C
DUF772               PF05598.15    74 >LH00406:11:22GHGVLT3:1:1101:24910:4589 -             68   1.3e-16   60.5   0.0   1   1   6.8e-21   1.4e-16   60.4   0.0     1    63     9    66     9    68 0.97 Transposase domain (DUF772)
Pep_deformylase      PF01327.25   156 >LH00406:11:22GHGVLT3:1:1101:48710:4589 -             70   2.5e-17   63.1   0.0   1   1   2.5e-21   2.6e-17   63.0   0.0    73   134     7    70     1    70 0.92 Polypeptide deformylase
nSTAND2              PF20702.1    279 >LH00406:11:22GHGVLT3:1:1101:48710:4589 -             70      0.22   11.0   0.0   1   1   2.1e-05      0.22   11.0   0.0   236   269    29    62     9    69 0.86 Novel STAND NTPase 2
DUF1150              PF06620.15    76 >LH00406:11:22GHGVLT3:1:1101:31836:4605 -             72      0.14   12.5   0.0   1   1   7.3e-06      0.15   12.4   0.0    42    67    29    54    12    61 0.83 Protein of unknown function (DUF1150)
DNA_pol_A_exo1       PF01612.24   173 >LH00406:11:22GHGVLT3:1:1101:6548:4621 -             86   7.9e-07   29.2   0.1   1   1     8e-11   8.3e-07   29.2   0.1    69   151     5    86     1    86 0.90 3'-5' exonuclease
HTH_10               PF04967.16    53 >LH00406:11:22GHGVLT3:1:1101:6548:4621 -             86      0.11   12.5   0.1   1   1   2.9e-05       0.3   11.1   0.1    24    42    39    57    33    72 0.90 HTH DNA binding domain
Poly_export          PF02563.20    77 >LH00406:11:22GHGVLT3:1:1101:7888:4637 -             76   9.5e-11   41.9   0.2   1   2     2e-14   4.2e-10   39.8   0.1    29    76     8    55     2    56 0.88 Polysaccharide biosynthesis/export protein
Poly_export          PF02563.20    77 >LH00406:11:22GHGVLT3:1:1101:7888:4637 -             76   9.5e-11   41.9   0.2   2   2     0.013   2.8e+02    2.0   0.0    29    48    53    72    49    75 0.75 Polysaccharide biosynthesis/export protein
MatE                 PF01554.22   161 >LH00406:11:22GHGVLT3:1:1101:48405:4637 -             78   6.1e-06   26.2   1.7   1   1   3.1e-10   6.4e-06   26.1   1.7    87   160     3    77     1    78 0.95 MatE
Peptidase_M16_C      PF05193.25   181 >LH00406:11:22GHGVLT3:1:1101:50864:4637 -             49   2.7e-11   43.9   0.0   1   1   1.3e-15   2.7e-11   43.9   0.0     2    50     1    46     1    49 0.92 Peptidase M16 inactive domain
AIRS                 PF00586.28   112 >LH00406:11:22GHGVLT3:1:1101:25354:4653 -             68   8.5e-09   36.0   0.0   1   1   4.6e-13   9.5e-09   35.9   0.0    68   111     8    50     1    51 0.88 AIR synthase related protein, N-terminal domain
FTHFS                PF01268.23   556 >LH00406:11:22GHGVLT3:1:1101:35636:4653 -             71   2.4e-22   79.1   0.1   1   1   1.2e-26   2.6e-22   79.0   0.1   133   204     1    71     1    71 0.98 Formate--tetrahydrofolate ligase
TSR                  PF18487.5     50 >LH00406:11:22GHGVLT3:1:1101:27305:4669 -             79    0.0011   19.3   1.2   1   1   1.3e-07    0.0026   18.1   1.2    21    43    42    63    42    64 0.88 Thrombospondin type 1 repeat
DUF3575              PF12099.12   176 >LH00406:11:22GHGVLT3:1:1101:19640:4685 -             86   8.5e-10   38.4   0.0   1   1   4.6e-14   9.6e-10   38.2   0.0   127   176     1    51     1    51 0.97 Protein of unknown function (DUF3575)
TMEM43               PF07787.16   250 >LH00406:11:22GHGVLT3:1:1101:50661:4701 -             87       2.3    7.7   6.7   1   1   0.00012       2.4    7.6   6.7   187   237    30    83    18    87 0.73 Transmembrane protein 43
YqbF                 PF14553.10    43 >LH00406:11:22GHGVLT3:1:1101:35081:4717 -             89      0.15   12.1   0.0   1   2     0.077   1.6e+03   -0.8   0.0    27    33    33    39    31    43 0.85 YqbF, hypothetical protein domain
YqbF                 PF14553.10    43 >LH00406:11:22GHGVLT3:1:1101:35081:4717 -             89      0.15   12.1   0.0   2   2   3.1e-05      0.64   10.1   0.0     3    27    48    72    46    75 0.77 YqbF, hypothetical protein domain
SLFN_AlbA_2          PF04326.18   117 >LH00406:11:22GHGVLT3:1:1101:4190:4765 -             81    0.0023   18.6   0.0   1   1   1.3e-07    0.0028   18.4   0.0    70   116     8    53     1    54 0.86 Schlafen, AlbA_2
Prok-E2_E            PF14462.10   123 >LH00406:11:22GHGVLT3:1:1101:14962:4781 -             83      0.19   11.8   0.1   1   1   1.1e-05      0.23   11.5   0.1    75    98     3    26     1    30 0.82 Prokaryotic E2 family E
DUF4121              PF13497.10   264 >LH00406:11:22GHGVLT3:1:1101:38863:4797 -             59     0.039   13.4   0.2   1   1     2e-06     0.042   13.3   0.2   215   253    12    51     4    55 0.77 Domain of unknown function (DUF4121)
Hydrolase_3          PF08282.16   255 >LH00406:11:22GHGVLT3:1:1101:22747:4845 -             85   1.7e-22   80.6   0.0   1   1   3.6e-26   1.9e-22   80.5   0.0   144   227     2    85     1    85 0.98 haloacid dehalogenase-like hydrolase
Hydrolase            PF00702.30   191 >LH00406:11:22GHGVLT3:1:1101:22747:4845 -             85   4.1e-06   27.5   0.0   1   1   9.1e-10   4.7e-06   27.3   0.0   151   191    41    81     2    81 0.59 haloacid dehalogenase-like hydrolase
S6PP                 PF05116.17   247 >LH00406:11:22GHGVLT3:1:1101:22747:4845 -             85   6.5e-05   22.8   0.0   1   1   1.2e-08   6.5e-05   22.8   0.0   148   204    28    84     6    85 0.83 Sucrose-6F-phosphate phosphohydrolase
HAD                  PF12710.11   189 >LH00406:11:22GHGVLT3:1:1101:22747:4845 -             85    0.0046   17.6   0.0   1   1   9.1e-07    0.0047   17.6   0.0   149   189    40    78    12    78 0.80 haloacid dehalogenase-like hydrolase
GMP_PDE_delta        PF05351.15   155 >LH00406:11:22GHGVLT3:1:1101:34508:4877 -             66     0.098   12.9   0.0   1   1   5.6e-06      0.12   12.7   0.0    72    97    12    37     4    42 0.90 GMP-PDE, delta subunit
RLIP76_Ral-bd        PF20924.1     49 >LH00406:11:22GHGVLT3:1:1101:38891:4877 -             84     0.093   13.1   0.3   1   1   6.3e-06      0.13   12.6   0.3     4    39    30    65    28    75 0.89 RLIP76, Ral binding domain
Cons_hypoth95        PF03602.19   182 >LH00406:11:22GHGVLT3:1:1101:42977:4877 -             65    0.0066   16.3   0.0   1   1   9.7e-07    0.0067   16.3   0.0    93   124    32    64     6    65 0.74 Conserved hypothetical protein 95
MethyltransfD12      PF02086.19   253 >LH00406:11:22GHGVLT3:1:1101:42977:4877 -             65     0.048   13.6   0.1   1   1   6.9e-06     0.048   13.6   0.1   172   186    50    64    16    65 0.72 D12 class N6 adenine-specific DNA methyltransferase
DUF357               PF04010.17    73 >LH00406:11:22GHGVLT3:1:1101:42977:4877 -             65      0.06   13.6   0.0   1   1     1e-05     0.071   13.3   0.0    43    62    32    51    16    55 0.93 Protein of unknown function (DUF357)
Y_Y_Y                PF07495.17    65 >LH00406:11:22GHGVLT3:1:1101:14989:4925 -             59     0.027   14.6   0.1   1   1   3.6e-06     0.037   14.1   0.1    18    44    34    59    29    59 0.76 Y_Y_Y domain
PPC                  PF04151.19    70 >LH00406:11:22GHGVLT3:1:1101:14989:4925 -             59     0.057   14.5   0.1   1   1   7.7e-06      0.08   14.0   0.1    39    67    31    58    27    59 0.89 Bacterial pre-peptidase C-terminal domain
DUF5633              PF18656.5     41 >LH00406:11:22GHGVLT3:1:1101:34018:4957 -             69     0.019   15.0   0.0   1   1   2.4e-06     0.025   14.6   0.0    28    38     2    12     1    14 0.89 Family of unknown function (DUF5633)
Glyco_hydro_43       PF04616.18   287 >LH00406:11:22GHGVLT3:1:1101:34018:4957 -             69      0.13   11.8   0.1   1   1   1.4e-05      0.15   11.6   0.1   246   287     2    38     1    38 0.93 Glycosyl hydrolases family 43
zf-CHC2              PF01807.24    98 >LH00406:11:22GHGVLT3:1:1101:35109:4957 -             50   2.3e-06   27.5   0.0   1   1   2.3e-10   2.4e-06   27.4   0.0    30    63    17    50     6    50 0.91 CHC2 zinc finger
AGK_C                PF19712.3    215 >LH00406:11:22GHGVLT3:1:1101:35109:4957 -             50      0.14   11.7   0.1   1   1   1.4e-05      0.14   11.7   0.1    13    34    13    34     4    40 0.81 Acylglycerol kinase C-terminal
DDE_Tnp_IS66         PF03050.18   285 >LH00406:11:22GHGVLT3:1:1101:42839:4957 -             69   3.4e-11   43.3   0.0   1   1   1.8e-15   3.6e-11   43.2   0.0   204   271     2    69     1    69 0.97 Transposase IS66 family
DPF1-3_N             PF14051.10    72 >LH00406:11:22GHGVLT3:1:1101:30070:5006 -             81       0.1   13.0   0.0   1   1   8.2e-06      0.17   12.3   0.0    21    67    11    57     7    62 0.85 DPF1-3, N-terminal
EccD                 PF19053.4    392 >LH00406:11:22GHGVLT3:1:1101:22072:5054 -             88      0.27   10.3   0.0   1   1   1.3e-05      0.27   10.3   0.0   247   291     9    52     3    79 0.83 EccD-like transmembrane domain
Arginase             PF00491.25   279 >LH00406:11:22GHGVLT3:1:1101:11762:5070 -             56   1.1e-13   51.5   0.2   1   1   5.3e-18   1.1e-13   51.5   0.2    97   149     1    49     1    56 0.87 Arginase family
RNase_T              PF00929.28   164 >LH00406:11:22GHGVLT3:1:1101:14231:5086 -             82   0.00059   20.6   0.1   1   1   3.5e-08   0.00073   20.3   0.1     1    24    59    81    59    82 0.91 Exonuclease
DUF1518              PF07469.16    58 >LH00406:11:22GHGVLT3:1:1101:15331:5102 -             66       0.1   13.1   0.0   1   1   6.5e-06      0.14   12.8   0.0    19    45     6    34     3    43 0.84 Nuclear receptor coactivator, DUF1518
ComX                 PF05952.16    55 >LH00406:11:22GHGVLT3:1:1101:19196:5134 -             60      0.17   12.1   0.1   1   1   9.8e-06       0.2   11.8   0.1    11    43    22    53    16    58 0.84 Bacillus competence pheromone ComX
LRR_5                PF13306.10   127 >LH00406:11:22GHGVLT3:1:1101:35442:5214 -             63   2.5e-10   40.6   0.0   1   1   2.4e-14   2.5e-10   40.5   0.0     2    48     4    51     3    63 0.69 BspA type Leucine rich repeat region (6 copies)
LRR_8                PF13855.10    61 >LH00406:11:22GHGVLT3:1:1101:35442:5214 -             63    0.0011   18.9   0.0   1   2   6.2e-06     0.065   13.2   0.0    16    55     5    43     3    46 0.89 Leucine rich repeat
LRR_8                PF13855.10    61 >LH00406:11:22GHGVLT3:1:1101:35442:5214 -             63    0.0011   18.9   0.0   2   2   0.00014       1.5    8.9   0.0    38    55    26    43    23    61 0.75 Leucine rich repeat
DUF4716              PF15837.9     60 >LH00406:11:22GHGVLT3:1:1101:21434:5230 -             61     0.022   15.0   1.1   1   1   1.6e-06     0.033   14.4   1.1     5    27    35    57    32    59 0.81 Domain of unknown function (DUF4716)
PorZ_N_b_propeller   PF21544.1    154 >LH00406:11:22GHGVLT3:1:1101:21952:5230 -             63   1.4e-19   71.1   3.2   1   1   7.1e-24   1.5e-19   71.0   3.2    34    94     1    62     1    63 0.96 TSS9, PorZ, N-terminal beta-propeller domain
Isoamylase_C         PF21331.1    107 >LH00406:11:22GHGVLT3:1:1101:40851:5230 -             48   0.00023   21.7   0.0   1   1   2.2e-08   0.00023   21.7   0.0    38    64    22    48     6    48 0.87 Isoamylase, C-terminal
ISOA1-3_C            PF21156.1    106 >LH00406:11:22GHGVLT3:1:1101:40851:5230 -             48      0.11   12.9   0.0   1   1   1.2e-05      0.12   12.8   0.0    24    54    17    48    10    48 0.84 Isoamylase 1-3, C-terminal
DUF6781              PF20572.2    213 >LH00406:11:22GHGVLT3:1:1101:47998:5246 -             85     0.023   14.7   0.0   1   1   1.3e-06     0.028   14.5   0.0    15    52    40    77    32    81 0.88 Family of unknown function (DUF6781)
Pterin_4a            PF01329.23    91 >LH00406:11:22GHGVLT3:1:1101:4717:5262 -             81     0.032   14.6   0.0   1   1   2.1e-06     0.045   14.1   0.0     3    44    33    75    31    79 0.82 Pterin 4 alpha carbinolamine dehydratase
AraC_binding         PF02311.23   135 >LH00406:11:22GHGVLT3:1:1101:4846:5262 -             63    0.0018   18.2   0.0   1   1   5.9e-07     0.002   18.0   0.0    26    65    15    54    14    62 0.87 AraC-like ligand binding domain
Cupin_2              PF07883.15    70 >LH00406:11:22GHGVLT3:1:1101:4846:5262 -             63    0.0025   17.7   0.0   1   1   7.5e-07    0.0026   17.6   0.0    24    53    18    47    12    63 0.87 Cupin domain
MPI_cupin_dom        PF21621.1     79 >LH00406:11:22GHGVLT3:1:1101:4846:5262 -             63    0.0031   17.7   0.0   1   1   9.5e-07    0.0033   17.6   0.0    30    70    13    55     3    62 0.81 Mannose-6-phosphate isomerase, cupin domain
EutQ                 PF06249.16   152 >LH00406:11:22GHGVLT3:1:1101:4846:5262 -             63     0.038   14.0   0.0   1   1   1.2e-05     0.043   13.8   0.0    93   132    10    49     6    57 0.87 Ethanolamine utilisation protein EutQ
AraC_binding_2       PF14525.10   173 >LH00406:11:22GHGVLT3:1:1101:4846:5262 -             63     0.048   13.7   0.0   1   1   1.5e-05     0.052   13.5   0.0    59   101    16    59     6    62 0.88 AraC-binding-like domain
Cupin_3              PF05899.16    74 >LH00406:11:22GHGVLT3:1:1101:4846:5262 -             63       0.1   12.5   0.0   1   1   3.2e-05      0.11   12.4   0.0    31    61    18    47     7    60 0.86 EutQ-like cupin domain
Peptidase_A8         PF01252.22   142 >LH00406:11:22GHGVLT3:1:1101:45751:5262 -             57     0.061   13.7   2.3   1   1   1.2e-05     0.062   13.7   2.3    54    94    11    53     3    57 0.74 Signal peptidase (SPase) II
WBP-1                PF11669.12   102 >LH00406:11:22GHGVLT3:1:1101:45751:5262 -             57     0.085   13.7   1.5   1   1   1.8e-05     0.094   13.6   1.4    17    42     6    31     2    46 0.81 WW domain-binding protein 1
TgpA_N               PF11992.12   333 >LH00406:11:22GHGVLT3:1:1101:45751:5262 -             57      0.15   11.2   4.7   1   1   2.9e-05      0.15   11.2   4.7    14    62     7    54     2    57 0.59 TgpA N-terminal domain
DUF4131              PF13567.10   165 >LH00406:11:22GHGVLT3:1:1101:45751:5262 -             57       6.8    6.5   8.5   1   1    0.0014       7.2    6.5   8.5     4    48    10    54     7    57 0.64 Domain of unknown function (DUF4131)
LRR_5                PF13306.10   127 >LH00406:11:22GHGVLT3:1:1101:4060:5278 -             84   3.5e-11   43.3   0.0   1   1   2.2e-15   4.6e-11   42.9   0.0     6    52    18    65    14    80 0.63 BspA type Leucine rich repeat region (6 copies)
HTH_16               PF12645.11    65 >LH00406:11:22GHGVLT3:1:1101:9987:5294 -             77     0.063   13.5   0.2   1   2      0.21   2.2e+03   -1.0   0.0    43    48     9    14     2    30 0.56 Helix-turn-helix domain
HTH_16               PF12645.11    65 >LH00406:11:22GHGVLT3:1:1101:9987:5294 -             77     0.063   13.5   0.2   2   2   1.9e-05       0.2   11.9   0.1    16    31    36    51    31    52 0.90 Helix-turn-helix domain
Rad50_zn_hook        PF04423.18    52 >LH00406:11:22GHGVLT3:1:1101:9987:5294 -             77     0.066   13.2   0.4   1   1   2.1e-05      0.21   11.6   0.4     1    48     7    49     7    52 0.93 Rad50 zinc hook motif
Glyco_hydro_25       PF01183.24   180 >LH00406:11:22GHGVLT3:1:1101:1120:5310 -             79   1.2e-08   35.6   1.3   1   1   6.7e-13   1.4e-08   35.5   1.3   119   180     2    59     1    59 0.93 Glycosyl hydrolases family 25
TM2                  PF05154.20    51 >LH00406:11:22GHGVLT3:1:1101:16792:5326 -             62      0.07   13.6   0.3   1   2      0.12   2.4e+03   -1.0   0.2    25    35     3    13     2    20 0.57 TM2 domain
TM2                  PF05154.20    51 >LH00406:11:22GHGVLT3:1:1101:16792:5326 -             62      0.07   13.6   0.3   2   2   3.3e-06      0.07   13.6   0.3    18    38    30    50    25    53 0.83 TM2 domain
TrkA_N               PF02254.22   116 >LH00406:11:22GHGVLT3:1:1101:14860:5342 -             79   2.8e-12   47.2   0.1   1   1   1.3e-16   2.8e-12   47.2   0.1    37   103    11    76     1    79 0.85 TrkA-N domain
Queuosine_synth      PF02547.19   322 >LH00406:11:22GHGVLT3:1:1101:37698:5342 -             48   1.4e-16   60.8   0.2   1   1   7.2e-21   1.5e-16   60.6   0.2   163   210     1    48     1    48 0.99 Queuosine biosynthesis protein
NnrS                 PF05940.16   369 >LH00406:11:22GHGVLT3:1:1101:1962:5358 -             71     0.017   14.7   1.1   1   1   1.9e-06     0.019   14.5   1.1   216   260     8    51     2    59 0.87 NnrS protein
Somatostatin         PF03002.19    18 >LH00406:11:22GHGVLT3:1:1101:1962:5358 -             71       2.3    8.4   6.3   1   1   0.00032       3.3    7.9   6.3     7    18    43    54    43    54 0.99 Somatostatin/Cortistatin family
SOXp                 PF12336.12    88 >LH00406:11:22GHGVLT3:1:1101:38613:5358 -             82      0.14   13.4   0.0   1   1   1.8e-05      0.18   13.0   0.0    39    75    36    72    27    73 0.87 SOX transcription factor
M16C_assoc           PF08367.15   253 >LH00406:11:22GHGVLT3:1:1101:38613:5358 -             82      0.18   11.1   0.0   1   1   1.8e-05      0.19   11.1   0.0   117   154    28    66    24    73 0.85 Peptidase M16C associated
TrkA_C               PF02080.25    71 >LH00406:11:22GHGVLT3:1:1101:46112:5374 -             66   1.2e-10   41.3   0.0   1   1   1.8e-14   1.3e-10   41.2   0.0     8    71     1    64     1    64 0.90 TrkA-C domain
PH_16                PF17838.5    128 >LH00406:11:22GHGVLT3:1:1101:46112:5374 -             66     0.052   13.6   0.0   1   1   8.7e-06     0.061   13.4   0.0     4    35    13    43    11    59 0.84 PH domain
Castor_Poll_mid      PF06241.16   104 >LH00406:11:22GHGVLT3:1:1101:46112:5374 -             66      0.22   11.8   0.0   1   1   3.4e-05      0.24   11.6   0.0    40    95     5    58     1    63 0.84 Castor and Pollux, part of voltage-gated ion channel
PDDEXK_9             PF08011.15   104 >LH00406:11:22GHGVLT3:1:1101:20121:5390 -             84   0.00087   19.4   0.1   1   2       0.5   5.2e+03   -2.4   0.0    77    77    15    15     4    31 0.48 PD-(D/E)XK nuclease superfamily
PDDEXK_9             PF08011.15   104 >LH00406:11:22GHGVLT3:1:1101:20121:5390 -             84   0.00087   19.4   0.1   2   2   1.5e-07    0.0016   18.6   0.0     3    43    45    81    43    84 0.90 PD-(D/E)XK nuclease superfamily
TPR_14               PF13428.10    45 >LH00406:11:22GHGVLT3:1:1101:20121:5390 -             84      0.06   14.4   0.1   1   1   1.1e-05      0.12   13.5   0.1     6    35     6    35     3    41 0.88 Tetratricopeptide repeat
Glucosamine_iso      PF01182.24   225 >LH00406:11:22GHGVLT3:1:1101:34378:5390 -             89   9.7e-06   25.8   0.0   1   1   2.6e-09   1.1e-05   25.6   0.0   169   218     4    53     1    61 0.88 Glucosamine-6-phosphate isomerases/6-phosphogluconolactonase
DUF2561              PF10812.12   209 >LH00406:11:22GHGVLT3:1:1101:34378:5390 -             89      0.08   13.2   0.0   1   1   2.6e-05      0.11   12.7   0.0   160   199     9    48     5    51 0.94 Protein of unknown function (DUF2561)
DUF6429              PF20008.3     48 >LH00406:11:22GHGVLT3:1:1101:34378:5390 -             89      0.12   12.5   0.0   1   1   5.6e-05      0.23   11.6   0.0    27    42    18    33    15    38 0.88 Domain of unknown function (DUF6429)
Gpi16                PF04113.18   569 >LH00406:11:22GHGVLT3:1:1101:34378:5390 -             89      0.13   10.8   0.0   1   1   3.2e-05      0.13   10.8   0.0   184   239     5    65     2    84 0.74 Gpi16 subunit, GPI transamidase component
DUF6824              PF20710.1     84 >LH00406:11:22GHGVLT3:1:1101:34378:5390 -             89      0.19   12.4   0.0   1   1   5.2e-05      0.21   12.2   0.0    25    64    17    58    12    74 0.81 Domain of unknown function (DUF6824)
Hexapep              PF00132.28    36 >LH00406:11:22GHGVLT3:1:1101:44558:5438 -             78     6e-23   79.7  16.0   1   3   2.9e-16     2e-12   46.4   5.4     2    36     7    41     6    41 0.96 Bacterial transferase hexapeptide (six repeats)
Hexapep              PF00132.28    36 >LH00406:11:22GHGVLT3:1:1101:44558:5438 -             78     6e-23   79.7  16.0   2   3   2.4e-12   1.6e-08   34.0   2.4     1    35    24    58    24    59 0.97 Bacterial transferase hexapeptide (six repeats)
Hexapep              PF00132.28    36 >LH00406:11:22GHGVLT3:1:1101:44558:5438 -             78     6e-23   79.7  16.0   3   3   3.6e-06     0.025   14.5   0.0     1    25    54    78    54    78 0.97 Bacterial transferase hexapeptide (six repeats)
DCTN5                PF21711.1    182 >LH00406:11:22GHGVLT3:1:1101:44558:5438 -             78     0.014   15.2   0.0   1   1   2.2e-06     0.015   15.1   0.0   100   150    11    61     2    74 0.84 Dynactin subunit 5
Hexapep_2            PF14602.10    34 >LH00406:11:22GHGVLT3:1:1101:44558:5438 -             78      0.02   14.8   2.6   1   3   2.9e-06      0.02   14.8   2.6     2    30    13    43     6    44 0.90 Hexapeptide repeat of succinyl-transferase
Hexapep_2            PF14602.10    34 >LH00406:11:22GHGVLT3:1:1101:44558:5438 -             78      0.02   14.8   2.6   2   3       1.1     8e+03   -3.1   0.0     3     7    56    60    55    60 0.58 Hexapeptide repeat of succinyl-transferase
Hexapep_2            PF14602.10    34 >LH00406:11:22GHGVLT3:1:1101:44558:5438 -             78      0.02   14.8   2.6   3   3      0.36   2.5e+03   -1.5   0.0     2     6    73    77    72    78 0.67 Hexapeptide repeat of succinyl-transferase
DUF456               PF04306.17   139 >LH00406:11:22GHGVLT3:1:1101:11023:5454 -             63    0.0051   17.3   1.1   1   1   1.2e-06    0.0061   17.0   1.1     9    64     6    58     3    61 0.83 Protein of unknown function (DUF456)
SPC25                PF06703.15   159 >LH00406:11:22GHGVLT3:1:1101:11023:5454 -             63      0.13   12.2   0.7   1   1   3.2e-05      0.17   11.8   0.4    60    96    19    55    13    61 0.87 Microsomal signal peptidase 25 kDa subunit (SPC25)
DUF5090              PF17009.9    187 >LH00406:11:22GHGVLT3:1:1101:11023:5454 -             63      0.49   10.5   4.0   1   1   9.6e-05       0.5   10.5   4.0   121   174     2    55     1    61 0.77 Domain of unknown function (DUF5090)
FixQ                 PF05545.15    49 >LH00406:11:22GHGVLT3:1:1101:11023:5454 -             63         1    9.6   6.8   1   2     0.047   2.4e+02    2.0   0.9    16    29     5    18     2    18 0.88 Cbb3-type cytochrome oxidase component FixQ
FixQ                 PF05545.15    49 >LH00406:11:22GHGVLT3:1:1101:11023:5454 -             63         1    9.6   6.8   2   2   6.4e-05      0.33   11.1   0.6    12    37    28    53    24    56 0.87 Cbb3-type cytochrome oxidase component FixQ
FtsL_2               PF19579.3    100 >LH00406:11:22GHGVLT3:1:1101:27009:5470 -             67    0.0052   16.9   0.1   1   1   2.8e-07    0.0057   16.7   0.1    35    70    14    49    10    64 0.86 Bacteriodetes cell division protein (FtsL-like)
Nrap_D3              PF17404.6    160 >LH00406:11:22GHGVLT3:1:1101:31614:5470 -             49     0.098   13.0   0.0   1   1   4.7e-06     0.098   13.0   0.0    46    88     2    44     1    49 0.68 Nrap protein domain 3
Glyco_hydro_20b      PF02838.19   124 >LH00406:11:22GHGVLT3:1:1101:32640:5614 -             67   3.8e-08   34.3   0.0   1   1   9.8e-12   4.1e-08   34.2   0.0    14    81     2    67     1    67 0.89 Glycosyl hydrolase family 20, domain 2
TIR_2                PF13676.10   122 >LH00406:11:22GHGVLT3:1:1101:32640:5614 -             67     0.036   14.8   0.0   1   1     9e-06     0.037   14.7   0.0     1    29    12    42    12    63 0.80 TIR domain
DUF3164              PF11363.12   194 >LH00406:11:22GHGVLT3:1:1101:32640:5614 -             67     0.041   13.7   0.0   1   1     1e-05     0.043   13.6   0.0    38    76    11    52     4    60 0.74 Protein of unknown function (DUF3164)
Big_5                PF13205.10   105 >LH00406:11:22GHGVLT3:1:1101:32640:5614 -             67      0.14   13.0   0.1   1   1   4.7e-05       0.2   12.6   0.1    49    85     9    44     2    52 0.83 Bacterial Ig-like domain
BRCA2                PF00634.22    29 >LH00406:11:22GHGVLT3:1:1101:32640:5614 -             67      0.17   11.5   0.0   1   1   9.1e-05      0.38   10.5   0.0     3    13    14    24    12    25 0.89 BRCA2 repeat
AzlC                 PF03591.18   137 >LH00406:11:22GHGVLT3:1:1101:8332:5662 -             77   7.6e-09   36.3   1.3   1   2   3.7e-13   7.6e-09   36.3   1.3    90   137     1    52     1    52 0.87 AzlC protein
AzlC                 PF03591.18   137 >LH00406:11:22GHGVLT3:1:1101:8332:5662 -             77   7.6e-09   36.3   1.3   2   2      0.34     7e+03   -2.5   0.1    22    30    59    67    55    72 0.48 AzlC protein
DUF3906              PF13046.10    64 >LH00406:11:22GHGVLT3:1:1101:51992:5662 -             78      0.15   12.4   0.2   1   2     0.031   6.4e+02    0.8   0.0    45    56    15    26     4    30 0.78 Protein of unknown function (DUF3906)
DUF3906              PF13046.10    64 >LH00406:11:22GHGVLT3:1:1101:51992:5662 -             78      0.15   12.4   0.2   2   2   5.2e-05       1.1    9.6   0.1     8    34    51    78    48    78 0.81 Protein of unknown function (DUF3906)
Cas_Cas1             PF01867.20   283 >LH00406:11:22GHGVLT3:1:1101:38928:5711 -             83     2e-08   34.0   0.0   1   1     1e-12   2.1e-08   33.8   0.0   105   192     1    82     1    83 0.92 CRISPR associated protein Cas1
AAA-ATPase_like      PF09820.13   279 >LH00406:11:22GHGVLT3:1:1101:11744:5775 -             45   2.6e-08   33.8   0.3   1   1   1.3e-12   2.8e-08   33.7   0.3     1    29    16    44    16    45 0.95 Predicted AAA-ATPase
Docking              PF08990.15    29 >LH00406:11:22GHGVLT3:1:1101:32890:5791 -             49      0.18   11.8   0.0   1   1   1.1e-05      0.22   11.5   0.0     3    17    28    42    26    42 0.89 Erythronolide synthase docking domain
LRR_5                PF13306.10   127 >LH00406:11:22GHGVLT3:1:1101:41859:5791 -             76   1.8e-05   24.8   0.1   1   1   1.1e-09   2.3e-05   24.5   0.1    36    76     1    41     1    46 0.60 BspA type Leucine rich repeat region (6 copies)
Beta_helix           PF13229.10   158 >LH00406:11:22GHGVLT3:1:1101:4033:5839 -             83     5e-06   26.4   1.0   1   1   1.2e-09   6.3e-06   26.1   1.0    33    87    10    62     3    79 0.60 Right handed beta helix region
DUF4957              PF16318.9    141 >LH00406:11:22GHGVLT3:1:1101:4033:5839 -             83    0.0053   16.9   0.7   1   1   1.5e-06    0.0076   16.3   0.7    73   129     8    63     2    67 0.85 Domain of unknown function (DUF4957)
DUF5462              PF17547.6    157 >LH00406:11:22GHGVLT3:1:1101:4033:5839 -             83     0.012   15.2   0.0   1   1   2.7e-06     0.014   15.0   0.0    57   113     5    61     1    64 0.92 Family of unknown function (DUF5462)
PS_Dcarbxylase       PF02666.19   198 >LH00406:11:22GHGVLT3:1:1101:4033:5839 -             83     0.067   13.0   0.0   1   1   1.3e-05     0.068   13.0   0.0    55   126    11    79     1    82 0.84 Phosphatidylserine decarboxylase
DUF5112              PF17139.8    266 >LH00406:11:22GHGVLT3:1:1101:4088:5839 -             89     1e-19   71.3   0.0   1   1   1.2e-23   1.2e-19   71.0   0.0   205   265     9    69     5    70 0.97 Domain of unknown function (DUF5112)
L51_S25_CI-B8        PF05047.20    52 >LH00406:11:22GHGVLT3:1:1101:4088:5839 -             89     0.071   13.3   0.1   1   1   1.1e-05      0.12   12.6   0.1     1    16    32    48    32    49 0.95 Mitochondrial ribosomal protein L51 / S25 / CI-B8 domain
Mg_chelatase_C       PF13335.10    94 >LH00406:11:22GHGVLT3:1:1101:14888:5903 -             42   8.2e-08   32.9   0.1   1   1     8e-12   8.3e-08   32.9   0.1    26    64     4    42     1    42 0.96 Magnesium chelatase, subunit ChlI C-terminal
RNA_pol_A_CTD        PF03118.19    67 >LH00406:11:22GHGVLT3:1:1101:14888:5903 -             42     0.098   12.6   0.0   1   1   1.2e-05      0.13   12.2   0.0     8    26    24    42    17    42 0.84 Bacterial RNA polymerase, alpha chain C terminal domain
DUF6779              PF20570.2    108 >LH00406:11:22GHGVLT3:1:1101:19002:5919 -             86     0.092   13.6   8.2   1   1   2.8e-05     0.098   13.5   8.2    22    88     3    69     1    84 0.71 Domain of unknown function (DUF6779)
UPF0242              PF06785.15   194 >LH00406:11:22GHGVLT3:1:1101:19002:5919 -             86       1.2    9.3   6.3   1   1   0.00039       1.4    9.2   6.3    76   147     6    77     2    86 0.46 Uncharacterised protein family (UPF0242) N-terminus
SVIP                 PF15811.9     77 >LH00406:11:22GHGVLT3:1:1101:19002:5919 -             86       1.8    9.3  15.7   1   1     0.005        17    6.2  14.9    13    70    10    64     2    70 0.82 Small VCP/p97-interacting protein
DUF2570              PF10828.12   108 >LH00406:11:22GHGVLT3:1:1101:19002:5919 -             86       3.5    7.9   9.1   1   1    0.0019       6.6    7.0   9.1    32    79    16    63     4    76 0.79 Protein of unknown function (DUF2570)
Knl1_RWD_C           PF18210.5    151 >LH00406:11:22GHGVLT3:1:1101:19002:5919 -             86       4.7    7.5  11.0   1   1    0.0021       7.2    6.9  11.0     2    55     7    73     6    85 0.75 Knl1 RWD C-terminal domain
DUF2681              PF10883.12    90 >LH00406:11:22GHGVLT3:1:1101:19002:5919 -             86       5.7    7.6  11.0   1   1    0.0026         9    7.0  11.0    24    71     6    57     1    71 0.71 Protein of unknown function (DUF2681)
TPR_20               PF14561.10    90 >LH00406:11:22GHGVLT3:1:1101:28646:5935 -             61       0.1   13.1   0.1   1   1   6.2e-06      0.13   12.8   0.1    54    81    27    54    20    57 0.86 Tetratricopeptide repeat
Hexapep_2            PF14602.10    34 >LH00406:11:22GHGVLT3:1:1101:25863:6047 -             67   3.6e-06   26.8   1.1   1   2   6.3e-05      0.66   10.0   0.0    18    30    13    25     4    29 0.74 Hexapeptide repeat of succinyl-transferase
Hexapep_2            PF14602.10    34 >LH00406:11:22GHGVLT3:1:1101:25863:6047 -             67   3.6e-06   26.8   1.1   2   2   1.6e-06     0.017   15.1   0.7     2    23    36    61    35    67 0.68 Hexapeptide repeat of succinyl-transferase
Hexapep              PF00132.28    36 >LH00406:11:22GHGVLT3:1:1101:25863:6047 -             67   0.00067   19.4   5.2   1   4    0.0027        28    4.8   0.1    19    28    12    21     3    24 0.76 Bacterial transferase hexapeptide (six repeats)
Hexapep              PF00132.28    36 >LH00406:11:22GHGVLT3:1:1101:25863:6047 -             67   0.00067   19.4   5.2   2   4    0.0029        30    4.7   0.0     2    13    13    24    12    29 0.61 Bacterial transferase hexapeptide (six repeats)
Hexapep              PF00132.28    36 >LH00406:11:22GHGVLT3:1:1101:25863:6047 -             67   0.00067   19.4   5.2   3   4   1.6e-06     0.017   15.0   0.4    21    35    37    51    35    52 0.71 Bacterial transferase hexapeptide (six repeats)
Hexapep              PF00132.28    36 >LH00406:11:22GHGVLT3:1:1101:25863:6047 -             67   0.00067   19.4   5.2   4   4      0.18   1.9e+03   -0.9   0.1     2    12    56    66    54    67 0.61 Bacterial transferase hexapeptide (six repeats)
CCER1                PF15482.10   215 >LH00406:11:22GHGVLT3:1:1101:38040:6063 -             70     0.078   13.0   5.4   1   1     4e-06     0.083   12.9   5.4   113   160    20    65    13    70 0.84 Coiled-coil domain-containing glutamate-rich protein family 1
NUDIX_4              PF14815.10   113 >LH00406:11:22GHGVLT3:1:1101:49635:6063 -             74   0.00039   20.4   0.0   1   1   8.9e-08   0.00062   19.8   0.0    12    31    46    65    40    73 0.85 NUDIX domain
GerE                 PF00196.23    57 >LH00406:11:22GHGVLT3:1:1101:49635:6063 -             74     0.077   12.8   0.1   1   2   0.00023       1.6    8.6   0.1    25    41     8    24     8    26 0.89 Bacterial regulatory proteins, luxR family
GerE                 PF00196.23    57 >LH00406:11:22GHGVLT3:1:1101:49635:6063 -             74     0.077   12.8   0.1   2   2     0.023   1.6e+02    2.2   0.0    24    39    36    51    32    52 0.91 Bacterial regulatory proteins, luxR family
DUF6448              PF20046.3    147 >LH00406:11:22GHGVLT3:1:1101:49635:6063 -             74      0.16   12.1   0.0   1   1   2.4e-05      0.16   12.1   0.0    54    78    38    62    13    71 0.83 Family of unknown function (DUF6448)
Plug                 PF07715.19   107 >LH00406:11:22GHGVLT3:1:1101:11559:6127 -             72     0.001   19.8   0.2   1   1   5.1e-08    0.0011   19.7   0.2    23    77     3    54     1    70 0.82 TonB-dependent Receptor Plug Domain
DAN                  PF03045.19   113 >LH00406:11:22GHGVLT3:1:1101:34748:6127 -             77   0.00044   20.4   0.8   1   1   2.5e-08   0.00052   20.2   0.8    42    80    14    52     3    52 0.89 DAN domain
Rep3_N               PF01051.25   141 >LH00406:11:22GHGVLT3:1:1101:1758:6159 -             66   8.7e-09   36.1   0.0   1   1   4.5e-13   9.3e-09   36.0   0.0    90   140     7    57     2    58 0.91 Initiator Replication protein, WH1
Plug                 PF07715.19   107 >LH00406:11:22GHGVLT3:1:1101:17865:6159 -             76     0.052   14.3   0.1   1   1   2.8e-06     0.058   14.1   0.1     9    67    25    73    17    76 0.81 TonB-dependent Receptor Plug Domain
Na_H_antiporter      PF03553.18   303 >LH00406:11:22GHGVLT3:1:1101:1250:6175 -             52   7.7e-16   58.4   2.0   1   1     4e-20   8.2e-16   58.3   2.0   252   303     1    51     1    51 0.98 Na+/H+ antiporter family
Peptidase_M48        PF01435.22   186 >LH00406:11:22GHGVLT3:1:1101:46334:6175 -             86   1.5e-06   28.3   0.0   1   1   8.4e-11   1.8e-06   28.1   0.0   144   185     1    53     1    54 0.96 Peptidase family M48
Glyco_hydro_32N      PF00251.24   307 >LH00406:11:22GHGVLT3:1:1101:7121:6191 -             37   1.5e-05   24.9   0.0   1   1   7.1e-10   1.5e-05   24.9   0.0    63    91     1    29     1    36 0.89 Glycosyl hydrolases family 32 N-terminal domain
NRDD                 PF13597.10   568 >LH00406:11:22GHGVLT3:1:1101:18299:6207 -             70     4e-09   35.9   0.0   1   1     2e-13   4.1e-09   35.8   0.0   254   301     6    62     1    69 0.73 Anaerobic ribonucleoside-triphosphate reductase
Syndecan             PF01034.24    64 >LH00406:11:22GHGVLT3:1:1101:26529:6207 -             67     0.012   15.7   0.6   1   1   9.9e-07     0.021   15.0   0.6    10    34    18    42    12    43 0.90 Syndecan domain
Cytochrom_B558a      PF05038.17   184 >LH00406:11:22GHGVLT3:1:1101:45243:6239 -             72      0.28   11.0   0.8   1   1   2.9e-05       0.3   10.9   0.8    92   133    28    69     8    71 0.77 Cytochrome Cytochrome b558 alpha-subunit
DUF3043              PF11241.12   171 >LH00406:11:22GHGVLT3:1:1101:45243:6239 -             72       1.2    9.3   2.7   1   1   0.00014       1.4    9.1   2.7    79   128    14    62    11    66 0.79 Protein of unknown function (DUF3043)
Pax7                 PF12360.12    44 >LH00406:11:22GHGVLT3:1:1101:37550:6271 -             55      0.22   12.0   0.6   1   1   1.3e-05      0.27   11.7   0.6     8    21     5    15     1    17 0.87 Paired box protein 7
DUF6769              PF20558.2    130 >LH00406:11:22GHGVLT3:1:1101:33694:6319 -             75       0.1   13.4   5.2   1   1   5.4e-06      0.11   13.3   5.2    16    63     2    47     1    69 0.58 Family of unknown function (DUF6769)
Toluene_X            PF03349.20   431 >LH00406:11:22GHGVLT3:1:1101:34526:6319 -             83     0.014   14.1   0.0   1   1   7.4e-07     0.015   13.9   0.0   201   243    16    58    13    82 0.84 Outer membrane protein transport protein (OMPP1/FadL/TodX)
FTHFS                PF01268.23   556 >LH00406:11:22GHGVLT3:1:1101:16191:6335 -             78   2.8e-23   82.1   0.2   1   1   5.9e-27   3.1e-23   82.0   0.2     3    82     1    78     1    78 0.95 Formate--tetrahydrofolate ligase
HTH_Tnp_ISL3         PF13542.10    51 >LH00406:11:22GHGVLT3:1:1101:16191:6335 -             78     0.056   13.1   0.0   1   1   1.7e-05     0.089   12.4   0.0    20    45     4    29     2    33 0.90 Helix-turn-helix domain of transposase family ISL3
Viral_DNA_bp         PF00747.21  1126 >LH00406:11:22GHGVLT3:1:1101:16191:6335 -             78     0.084   10.3   0.0   1   1   1.8e-05     0.092   10.1   0.0   391   439    15    61     3    63 0.81 ssDNA binding protein
CbiA                 PF01656.27   125 >LH00406:11:22GHGVLT3:1:1101:16191:6335 -             78      0.42   10.8   1.9   1   2       0.6   3.1e+03   -1.7   0.0    91    99    22    30    10    49 0.55 CobQ/CobB/MinD/ParA nucleotide binding domain
CbiA                 PF01656.27   125 >LH00406:11:22GHGVLT3:1:1101:16191:6335 -             78      0.42   10.8   1.9   2   2   0.00015      0.79    9.9   1.6     3    20    58    75    56    77 0.88 CobQ/CobB/MinD/ParA nucleotide binding domain
SRP54_N              PF02881.23    75 >LH00406:11:22GHGVLT3:1:1101:9035:6367 -             79   1.7e-12   47.6   0.3   1   1   9.9e-17     2e-12   47.3   0.3    29    75     1    50     1    50 0.94 SRP54-type protein, helical bundle domain
DUF6202              PF19705.3    274 >LH00406:11:22GHGVLT3:1:1101:48645:6367 -             88       0.1   12.0   0.0   1   1   5.8e-06      0.12   11.7   0.0   177   229    17    67     9    75 0.88 Family of unknown function (DUF6202)
tRNA_edit            PF04073.19   123 >LH00406:11:22GHGVLT3:1:1101:18124:6383 -             74   4.1e-08   33.5   0.0   1   1   2.1e-12   4.4e-08   33.4   0.0     1    66     7    73     7    74 0.91 Aminoacyl-tRNA editing domain
FTHFS                PF01268.23   556 >LH00406:11:22GHGVLT3:1:1101:43255:6383 -             71   2.7e-29  102.0   0.1   1   1   1.4e-33     3e-29  101.9   0.1   112   182     1    71     1    71 0.99 Formate--tetrahydrofolate ligase
CIS_spike_tip        PF19267.3    142 >LH00406:11:22GHGVLT3:1:1101:1749:6399 -             70      0.13   12.4   0.0   1   1   6.8e-06      0.14   12.2   0.0    38    84    13    58    10    69 0.86 Contractile injection system spike tip protein
PD40                 PF07676.16    38 >LH00406:11:22GHGVLT3:1:1101:12225:6416 -             86   0.00018   21.6   0.0   1   1   2.4e-08   0.00025   21.1   0.0    11    29    52    70    47    80 0.84 WD40-like Beta Propeller Repeat
DPPIV_N              PF00930.25   354 >LH00406:11:22GHGVLT3:1:1101:12225:6416 -             86    0.0043   16.0   0.0   1   1   4.1e-07    0.0043   16.0   0.0    45    79    52    86    15    86 0.86 Dipeptidyl peptidase IV (DPP IV) N-terminal region
Hexapep              PF00132.28    36 >LH00406:11:22GHGVLT3:1:1101:45187:6432 -             78   3.9e-05   23.4   3.3   1   3   0.00016       1.1    9.2   0.1     3    35     2    34     1    35 0.90 Bacterial transferase hexapeptide (six repeats)
Hexapep              PF00132.28    36 >LH00406:11:22GHGVLT3:1:1101:45187:6432 -             78   3.9e-05   23.4   3.3   2   3   1.5e-05      0.11   12.5   0.2     7    36    18    47    15    47 0.86 Bacterial transferase hexapeptide (six repeats)
Hexapep              PF00132.28    36 >LH00406:11:22GHGVLT3:1:1101:45187:6432 -             78   3.9e-05   23.4   3.3   3   3   8.5e-06     0.059   13.3   0.5     2    28    37    63    36    67 0.90 Bacterial transferase hexapeptide (six repeats)
Fucokinase           PF07959.16   406 >LH00406:11:22GHGVLT3:1:1101:45187:6432 -             78     0.039   13.1   0.8   1   1   9.2e-06     0.064   12.4   0.8   278   332     6    65     2    74 0.69 L-fucokinase
Tox-PL-2             PF15643.10   103 >LH00406:11:22GHGVLT3:1:1101:45187:6432 -             78     0.075   13.4   0.2   1   1   1.3e-05     0.089   13.2   0.2    49    99    23    72     5    74 0.82 Papain fold toxin 2
HTH_18               PF12833.11    81 >LH00406:11:22GHGVLT3:1:1101:28045:6464 -             67    0.0037   17.8   0.0   1   2     0.074   1.5e+03   -0.3   0.0    12    19    21    28     4    33 0.69 Helix-turn-helix domain
HTH_18               PF12833.11    81 >LH00406:11:22GHGVLT3:1:1101:28045:6464 -             67    0.0037   17.8   0.0   2   2   7.4e-07     0.015   15.8   0.0     1    30    34    63    34    66 0.94 Helix-turn-helix domain
PapC_N               PF13954.10   146 >LH00406:11:22GHGVLT3:1:1101:47221:6496 -             89      0.11   12.6   0.1   1   1     6e-06      0.12   12.5   0.1    85   119    33    67    18    77 0.87 PapC N-terminal domain
DUF4434              PF14488.10   283 >LH00406:11:22GHGVLT3:1:1101:51271:6496 -             63      0.13   11.9   0.0   1   1   1.4e-05      0.14   11.8   0.0    23    66    10    54     6    62 0.86 Domain of unknown function (DUF4434)
PIR2-like_helical    PF20235.2    116 >LH00406:11:22GHGVLT3:1:1101:51271:6496 -             63      0.18   12.2   0.0   1   1     2e-05      0.21   12.0   0.0    62    93     4    35     1    42 0.86 PIR2-like, helical domain
Wzy_C                PF04932.19   149 >LH00406:11:22GHGVLT3:1:1101:12992:6528 -             42   5.3e-07   29.7   0.1   1   1   2.6e-11   5.3e-07   29.7   0.1    76   104     6    34     2    42 0.85 O-Antigen ligase
OMP_b-brl            PF13505.10   175 >LH00406:11:22GHGVLT3:1:1101:14407:6576 -             72     0.021   15.2   0.1   1   1   1.1e-06     0.022   15.1   0.1    46   109    10    72     1    72 0.68 Outer membrane protein beta-barrel domain
Melibiase            PF02065.22   347 >LH00406:11:22GHGVLT3:1:1101:34212:6576 -             76   2.4e-06   26.9   0.4   1   2     0.018   3.8e+02   -0.0   0.0   224   248    23    47    20    47 0.81 Melibiase
Melibiase            PF02065.22   347 >LH00406:11:22GHGVLT3:1:1101:34212:6576 -             76   2.4e-06   26.9   0.4   2   2   2.1e-10   4.3e-06   26.1   0.1   271   302    45    76    42    76 0.94 Melibiase
SusD_RagB            PF07980.15   295 >LH00406:11:22GHGVLT3:1:1101:45474:6576 -             66   2.5e-05   24.3   0.1   1   1   3.9e-09   2.7e-05   24.2   0.1   165   228     2    64     1    66 0.88 SusD family
PlyB_C               PF18684.5    173 >LH00406:11:22GHGVLT3:1:1101:45474:6576 -             66     0.035   14.1   0.0   1   1     5e-06     0.035   14.1   0.0    34    69     9    41     3    66 0.77 Pleurotolysin B C-terminal domain
HTH_45               PF14947.10    77 >LH00406:11:22GHGVLT3:1:1101:45474:6576 -             66     0.078   13.2   0.0   1   1   1.1e-05     0.079   13.2   0.0    43    74    21    52     6    55 0.86 Winged helix-turn-helix
Peptidase_S8         PF00082.26   283 >LH00406:11:22GHGVLT3:1:1101:7629:6592 -             70   3.2e-07   30.2   3.5   1   1   1.6e-11   3.2e-07   30.2   3.5    44    73    41    70    13    70 0.83 Subtilase family
Glyco_hydro_57       PF03065.19   291 >LH00406:11:22GHGVLT3:1:1101:10385:6592 -             43   1.8e-05   24.4   0.0   1   1   8.8e-10   1.8e-05   24.4   0.0   169   209     2    43     1    43 0.91 Glycosyl hydrolase family 57
NagJ_C               PF21774.1    114 >LH00406:11:22GHGVLT3:1:1101:26732:6624 -             62     0.023   15.6   0.0   1   1   2.4e-06     0.025   15.5   0.0    59   103     2    46     1    57 0.76 Hyaluronidase post-catalytic domain-like
Glyco_hydro_84_hel   PF21809.1    131 >LH00406:11:22GHGVLT3:1:1101:26732:6624 -             62     0.097   12.9   0.1   1   1   4.3e-05      0.45   10.7   0.1    64   126     2    57     1    62 0.64 Bacterial GH84, post-catalytic domain
DUF3810              PF12725.11   311 >LH00406:11:22GHGVLT3:1:1101:31734:6640 -             83   1.5e-15   57.6   0.0   1   1   7.8e-20   1.6e-15   57.4   0.0   227   307     1    83     1    83 0.94 Protein of unknown function (DUF3810)
RHS_repeat           PF05593.18    38 >LH00406:11:22GHGVLT3:1:1101:22137:6672 -             48   5.6e-17   61.9  10.3   1   2   8.6e-15   1.8e-10   41.1   2.3     1    37     2    38     2    39 0.97 RHS Repeat
RHS_repeat           PF05593.18    38 >LH00406:11:22GHGVLT3:1:1101:22137:6672 -             48   5.6e-17   61.9  10.3   2   2   2.1e-11   4.3e-07   30.4   1.1     1    24    23    46    23    48 0.95 RHS Repeat
DUF4982              PF16355.9     61 >LH00406:11:22GHGVLT3:1:1101:16626:6704 -             40   2.3e-12   46.9   0.1   1   1   1.1e-16   2.3e-12   46.8   0.1    15    48     3    40     1    40 0.94 Domain of unknown function (DUF4982)
AAA_14               PF13173.10   130 >LH00406:11:22GHGVLT3:1:1101:24698:6720 -             50   0.00023   21.4   0.0   1   1   3.2e-08   0.00034   20.9   0.0     3    26    23    46    21    49 0.88 AAA domain
StiP                 PF11202.12   246 >LH00406:11:22GHGVLT3:1:1101:24698:6720 -             50     0.046   13.1   0.0   1   1   4.4e-06     0.046   13.1   0.0    63    96     2    35     1    48 0.89 Tellurite-like stress resistance cysteine protease StiP
Phe_hydrox_dim       PF07976.16   166 >LH00406:11:22GHGVLT3:1:1101:8656:6768 -             76     0.085   13.0   0.0   1   1   4.2e-06     0.088   13.0   0.0    18    61    26    68     5    68 0.79 Phenol hydroxylase, C-terminal dimerisation domain
F-box                PF00646.37    43 >LH00406:11:22GHGVLT3:1:1101:28572:6768 -             67     0.053   13.7   1.8   1   3      0.23   2.4e+03   -1.0   0.0    27    32    11    16     3    27 0.61 F-box domain
F-box                PF00646.37    43 >LH00406:11:22GHGVLT3:1:1101:28572:6768 -             67     0.053   13.7   1.8   2   3      0.23   2.4e+03   -1.1   0.0    13    21    28    36    17    40 0.72 F-box domain
F-box                PF00646.37    43 >LH00406:11:22GHGVLT3:1:1101:28572:6768 -             67     0.053   13.7   1.8   3   3   5.1e-06     0.053   13.7   1.8     6    29    41    64    33    66 0.93 F-box domain
F-box-like           PF12937.11    47 >LH00406:11:22GHGVLT3:1:1101:28572:6768 -             67      0.16   12.0   1.0   1   2      0.24   2.5e+03   -1.5   0.0    27    33    11    17     9    33 0.51 F-box-like
F-box-like           PF12937.11    47 >LH00406:11:22GHGVLT3:1:1101:28572:6768 -             67      0.16   12.0   1.0   2   2   1.5e-05      0.16   12.0   1.0     7    29    42    64    41    65 0.94 F-box-like
SNARE_assoc          PF09335.15   123 >LH00406:11:22GHGVLT3:1:1101:17985:6784 -             78   3.4e-14   53.6   0.2   1   1   1.8e-18   3.8e-14   53.4   0.2    56   122     8    73     3    74 0.93 SNARE associated Golgi protein
AMMECR1              PF01871.21   167 >LH00406:11:22GHGVLT3:1:1101:15553:6800 -             71      0.03   14.0   0.0   1   1   1.6e-06     0.034   13.8   0.0   117   141     2    26     1    32 0.91 AMMECR1
Pkinase              PF00069.29   263 >LH00406:11:22GHGVLT3:1:1101:46870:6848 -             83   1.7e-16   60.6   0.0   1   1   8.8e-20     2e-16   60.4   0.0    55   134     2    80     1    82 0.88 Protein kinase domain
PK_Tyr_Ser-Thr       PF07714.21   258 >LH00406:11:22GHGVLT3:1:1101:46870:6848 -             83   2.1e-11   43.8   0.0   1   1   1.1e-14   2.5e-11   43.6   0.0    58   138     2    80     1    82 0.90 Protein tyrosine and serine/threonine kinase
ABC1                 PF03109.20   244 >LH00406:11:22GHGVLT3:1:1101:46870:6848 -             83     9e-07   28.5   0.0   1   1   4.6e-10   1.1e-06   28.2   0.0   143   204    21    81    18    83 0.92 ABC1 atypical kinase-like domain
APH                  PF01636.27   239 >LH00406:11:22GHGVLT3:1:1101:46870:6848 -             83   2.1e-06   27.9   0.0   1   2   3.3e-05     0.076   13.0   0.0    58   103     7    56     3    63 0.84 Phosphotransferase enzyme family
APH                  PF01636.27   239 >LH00406:11:22GHGVLT3:1:1101:46870:6848 -             83   2.1e-06   27.9   0.0   2   2   1.9e-05     0.044   13.8   0.0   167   186    62    81    58    83 0.83 Phosphotransferase enzyme family
Kdo                  PF06293.18   207 >LH00406:11:22GHGVLT3:1:1101:46870:6848 -             83   1.3e-05   24.9   0.0   1   1   5.9e-09   1.4e-05   24.8   0.0    89   154    17    80     3    83 0.86 Lipopolysaccharide kinase (Kdo/WaaP) family
RIO1                 PF01163.26   187 >LH00406:11:22GHGVLT3:1:1101:46870:6848 -             83   0.00036   20.4   0.0   1   1   1.7e-07   0.00038   20.3   0.0    81   141    21    80    14    83 0.79 RIO1 family
YrbL-PhoP_reg        PF10707.13   185 >LH00406:11:22GHGVLT3:1:1101:46870:6848 -             83   0.00077   19.4   0.0   1   1   3.3e-07   0.00077   19.4   0.0    95   141    32    81     3    83 0.79 PhoP regulatory network protein YrbL
Kinase-like          PF14531.10   289 >LH00406:11:22GHGVLT3:1:1101:46870:6848 -             83    0.0025   17.3   0.0   1   1   1.3e-06    0.0029   17.1   0.0   144   183    43    82    30    83 0.89 Kinase-like
FTA2                 PF13095.10   212 >LH00406:11:22GHGVLT3:1:1101:46870:6848 -             83      0.18   11.6   0.0   1   1     9e-05      0.21   11.4   0.0   155   201    21    76     9    79 0.81 Kinetochore Sim4 complex subunit FTA2
SusD_RagB            PF07980.15   295 >LH00406:11:22GHGVLT3:1:1101:14980:6864 -             66   9.9e-07   28.9   0.0   1   1   5.1e-11   1.1e-06   28.8   0.0   206   254     6    55     2    65 0.89 SusD family
TonB_dep_Rec         PF00593.28   436 >LH00406:11:22GHGVLT3:1:1101:49117:6864 -             82     3e-10   40.7   0.1   1   1   3.2e-14   3.3e-10   40.6   0.1   255   325    10    81     3    82 0.87 TonB dependent receptor
OMP_b-brl_3          PF14905.10   408 >LH00406:11:22GHGVLT3:1:1101:49117:6864 -             82   0.00048   19.5   0.8   1   1   4.6e-08   0.00048   19.5   0.8   194   252     2    66     1    81 0.70 Outer membrane protein beta-barrel family
Glycos_transf_1      PF00534.24   172 >LH00406:11:22GHGVLT3:1:1101:9090:6880 -             64   0.00037   20.3   0.0   1   1   9.3e-08   0.00039   20.2   0.0     9    59     7    61     2    64 0.83 Glycosyl transferases group 1
Glyco_trans_1_4      PF13692.10   137 >LH00406:11:22GHGVLT3:1:1101:9090:6880 -             64    0.0021   18.6   0.0   1   1   5.3e-07    0.0022   18.5   0.0     2    42    14    59    13    64 0.73 Glycosyl transferases group 1
TEX13                PF15186.10   150 >LH00406:11:22GHGVLT3:1:1101:9090:6880 -             64     0.077   12.9   0.0   1   1     2e-05     0.083   12.8   0.0    10    36    12    38     5    55 0.87 Testis-expressed sequence 13 protein family
Glyco_transf_20      PF00982.25   473 >LH00406:11:22GHGVLT3:1:1101:9090:6880 -             64      0.12   11.2   0.0   1   1   3.2e-05      0.13   11.1   0.0   266   314     4    54     2    63 0.80 Glycosyltransferase family 20
HMG_box              PF00505.23    69 >LH00406:11:22GHGVLT3:1:1101:9090:6880 -             64      0.15   12.7   0.0   1   1   5.8e-05      0.24   12.1   0.0     9    37    30    58    30    60 0.90 HMG (high mobility group) box
Hexapep              PF00132.28    36 >LH00406:11:22GHGVLT3:1:1101:30634:6880 -             64   0.00034   20.4   3.5   1   2   1.6e-08   0.00034   20.4   3.5    13    35     1    23     1    24 0.92 Bacterial transferase hexapeptide (six repeats)
Hexapep              PF00132.28    36 >LH00406:11:22GHGVLT3:1:1101:30634:6880 -             64   0.00034   20.4   3.5   2   2    0.0085   1.8e+02    2.3   0.1    15    18    31    34    25    41 0.53 Bacterial transferase hexapeptide (six repeats)
ACR_tran             PF00873.23  1021 >LH00406:11:22GHGVLT3:1:1101:14305:6944 -             89   2.7e-05   22.3   0.0   1   1   1.4e-09   2.9e-05   22.2   0.0   108   196     3    88     1    89 0.92 AcrB/AcrD/AcrF family
Fer4                 PF00037.31    24 >LH00406:11:22GHGVLT3:1:1101:15711:6944 -             59   1.5e-07   31.1   4.2   1   2     1e-10   1.5e-07   31.1   4.2     3    23    18    38    16    39 0.89 4Fe-4S binding domain
Fer4                 PF00037.31    24 >LH00406:11:22GHGVLT3:1:1101:15711:6944 -             59   1.5e-07   31.1   4.2   2   2       2.8   4.2e+03   -2.0   0.2    11    14    54    57    52    58 0.70 4Fe-4S binding domain
Fer4_9               PF13187.10    50 >LH00406:11:22GHGVLT3:1:1101:15711:6944 -             59   2.9e-07   30.6  13.8   1   2   6.2e-07   0.00091   19.4   2.3    31    48    19    36     8    38 0.73 4Fe-4S dicluster domain
Fer4_9               PF13187.10    50 >LH00406:11:22GHGVLT3:1:1101:15711:6944 -             59   2.9e-07   30.6  13.8   2   2     1e-07   0.00015   21.9   4.0     1    38    22    57    22    59 0.93 4Fe-4S dicluster domain
Fer4_6               PF12837.11    24 >LH00406:11:22GHGVLT3:1:1101:15711:6944 -             59   1.1e-06   28.5   4.2   1   2   7.3e-10   1.1e-06   28.5   4.2     2    22    16    36    15    38 0.93 4Fe-4S binding domain
Fer4_6               PF12837.11    24 >LH00406:11:22GHGVLT3:1:1101:15711:6944 -             59   1.1e-06   28.5   4.2   2   2      0.61     9e+02    0.4   0.2    11    17    53    59    52    59 0.74 4Fe-4S binding domain
Fer4_21              PF14697.10    59 >LH00406:11:22GHGVLT3:1:1101:15711:6944 -             59   1.5e-06   28.4   2.8   1   2   2.2e-09   3.2e-06   27.3   1.2    30    55    12    37     6    39 0.84 4Fe-4S dicluster domain
Fer4_21              PF14697.10    59 >LH00406:11:22GHGVLT3:1:1101:15711:6944 -             59   1.5e-06   28.4   2.8   2   2      0.41   6.1e+02    0.8   0.0     4    11    50    57    44    59 0.68 4Fe-4S dicluster domain
Fer4_7               PF12838.11    52 >LH00406:11:22GHGVLT3:1:1101:15711:6944 -             59   3.2e-06   27.7  19.7   1   2   5.6e-08   8.3e-05   23.2   3.1    29    51    14    36     4    37 0.86 4Fe-4S dicluster domain
Fer4_7               PF12838.11    52 >LH00406:11:22GHGVLT3:1:1101:15711:6944 -             59   3.2e-06   27.7  19.7   2   2   1.4e-05     0.021   15.5   8.7     1    41    22    57    22    59 0.69 4Fe-4S dicluster domain
Fer4_2               PF12797.11    22 >LH00406:11:22GHGVLT3:1:1101:15711:6944 -             59   8.9e-06   25.6   3.4   1   2     6e-09   8.9e-06   25.6   3.4     2    22    15    35    14    35 0.91 4Fe-4S binding domain
Fer4_2               PF12797.11    22 >LH00406:11:22GHGVLT3:1:1101:15711:6944 -             59   8.9e-06   25.6   3.4   2   2      0.42   6.2e+02    1.0   0.1     7    13    51    57    45    59 0.59 4Fe-4S binding domain
Fer4_10              PF13237.10    56 >LH00406:11:22GHGVLT3:1:1101:15711:6944 -             59   1.3e-05   25.3   2.5   1   1   1.1e-08   1.6e-05   25.0   2.5     4    49    18    58    15    59 0.89 4Fe-4S dicluster domain
Fer4_8               PF13183.10    70 >LH00406:11:22GHGVLT3:1:1101:15711:6944 -             59   6.4e-05   23.6   1.2   1   2   4.3e-08   6.4e-05   23.6   1.2     3    25    21    43    19    53 0.82 4Fe-4S dicluster domain
Fer4_8               PF13183.10    70 >LH00406:11:22GHGVLT3:1:1101:15711:6944 -             59   6.4e-05   23.6   1.2   2   2       2.6   3.8e+03   -1.3   0.2    55    59    53    57    49    59 0.60 4Fe-4S dicluster domain
Fer4_16              PF13484.10    67 >LH00406:11:22GHGVLT3:1:1101:15711:6944 -             59   0.00048   21.1   3.1   1   1   3.3e-07   0.00048   21.1   3.1     1    20    22    41    22    56 0.85 4Fe-4S double cluster binding domain
Fer4_17              PF13534.10    61 >LH00406:11:22GHGVLT3:1:1101:15711:6944 -             59    0.0005   20.7  10.4   1   3   2.7e-05     0.039   14.6   2.1    44    58    21    35    11    37 0.77 4Fe-4S dicluster domain
Fer4_17              PF13534.10    61 >LH00406:11:22GHGVLT3:1:1101:15711:6944 -             59    0.0005   20.7  10.4   2   3   9.4e-06     0.014   16.1   1.4     1    18    22    39    22    52 0.74 4Fe-4S dicluster domain
Fer4_17              PF13534.10    61 >LH00406:11:22GHGVLT3:1:1101:15711:6944 -             59    0.0005   20.7  10.4   3   3       2.6   3.9e+03   -1.4   0.2    45    49    53    57    47    59 0.71 4Fe-4S dicluster domain
Fer4_4               PF12800.11    17 >LH00406:11:22GHGVLT3:1:1101:15711:6944 -             59   0.00093   19.6   4.2   1   2   6.3e-07   0.00093   19.6   4.2     2    17    21    36    20    36 0.94 4Fe-4S binding domain
Fer4_4               PF12800.11    17 >LH00406:11:22GHGVLT3:1:1101:15711:6944 -             59   0.00093   19.6   4.2   2   2       1.9   2.8e+03   -0.5   0.3     4    10    54    57    52    59 0.55 4Fe-4S binding domain
Fer4_3               PF12798.11    15 >LH00406:11:22GHGVLT3:1:1101:15711:6944 -             59    0.0081   17.1   6.1   1   2   5.5e-06    0.0081   17.1   6.1     1    14    23    36    23    37 0.97 4Fe-4S binding domain
Fer4_3               PF12798.11    15 >LH00406:11:22GHGVLT3:1:1101:15711:6944 -             59    0.0081   17.1   6.1   2   2      0.81   1.2e+03    1.0   0.4     1     5    54    58    53    59 0.69 4Fe-4S binding domain
Fer4_18              PF13746.10   114 >LH00406:11:22GHGVLT3:1:1101:15711:6944 -             59     0.017   15.5   5.2   1   1   1.4e-05     0.021   15.2   5.2    51    80    13    41     7    59 0.78 4Fe-4S dicluster domain
Fer4_13              PF13370.10    58 >LH00406:11:22GHGVLT3:1:1101:15711:6944 -             59      0.13   13.1   4.4   1   2   8.8e-05      0.13   13.1   4.4     1    17    18    34    18    35 0.96 4Fe-4S single cluster domain of Ferredoxin I
Fer4_13              PF13370.10    58 >LH00406:11:22GHGVLT3:1:1101:15711:6944 -             59      0.13   13.1   4.4   2   2       8.1   1.2e+04   -2.8   0.3     8    12    53    57    52    58 0.71 4Fe-4S single cluster domain of Ferredoxin I
Y_Y_Y                PF07495.17    65 >LH00406:11:22GHGVLT3:1:1101:26926:6960 -             79   1.6e-11   44.1   0.0   1   1   4.3e-15   1.8e-11   44.0   0.0     9    64    15    71     8    72 0.94 Y_Y_Y domain
DUF4625              PF15418.10   131 >LH00406:11:22GHGVLT3:1:1101:26926:6960 -             79    0.0023   18.4   0.2   1   1   6.3e-07    0.0026   18.2   0.2   103   130    42    69    14    70 0.85 Domain of unknown function (DUF4625)
TcfC                 PF16967.9     68 >LH00406:11:22GHGVLT3:1:1101:26926:6960 -             79    0.0085   15.8   0.2   1   1   3.4e-06     0.014   15.1   0.1    28    57    29    58    26    68 0.86 E-set like domain
Big_13               PF19077.4    102 >LH00406:11:22GHGVLT3:1:1101:26926:6960 -             79      0.02   15.6   0.0   1   1   5.1e-06     0.021   15.5   0.0    60   100    31    69    10    71 0.83 Bacterial Ig-like domain
Cadherin             PF00028.21    93 >LH00406:11:22GHGVLT3:1:1101:26926:6960 -             79      0.15   12.7   0.0   1   1   4.2e-05      0.17   12.5   0.0    33    93    18    72     7    72 0.73 Cadherin domain
LPAM_1               PF08139.16    18 >LH00406:11:22GHGVLT3:1:1101:21258:6976 -             88     0.003   18.1   1.0   1   1   2.5e-07    0.0053   17.3   1.0     2    18    23    39    21    39 0.96 Prokaryotic membrane lipoprotein lipid attachment site
eIF-1a               PF01176.23    64 >LH00406:11:22GHGVLT3:1:1101:8452:6992 -             68      0.11   12.3   0.0   1   1   6.5e-06      0.14   12.1   0.0    18    43    25    49    17    52 0.84 Translation initiation factor 1A / IF-1
TIMELESS             PF04821.18   271 >LH00406:11:22GHGVLT3:1:1101:44928:7008 -             63      0.14   11.6   0.1   1   1   6.8e-06      0.14   11.6   0.1   167   194     4    31     1    48 0.82 Timeless protein
Ge1_WD40             PF16529.9    329 >LH00406:11:22GHGVLT3:1:1101:29820:7040 -             45     0.053   12.7   0.1   1   1   5.1e-06     0.053   12.7   0.1   124   139     1    18     1    39 0.65 WD40 region of Ge1, enhancer of mRNA-decapping protein
CypI                 PF06646.15   331 >LH00406:11:22GHGVLT3:1:1101:29820:7040 -             45      0.16   11.4   0.0   1   1   1.7e-05      0.17   11.3   0.0   271   305    10    44     5    45 0.94 Extracytoplasmic thiamine-binding lipoprotein
DUF2399              PF09664.14   152 >LH00406:11:22GHGVLT3:1:1101:3598:7072 -             52   5.5e-12   45.9   0.0   1   1   5.9e-16   6.1e-12   45.8   0.0    42    88     5    51     2    52 0.93 Protein of unknown function C-terminus (DUF2399)
Toprim               PF01751.26    96 >LH00406:11:22GHGVLT3:1:1101:3598:7072 -             52     0.017   15.5   0.0   1   1   1.6e-06     0.017   15.5   0.0    46    77    20    51     3    52 0.87 Toprim domain
FAD_binding_2        PF00890.28   414 >LH00406:11:22GHGVLT3:1:1101:18891:7072 -             78   1.7e-09   37.6   0.0   1   1   8.5e-14   1.8e-09   37.5   0.0   321   391     4    78     1    78 0.86 FAD binding domain
PorV                 PF19572.3    243 >LH00406:11:22GHGVLT3:1:1101:30819:7072 -             53   7.5e-10   38.9   0.1   1   1   7.4e-14   7.7e-10   38.9   0.1   108   158     2    52     1    53 0.90 Type IX secretion system protein PorV
PorP_SprF            PF11751.12   273 >LH00406:11:22GHGVLT3:1:1101:30819:7072 -             53     0.039   13.7   0.0   1   1     4e-06     0.042   13.6   0.0    71   116     2    47     1    52 0.88 Type IX secretion system membrane protein PorP/SprF
DUF3113              PF11310.12    60 >LH00406:11:22GHGVLT3:1:1101:37365:7072 -             68      0.17   12.1   0.0   1   2    0.0031        64    3.8   0.0    37    51     8    22     4    25 0.82 Protein of unknown function (DUF3113)
DUF3113              PF11310.12    60 >LH00406:11:22GHGVLT3:1:1101:37365:7072 -             68      0.17   12.1   0.0   2   2   0.00041       8.6    6.6   0.0     7    21    30    44    27    46 0.90 Protein of unknown function (DUF3113)
HapK                 PF11639.12   104 >LH00406:11:22GHGVLT3:1:1101:39131:7088 -             87     0.095   13.4   0.1   1   1   5.7e-06      0.12   13.1   0.1    36    95     7    61     2    69 0.84 REDY-like protein HapK
NAGidase             PF07555.17   292 >LH00406:11:22GHGVLT3:1:1101:27176:7104 -             72   3.1e-08   33.5   0.8   1   2     2e-12   4.2e-08   33.1   0.1   251   291     1    40     1    41 0.97 beta-N-acetylglucosaminidase
NAGidase             PF07555.17   292 >LH00406:11:22GHGVLT3:1:1101:27176:7104 -             72   3.1e-08   33.5   0.8   2   2     0.076   1.6e+03   -1.7   0.1   263   279    48    64    44    71 0.70 beta-N-acetylglucosaminidase
SusD-like_2          PF12771.11   414 >LH00406:11:22GHGVLT3:1:1101:36884:7201 -             78   1.9e-14   53.6   0.1   1   1     2e-18   2.1e-14   53.5   0.1   168   228     2    64     1    76 0.87 Starch-binding associating with outer membrane
SusD-like            PF12741.11   496 >LH00406:11:22GHGVLT3:1:1101:36884:7201 -             78   2.5e-06   27.0   0.0   1   1   2.5e-10   2.6e-06   26.9   0.0   190   244     2    60     1    72 0.81 Susd and RagB outer membrane lipoprotein
Pkinase              PF00069.29   263 >LH00406:11:22GHGVLT3:1:1101:45566:7313 -             70   6.1e-09   35.9   0.1   1   1   9.5e-13   6.6e-09   35.7   0.1    55   125     1    70     1    70 0.90 Protein kinase domain
PK_Tyr_Ser-Thr       PF07714.21   258 >LH00406:11:22GHGVLT3:1:1101:45566:7313 -             70   2.3e-06   27.3   0.1   1   1   3.6e-10   2.5e-06   27.2   0.1    59   128     2    69     1    70 0.90 Protein tyrosine and serine/threonine kinase
ABC1                 PF03109.20   244 >LH00406:11:22GHGVLT3:1:1101:45566:7313 -             70    0.0032   16.8   0.0   1   1   4.6e-07    0.0032   16.8   0.0   143   193    20    69     2    70 0.89 ABC1 atypical kinase-like domain
Csm1_N               PF18504.5     70 >LH00406:11:22GHGVLT3:1:1101:26011:7329 -             73    0.0016   18.9   1.2   1   1     6e-07    0.0021   18.6   1.1    23    63    27    67    20    72 0.91 Csm1 N-terminal domain
PhaP_Bmeg            PF09602.14   168 >LH00406:11:22GHGVLT3:1:1101:26011:7329 -             73     0.016   15.3   0.9   1   1   6.4e-06     0.022   14.9   0.9    32    71    34    72    16    73 0.83 Polyhydroxyalkanoic acid inclusion protein (PhaP_Bmeg)
DUF6376              PF19903.3    116 >LH00406:11:22GHGVLT3:1:1101:26011:7329 -             73     0.042   14.3   0.3   1   1   1.4e-05      0.05   14.1   0.3    59    96    22    59    18    72 0.89 Family of unknown function (DUF6376)
SlyX                 PF04102.16    67 >LH00406:11:22GHGVLT3:1:1101:26011:7329 -             73      0.05   14.4   0.9   1   2       1.3   4.5e+03   -1.4   0.0    40    47    22    29     8    36 0.57 SlyX
SlyX                 PF04102.16    67 >LH00406:11:22GHGVLT3:1:1101:26011:7329 -             73      0.05   14.4   0.9   2   2   2.4e-05     0.082   13.8   0.8    15    51    36    72    20    73 0.70 SlyX
ADIP                 PF11559.12   151 >LH00406:11:22GHGVLT3:1:1101:26011:7329 -             73     0.054   13.8   3.8   1   1   1.8e-05     0.061   13.6   3.8    49   107    14    72    11    73 0.92 Afadin- and alpha -actinin-Binding
DUF4404              PF14357.10    83 >LH00406:11:22GHGVLT3:1:1101:26011:7329 -             73     0.072   14.0   1.4   1   1   3.3e-05      0.11   13.3   1.4    21    61    24    69    13    72 0.60 Domain of unknown function (DUF4404)
Glyco_hydro_2        PF00703.25   109 >LH00406:11:22GHGVLT3:1:1101:30227:7361 -             46   0.00037   21.4   0.0   1   1   1.8e-08   0.00037   21.4   0.0    71    97    11    42     2    46 0.76 Glycosyl hydrolases family 2
Mit_proteolip        PF08039.15    60 >LH00406:11:22GHGVLT3:1:1101:9127:7393 -             66     0.071   13.4   0.2   1   1   4.7e-06     0.097   13.0   0.2    13    35    22    44    18    49 0.83 Mitochondrial proteolipid
Helicase_C           PF00271.35   110 >LH00406:11:22GHGVLT3:1:1101:23940:7393 -             82   1.5e-10   41.5   0.0   1   1   1.5e-14   1.5e-10   41.5   0.0    28    93     9    74     1    79 0.83 Helicase conserved C-terminal domain
Glyoxalase_5         PF14696.10   139 >LH00406:11:22GHGVLT3:1:1101:23940:7393 -             82      0.08   13.3   0.0   1   1   1.1e-05      0.11   12.9   0.0    20    58     9    54     2    62 0.81 Hydroxyphenylpyruvate dioxygenase, HPPD, N-terminal
DUF2746              PF10874.12   101 >LH00406:11:22GHGVLT3:1:1101:32465:7393 -             51      0.19   12.4   0.0   1   1   8.9e-06      0.19   12.4   0.0    55    79     5    29     3    46 0.92 Protein of unknown function (DUF2746)
Carb_kinase          PF01256.21   242 >LH00406:11:22GHGVLT3:1:1101:17384:7409 -             77   1.4e-09   38.0   0.2   1   1   7.3e-14   1.5e-09   37.9   0.2   186   241     1    57     1    58 0.96 Carbohydrate kinase
TsaD                 PF00814.29   264 >LH00406:11:22GHGVLT3:1:1101:51493:7425 -             89   9.2e-14   52.0   0.0   1   1   9.4e-18   9.8e-14   51.9   0.0   191   258    21    89     4    89 0.93 tRNA N6-adenosine threonylcarbamoyltransferase
Carbam_trans_N       PF02543.19   346 >LH00406:11:22GHGVLT3:1:1101:51493:7425 -             89    0.0018   18.0   0.0   1   1   1.7e-07    0.0018   18.0   0.0   273   317    20    64     5    84 0.83 Carbamoyltransferase N-terminus
Endonuclease_NS      PF01223.27   223 >LH00406:11:22GHGVLT3:1:1101:5789:7441 -             72     2e-25   90.0   0.0   1   1   2.1e-29   2.2e-25   89.8   0.0    73   140     6    72     2    72 0.96 DNA/RNA non-specific endonuclease
Endonuclea_NS_2      PF13930.10   133 >LH00406:11:22GHGVLT3:1:1101:5789:7441 -             72     0.088   13.1   0.2   1   1   2.4e-05      0.25   11.6   0.2    74    97    39    62     1    72 0.75 DNA/RNA non-specific endonuclease
Mob_Pre              PF01076.23   196 >LH00406:11:22GHGVLT3:1:1101:15859:7457 -             63   2.8e-12   47.1   0.1   1   1   1.4e-16     3e-12   47.0   0.1   109   157     3    51     1    58 0.92 Plasmid recombination enzyme
DUF4491              PF14898.10    92 >LH00406:11:22GHGVLT3:1:1101:20269:7473 -             73   0.00059   20.4   0.0   1   1   3.4e-08   0.00071   20.1   0.0    52    87    18    53    12    57 0.93 Domain of unknown function (DUF4491)
SLBB                 PF10531.13    56 >LH00406:11:22GHGVLT3:1:1101:1222:7505 -             49     0.015   15.3   0.0   1   1   1.5e-06     0.015   15.3   0.0     2    36     7    41     6    49 0.91 SLBB domain
YaaC                 PF14175.10   319 >LH00406:11:22GHGVLT3:1:1101:1222:7505 -             49      0.12   11.9   0.0   1   1   1.1e-05      0.12   11.9   0.0    27    59    16    48     7    49 0.88 YaaC-like Protein
GH97_N               PF14508.10   229 >LH00406:11:22GHGVLT3:1:1101:13408:7505 -             77   6.1e-09   35.9   0.0   1   1   3.4e-13   7.1e-09   35.7   0.0     1    60     2    76     2    77 0.85 Glycosyl-hydrolase 97 N-terminal
CorC_HlyC            PF03471.21    81 >LH00406:11:22GHGVLT3:1:1101:37837:7505 -             89     8e-11   42.0   0.6   1   2      0.04   4.2e+02    1.2   0.0    34    52    26    44    10    49 0.65 Transporter associated domain
CorC_HlyC            PF03471.21    81 >LH00406:11:22GHGVLT3:1:1101:37837:7505 -             89     8e-11   42.0   0.6   2   2   5.5e-14   5.7e-10   39.2   0.2     2    39    51    89    50    89 0.96 Transporter associated domain
CBS                  PF00571.32    57 >LH00406:11:22GHGVLT3:1:1101:37837:7505 -             89    0.0069   16.9   0.0   1   1     1e-06      0.01   16.3   0.0    29    56     9    35     1    36 0.77 CBS domain
DUF1289              PF06945.17    48 >LH00406:11:22GHGVLT3:1:1101:51105:7553 -             83     0.052   13.6   0.2   1   2   2.5e-06     0.052   13.6   0.2     5    22    12    29    11    33 0.90 Protein of unknown function (DUF1289)
DUF1289              PF06945.17    48 >LH00406:11:22GHGVLT3:1:1101:51105:7553 -             83     0.052   13.6   0.2   2   2     0.045   9.4e+02   -0.0   0.8    17    22    57    62    51    64 0.80 Protein of unknown function (DUF1289)
CarbopepD_reg_2      PF13715.10    88 >LH00406:11:22GHGVLT3:1:1101:17199:7601 -             89   2.9e-18   65.8   3.3   1   1   1.2e-21   3.5e-18   65.6   3.3     2    88     3    83     2    83 0.87 CarboxypepD_reg-like domain
CarboxypepD_reg      PF13620.10    82 >LH00406:11:22GHGVLT3:1:1101:17199:7601 -             89   3.6e-12   46.7   1.3   1   1   1.5e-15   4.3e-12   46.4   1.3     3    65     3    61     2    84 0.89 Carboxypeptidase regulatory-like domain
Big_1                PF02369.20    64 >LH00406:11:22GHGVLT3:1:1101:17199:7601 -             89    0.0018   18.5   0.7   1   1   1.3e-06    0.0037   17.4   0.7    12    51     5    40     2    50 0.90 Bacterial Ig-like domain (group 1)
CooC_C               PF15976.9     93 >LH00406:11:22GHGVLT3:1:1101:17199:7601 -             89    0.0018   18.5   0.3   1   1   9.1e-07    0.0027   17.9   0.3    21    70     4    57     1    87 0.78 CS1-pili formation C-terminal
DUF6252              PF19765.3    123 >LH00406:11:22GHGVLT3:1:1101:17199:7601 -             89    0.0045   17.4   0.2   1   1   1.9e-06    0.0057   17.1   0.2    17    69    25    77    22    88 0.88 Family of unknown function (DUF6252)
phage_tail_N         PF08400.14   134 >LH00406:11:22GHGVLT3:1:1101:17199:7601 -             89     0.028   14.6   1.5   1   1   1.8e-05     0.052   13.7   1.5     6    89     3    81     1    85 0.75 Prophage tail fibre N-terminal
Dioxygenase_C        PF00775.25   182 >LH00406:11:22GHGVLT3:1:1101:17199:7601 -             89      0.18   11.4   0.1   1   1   9.4e-05      0.28   10.8   0.0    32    61     2    31     1    55 0.87 Dioxygenase
Mur_ligase_M         PF08245.16   200 >LH00406:11:22GHGVLT3:1:1101:23154:7601 -             76    0.0047   17.1   0.0   1   1   2.4e-07    0.0051   17.0   0.0   173   200    24    51     2    51 0.73 Mur ligase middle domain
DUF5686              PF18939.4    669 >LH00406:11:22GHGVLT3:1:1101:41147:7601 -             71   2.1e-13   49.8   0.5   1   1   1.1e-17   2.3e-13   49.7   0.5   599   667     2    71     1    71 0.96 Family of unknown function (DUF5686)
PHA01746             PF21017.1     93 >LH00406:11:22GHGVLT3:1:1101:40897:7617 -             56     0.058   13.6   0.0   1   1   9.1e-06     0.063   13.5   0.0    36    72    13    49     7    55 0.89 PHA01746-like protein
CSF-1                PF05337.15   140 >LH00406:11:22GHGVLT3:1:1101:40897:7617 -             56     0.092   13.1   0.0   1   1   1.4e-05     0.094   13.0   0.0   111   135    25    49    12    54 0.86 Macrophage colony stimulating factor-1 (CSF-1)
M20_dimer            PF07687.18   107 >LH00406:11:22GHGVLT3:1:1101:40897:7617 -             56     0.096   12.9   0.0   1   1   1.4e-05     0.096   12.9   0.0    57   103     3    49     1    53 0.87 Peptidase dimerisation domain
DUF1623              PF07785.15    90 >LH00406:11:22GHGVLT3:1:1101:6372:7649 -             39     0.031   14.7   0.6   1   1   1.7e-06     0.036   14.4   0.6    64    89     1    26     1    27 0.95 Protein of unknown function (DUF1623)
4HB                  PF17947.5     78 >LH00406:11:22GHGVLT3:1:1101:21351:7649 -             80    0.0072   16.6   0.0   1   1   5.1e-07     0.011   16.0   0.0    36    72    14    50    12    52 0.90 Four helical bundle domain
Spore_II_R           PF09551.14   128 >LH00406:11:22GHGVLT3:1:1101:20731:7665 -             55       0.1   13.2   0.0   1   1   5.4e-06      0.11   13.1   0.0    13    36    15    38    12    51 0.88 Stage II sporulation protein R (spore_II_R)
Peripla_BP_4         PF13407.10   258 >LH00406:11:22GHGVLT3:1:1101:21517:7681 -             73   1.3e-18   67.7   0.0   1   1   2.8e-22   1.5e-18   67.5   0.0    44   113     3    72     2    73 0.97 Periplasmic binding protein domain
Peripla_BP_1         PF00532.25   281 >LH00406:11:22GHGVLT3:1:1101:21517:7681 -             73     0.051   13.2   0.0   1   1   1.2e-05     0.061   13.0   0.0    48   110     5    68     2    71 0.84 Periplasmic binding proteins and sugar binding domain of LacI family
DUF2478              PF10649.13   159 >LH00406:11:22GHGVLT3:1:1101:21517:7681 -             73      0.21   11.4   0.0   1   1   0.00011      0.57   10.0   0.0    86   143     7    59     3    65 0.80 Protein of unknown function (DUF2478)
zf-C4_Topoisom       PF01396.23    39 >LH00406:11:22GHGVLT3:1:1101:21517:7681 -             73      0.23   11.5   0.1   1   1   8.2e-05      0.43   10.6   0.1    17    27    53    63    48    63 0.86 Topoisomerase DNA binding C4 zinc finger
Cas1_AcylT           PF07779.16   482 >LH00406:11:22GHGVLT3:1:1101:41637:7681 -             82     0.026   13.5   0.5   1   1   1.3e-06     0.028   13.5   0.5   145   181    25    61    22    80 0.85 10 TM Acyl Transferase domain found in Cas1p
Cas_CXXC_CXXC        PF09706.14    69 >LH00406:11:22GHGVLT3:1:1101:45585:7697 -             71       0.1   12.9   0.9   1   2   7.6e-06      0.16   12.3   0.6    22    56    21    56    10    64 0.87 CRISPR-associated protein (Cas_CXXC_CXXC)
Cas_CXXC_CXXC        PF09706.14    69 >LH00406:11:22GHGVLT3:1:1101:45585:7697 -             71       0.1   12.9   0.9   2   2      0.16   3.2e+03   -1.5   0.0    11    17    63    69    58    70 0.81 CRISPR-associated protein (Cas_CXXC_CXXC)
SIR2                 PF02146.21   180 >LH00406:11:22GHGVLT3:1:1101:15720:7729 -             56     0.072   13.2   0.0   1   1     5e-06       0.1   12.7   0.0   164   180     2    18     1    18 0.93 Sir2 family
TPR_1                PF00515.32    34 >LH00406:11:22GHGVLT3:1:1101:22654:7729 -             52     4e-06   26.6   0.0   1   2   4.4e-09   7.6e-06   25.7   0.0     8    32    16    40    10    42 0.89 Tetratricopeptide repeat
TPR_1                PF00515.32    34 >LH00406:11:22GHGVLT3:1:1101:22654:7729 -             52     4e-06   26.6   0.0   2   2       2.8   4.8e+03   -2.1   0.0     1     9    43    51    43    52 0.66 Tetratricopeptide repeat
TPR_16               PF13432.10    68 >LH00406:11:22GHGVLT3:1:1101:22654:7729 -             52   1.5e-05   25.6   0.0   1   1   9.8e-09   1.7e-05   25.4   0.0     1    41    13    50    13    52 0.93 Tetratricopeptide repeat
TPR_8                PF13181.10    34 >LH00406:11:22GHGVLT3:1:1101:22654:7729 -             52   3.3e-05   23.9   0.0   1   1   2.4e-08   4.2e-05   23.6   0.0     2    32    10    40     9    42 0.92 Tetratricopeptide repeat
TPR_2                PF07719.21    34 >LH00406:11:22GHGVLT3:1:1101:22654:7729 -             52   5.2e-05   23.3   0.0   1   1   4.1e-08   7.1e-05   22.8   0.0     2    32    10    40     9    42 0.94 Tetratricopeptide repeat
TPR_6                PF13174.10    33 >LH00406:11:22GHGVLT3:1:1101:22654:7729 -             52   8.2e-05   23.2   0.0   1   1   6.4e-08   0.00011   22.8   0.0     1    33    10    42    10    42 0.93 Tetratricopeptide repeat
TPR_11               PF13414.10    42 >LH00406:11:22GHGVLT3:1:1101:22654:7729 -             52   0.00032   20.5   0.0   1   1   2.2e-07   0.00038   20.3   0.0     2    36    17    51    16    52 0.92 TPR repeat
TPR_14               PF13428.10    45 >LH00406:11:22GHGVLT3:1:1101:22654:7729 -             52   0.00067   20.4   0.0   1   1   4.8e-07   0.00082   20.2   0.0     4    43    11    50     9    52 0.89 Tetratricopeptide repeat
TPR_19               PF14559.10    68 >LH00406:11:22GHGVLT3:1:1101:22654:7729 -             52    0.0028   18.1   0.0   1   1   1.8e-06    0.0031   18.0   0.0    26    57    10    41     2    48 0.86 Tetratricopeptide repeat
TPR_7                PF13176.10    36 >LH00406:11:22GHGVLT3:1:1101:22654:7729 -             52    0.0061   16.8   0.0   1   1   4.6e-06     0.008   16.4   0.0     6    26    16    36    11    43 0.86 Tetratricopeptide repeat
TPR_12               PF13424.10    77 >LH00406:11:22GHGVLT3:1:1101:22654:7729 -             52    0.0081   16.5   0.0   1   1   5.9e-06      0.01   16.2   0.0     9    31    15    37     8    40 0.59 Tetratricopeptide repeat
HrpB1_HrpK           PF09613.14   126 >LH00406:11:22GHGVLT3:1:1101:22654:7729 -             52     0.046   13.6   0.0   1   1   2.7e-05     0.046   13.6   0.0    44    80     8    44     1    47 0.86 Bacterial type III secretion protein (HrpB1_HrpK)
TPR_17               PF13431.10    34 >LH00406:11:22GHGVLT3:1:1101:22654:7729 -             52     0.099   13.2   0.0   1   2     0.036        63    4.4   0.0    16    33    12    29    10    30 0.82 Tetratricopeptide repeat
TPR_17               PF13431.10    34 >LH00406:11:22GHGVLT3:1:1101:22654:7729 -             52     0.099   13.2   0.0   2   2    0.0049       8.5    7.1   0.0     1    21    31    51    31    52 0.87 Tetratricopeptide repeat
HTS                  PF04204.20   298 >LH00406:11:22GHGVLT3:1:1101:41794:7729 -             80   2.8e-18   66.1   0.2   1   1   1.5e-22   3.1e-18   66.0   0.2     1    53    27    79    27    80 0.98 Homoserine O-succinyltransferase
Mor                  PF08765.15   107 >LH00406:11:22GHGVLT3:1:1101:50559:7729 -             59     0.026   14.8   0.0   1   1   1.3e-06     0.027   14.7   0.0    62    98    20    57    12    59 0.90 Mor transcription activator family
Toprim_2             PF13155.10    88 >LH00406:11:22GHGVLT3:1:1101:34147:7777 -             81   1.8e-11   44.4   0.0   1   1   2.8e-15     2e-11   44.3   0.0     1    74     6    79     6    81 0.92 Toprim-like
Toprim_3             PF13362.10    95 >LH00406:11:22GHGVLT3:1:1101:34147:7777 -             81   0.00099   19.8   0.0   1   1   1.6e-07    0.0011   19.6   0.0     3    67     6    71     4    79 0.87 Toprim domain
Toprim_4             PF13662.10    85 >LH00406:11:22GHGVLT3:1:1101:34147:7777 -             81    0.0044   17.4   0.0   1   1     3e-05      0.21   12.0   0.0     4    80     6    77     3    81 0.57 Toprim domain
TPM_phosphatase      PF04536.18   125 >LH00406:11:22GHGVLT3:1:1101:50633:7793 -             65   4.9e-14   52.6   0.0   1   1   2.4e-18   5.1e-14   52.6   0.0    36    98     2    64     1    65 0.94 TPM domain
Fer4_9               PF13187.10    50 >LH00406:11:22GHGVLT3:1:1101:18124:7825 -             86    0.0031   17.7   0.3   1   1   1.2e-06    0.0036   17.5   0.3    34    45    74    85    43    86 0.83 4Fe-4S dicluster domain
Fer4_4               PF12800.11    17 >LH00406:11:22GHGVLT3:1:1101:18124:7825 -             86    0.0046   17.4   4.3   1   2       6.5   1.9e+04   -3.1   0.1     6     8    15    17    15    18 0.59 4Fe-4S binding domain
Fer4_4               PF12800.11    17 >LH00406:11:22GHGVLT3:1:1101:18124:7825 -             86    0.0046   17.4   4.3   2   2   1.5e-06    0.0046   17.4   4.3     3    14    74    85    72    86 0.90 4Fe-4S binding domain
Fer4_2               PF12797.11    22 >LH00406:11:22GHGVLT3:1:1101:18124:7825 -             86    0.0047   17.0   3.0   1   1   2.8e-06    0.0084   16.2   3.0     9    20    74    85    68    86 0.89 4Fe-4S binding domain
Fer4                 PF00037.31    24 >LH00406:11:22GHGVLT3:1:1101:18124:7825 -             86     0.024   14.7   4.9   1   1   1.6e-05     0.048   13.7   4.9     6    18    73    85    71    85 0.91 4Fe-4S binding domain
Fer4_10              PF13237.10    56 >LH00406:11:22GHGVLT3:1:1101:18124:7825 -             86     0.027   14.7   2.7   1   1   1.3e-05     0.039   14.2   2.7    42    55    72    85    66    86 0.65 4Fe-4S dicluster domain
Fer4_3               PF12798.11    15 >LH00406:11:22GHGVLT3:1:1101:18124:7825 -             86       0.1   13.7   5.8   1   2         7   2.1e+04   -3.1   0.1     4     5    16    17    15    18 0.65 4Fe-4S binding domain
Fer4_3               PF12798.11    15 >LH00406:11:22GHGVLT3:1:1101:18124:7825 -             86       0.1   13.7   5.8   2   2   3.5e-05       0.1   13.7   5.8     1    11    75    85    75    86 0.97 4Fe-4S binding domain
Fer4_6               PF12837.11    24 >LH00406:11:22GHGVLT3:1:1101:18124:7825 -             86      0.14   12.4   4.2   1   1   8.7e-05      0.26   11.5   4.2     9    19    75    85    72    86 0.95 4Fe-4S binding domain
BRCA2                PF00634.22    29 >LH00406:11:22GHGVLT3:1:1101:18290:7825 -             65      0.24   11.1   0.7   1   2      0.21   4.3e+03   -2.5   0.1    14    20    23    29    23    30 0.66 BRCA2 repeat
BRCA2                PF00634.22    29 >LH00406:11:22GHGVLT3:1:1101:18290:7825 -             65      0.24   11.1   0.7   2   2   1.7e-05      0.35   10.6   0.1     1    14    34    47    34    47 0.89 BRCA2 repeat
MHB                  PF16525.9     77 >LH00406:11:22GHGVLT3:1:1101:26686:7825 -             52      0.12   12.8   0.1   1   1   8.8e-06      0.18   12.2   0.1    15    39     4    28     2    51 0.74 Haemophore, haem-binding
EamA                 PF00892.24   136 >LH00406:11:22GHGVLT3:1:1101:27832:7825 -             79   7.5e-06   26.3   5.9   1   1   1.1e-09   7.5e-06   26.3   5.9    26    91    12    79     1    79 0.92 EamA-like transporter family
MatE                 PF01554.22   161 >LH00406:11:22GHGVLT3:1:1101:27832:7825 -             79     0.013   15.4   1.8   1   1     2e-06     0.014   15.3   1.8    74   132    18    76     6    79 0.89 MatE
Spo7                 PF03907.17   211 >LH00406:11:22GHGVLT3:1:1101:27832:7825 -             79     0.052   13.3   0.4   1   1     8e-06     0.055   13.2   0.4    74   107    22    56     3    73 0.80 Spo7-like protein
Glycos_transf_1      PF00534.24   172 >LH00406:11:22GHGVLT3:1:1101:34397:7825 -             66     0.021   14.5   0.3   1   1   2.2e-06     0.023   14.4   0.3     8    51    21    64    14    66 0.90 Glycosyl transferases group 1
DUF1694              PF07997.15   117 >LH00406:11:22GHGVLT3:1:1101:34397:7825 -             66     0.037   14.3   0.4   1   1   3.8e-06      0.04   14.2   0.4    38    87     6    55     2    64 0.91 Protein of unknown function (DUF1694)
Glycos_transf_2      PF00535.30   168 >LH00406:11:22GHGVLT3:1:1101:37818:7825 -             85     2e-17   63.8   0.1   1   1   3.2e-21   2.3e-17   63.7   0.1     1    67    18    85    18    85 0.97 Glycosyl transferase family 2
Glyco_tranf_2_3      PF13641.10   230 >LH00406:11:22GHGVLT3:1:1101:37818:7825 -             85    0.0047   17.0   0.0   1   1   7.4e-07    0.0051   16.9   0.0     4    63    17    75    14    85 0.80 Glycosyltransferase like family 2
tRNA_deacylase       PF04414.16   204 >LH00406:11:22GHGVLT3:1:1101:37818:7825 -             85      0.15   11.8   0.0   1   1   2.3e-05      0.16   11.7   0.0   132   195     2    66     2    76 0.88 D-aminoacyl-tRNA deacylase
Lys_export           PF03956.17   190 >LH00406:11:22GHGVLT3:1:1101:49320:7825 -             84   2.2e-31  109.0   2.0   1   1   1.2e-35   2.4e-31  108.9   2.0    48   129     2    84     1    84 0.97 Lysine exporter LysO
RNHCP                PF12647.11    90 >LH00406:11:22GHGVLT3:1:1101:39519:7890 -             87     0.074   13.2   1.6   1   1   4.6e-06     0.096   12.9   1.6    12    40    44    73    35    85 0.76 RNHCP domain
TonB_dep_Rec         PF00593.28   436 >LH00406:11:22GHGVLT3:1:1101:26362:7906 -             76     2e-06   28.1   3.6   1   1   1.1e-10   2.3e-06   27.9   3.6   254   308    14    70     2    75 0.82 TonB dependent receptor
Phage_int_SAM_1      PF02899.21    83 >LH00406:11:22GHGVLT3:1:1101:13112:7922 -             74   1.2e-14   54.5   0.1   1   1     2e-18   1.4e-14   54.3   0.1    19    82     1    66     1    67 0.96 Phage integrase, N-terminal SAM-like domain
Phage_int_SAM_5      PF13102.10    99 >LH00406:11:22GHGVLT3:1:1101:13112:7922 -             74     2e-06   28.3   0.0   1   1     3e-10   2.1e-06   28.2   0.0    25    93     4    73     1    74 0.90 Phage integrase SAM-like domain
Phage_int_SAM_4      PF13495.10    85 >LH00406:11:22GHGVLT3:1:1101:13112:7922 -             74     0.009   16.6   0.0   1   1   1.4e-06    0.0098   16.5   0.0    37    83    23    68     1    70 0.77 Phage integrase, N-terminal SAM-like domain
Sigma70_r2           PF04542.18    71 >LH00406:11:22GHGVLT3:1:1101:14925:7986 -             66    0.0003   20.7   0.0   1   1   2.3e-08   0.00047   20.1   0.0    45    69     6    29     2    31 0.86 Sigma-70 region 2
Omp_AT               PF11557.12   327 >LH00406:11:22GHGVLT3:1:1101:38401:8002 -             71     0.073   12.2   0.5   1   1   3.8e-06     0.078   12.1   0.5   146   177     8    41     1    48 0.75 Solitary outer membrane autotransporter beta-barrel domain
Clp1                 PF06807.18   113 >LH00406:11:22GHGVLT3:1:1101:35534:8066 -             36      0.17   12.6   0.2   1   1   8.9e-06      0.19   12.4   0.2    89   108    16    35    13    36 0.91 Pre-mRNA cleavage complex II protein Clp1
NLRX1_C              PF21402.1     62 >LH00406:11:22GHGVLT3:1:1101:4846:8082 -             39      0.06   13.3   0.2   1   1   6.7e-06      0.07   13.1   0.2    23    42     2    21     1    27 0.90 NLR family member X1, C-terminal domain
RnlA_toxin           PF15935.9     87 >LH00406:11:22GHGVLT3:1:1101:4846:8082 -             39      0.14   12.6   0.6   1   1   1.5e-05      0.16   12.5   0.6    55    76     9    30     6    35 0.89 RNase LS, bacterial toxin
Glyco_hydro_2_C      PF02836.21   302 >LH00406:11:22GHGVLT3:1:1101:40453:8098 -             52    0.0013   18.1   0.0   1   1   6.9e-08    0.0014   18.0   0.0   262   300     1    40     1    42 0.92 Glycosyl hydrolases family 2, TIM barrel domain
Glyco_hydro_16       PF00722.25   177 >LH00406:11:22GHGVLT3:1:1101:47240:8098 -             86   9.9e-10   38.4   0.0   1   1   5.4e-14   1.1e-09   38.2   0.0    29    78     2    56     1    72 0.89 Glycosyl hydrolases family 16
Arm-DNA-bind_5       PF17293.6     87 >LH00406:11:22GHGVLT3:1:1101:19418:8114 -             57    0.0099   16.6   0.0   1   1   7.4e-07     0.015   16.0   0.0    28    67     4    39     2    54 0.82 Arm DNA-binding domain
HTH_18               PF12833.11    81 >LH00406:11:22GHGVLT3:1:1101:21425:8130 -             57   4.1e-05   24.0   0.0   1   1   1.8e-08   4.8e-05   23.8   0.0     1    38    10    47    10    54 0.92 Helix-turn-helix domain
HTH_AraC             PF00165.27    42 >LH00406:11:22GHGVLT3:1:1101:21425:8130 -             57   5.3e-05   23.4   0.0   1   1   2.6e-08   6.9e-05   23.1   0.0     9    39     5    35     1    36 0.93 Bacterial regulatory helix-turn-helix proteins, AraC family
HTH_31               PF13560.10    64 >LH00406:11:22GHGVLT3:1:1101:21425:8130 -             57     0.025   15.1   0.0   1   1   1.1e-05     0.029   14.9   0.0    16    52     6    41     3    45 0.92 Helix-turn-helix domain
HTH_58               PF19575.3     73 >LH00406:11:22GHGVLT3:1:1101:21425:8130 -             57     0.049   14.2   0.0   1   1   2.4e-05     0.063   13.8   0.0    37    58     5    26     2    33 0.89 Helix-turn-helix domain
AbiEi_4              PF13338.10    49 >LH00406:11:22GHGVLT3:1:1101:21425:8130 -             57     0.084   13.3   0.0   1   2   0.00088       2.3    8.7   0.0    12    31     3    23     1    24 0.93 Transcriptional regulator, AbiEi antitoxin
AbiEi_4              PF13338.10    49 >LH00406:11:22GHGVLT3:1:1101:21425:8130 -             57     0.084   13.3   0.0   2   2     0.056   1.5e+02    2.9   0.0    22    34    29    41    25    46 0.85 Transcriptional regulator, AbiEi antitoxin
HTH_DeoR             PF08220.16    57 >LH00406:11:22GHGVLT3:1:1101:21425:8130 -             57      0.11   12.5   0.0   1   2   0.00015      0.38   10.7   0.0    12    36     2    26     1    32 0.88 DeoR-like helix-turn-helix domain
HTH_DeoR             PF08220.16    57 >LH00406:11:22GHGVLT3:1:1101:21425:8130 -             57      0.11   12.5   0.0   2   2      0.48   1.3e+03   -0.5   0.0     1    11    41    51    41    53 0.86 DeoR-like helix-turn-helix domain
HTH_24               PF13412.10    48 >LH00406:11:22GHGVLT3:1:1101:21425:8130 -             57      0.11   12.3   0.0   1   2   8.2e-05      0.21   11.4   0.0    15    30     2    17     1    23 0.92 Winged helix-turn-helix DNA-binding
HTH_24               PF13412.10    48 >LH00406:11:22GHGVLT3:1:1101:21425:8130 -             57      0.11   12.3   0.0   2   2         2   5.2e+03   -2.7   0.0    28    37    30    39    30    41 0.67 Winged helix-turn-helix DNA-binding
DUF6307              PF19826.3     43 >LH00406:11:22GHGVLT3:1:1101:21425:8130 -             57      0.22   12.1   0.1   1   1   0.00014      0.36   11.4   0.1    30    43    44    57    43    57 0.94 Family of unknown function (DUF6307)
Tetraspanin          PF00335.24   225 >LH00406:11:22GHGVLT3:1:1101:24226:8178 -             53     0.098   12.5   2.9   1   1   9.2e-06     0.096   12.5   2.9   108   146    10    47     2    53 0.64 Tetraspanin family
ydhR                 PF08803.15    96 >LH00406:11:22GHGVLT3:1:1101:24226:8178 -             53      0.13   12.4   0.0   1   1   1.3e-05      0.13   12.4   0.0    28    53    25    50     2    53 0.78 Putative mono-oxygenase ydhR
tRNA_Me_trans_C      PF20258.2     77 >LH00406:11:22GHGVLT3:1:1101:23930:8210 -             88   6.4e-05   23.4   0.0   1   1   9.1e-09   9.4e-05   22.9   0.0     6    57    37    88    33    88 0.84 Aminomethyltransferase beta-barrel domain
tRNA_Me_trans_M      PF20259.2     66 >LH00406:11:22GHGVLT3:1:1101:23930:8210 -             88    0.0029   17.3   0.0   1   1   4.1e-07    0.0042   16.8   0.0    40    66     1    26     1    26 0.93 tRNA methyl transferase PRC-barrel domain
Plug_translocon      PF10559.13    35 >LH00406:11:22GHGVLT3:1:1101:47157:8210 -             56      0.12   12.4   0.0   1   1   8.7e-06      0.18   11.8   0.0    16    29    26    39    24    39 0.89 Plug domain of Sec61p
ThiS-like            PF14453.10    57 >LH00406:11:22GHGVLT3:1:1101:46463:8226 -             40    0.0036   17.5   0.0   1   1   5.2e-07    0.0036   17.5   0.0     1    26     7    32     7    40 0.90 ThiS-like ubiquitin
ThiS                 PF02597.24    76 >LH00406:11:22GHGVLT3:1:1101:46463:8226 -             40     0.057   14.2   0.0   1   1   8.2e-06     0.057   14.2   0.0    10    45     9    40     3    40 0.78 ThiS family
HTH_IclR             PF09339.14    52 >LH00406:11:22GHGVLT3:1:1101:46463:8226 -             40      0.12   12.4   0.1   1   1   2.5e-05      0.18   11.8   0.1    15    32    18    35    16    35 0.89 IclR helix-turn-helix domain
PRA-CH               PF01502.22    74 >LH00406:11:22GHGVLT3:1:1101:31771:8242 -             85     0.074   13.1   0.2   1   1   5.2e-06      0.11   12.6   0.2    53    73    14    34     9    35 0.79 Phosphoribosyl-AMP cyclohydrolase
Glyco_hydro_130      PF04041.17   320 >LH00406:11:22GHGVLT3:1:1101:36635:8338 -             72   2.9e-06   26.6   0.0   1   1   1.6e-10   3.4e-06   26.4   0.0   288   319     2    35     1    36 0.89 beta-1,4-mannooligosaccharide phosphorylase
PGAP1                PF07819.17   233 >LH00406:11:22GHGVLT3:1:1101:45677:8338 -             67      0.25   11.3   0.1   1   1   1.5e-05       0.3   11.0   0.1    24    71     3    50     2    55 0.88 PGAP1-like protein
HlyD_2               PF12700.11   413 >LH00406:11:22GHGVLT3:1:1101:17708:8354 -             54      0.11   11.4   0.7   1   1   1.1e-05      0.11   11.4   0.7    17    47    16    46     4    50 0.83 HlyD family secretion protein
rpo30_N              PF12410.12   135 >LH00406:11:22GHGVLT3:1:1101:17708:8354 -             54      0.17   12.0   0.1   1   1   1.8e-05      0.19   11.9   0.1    81   113     5    38     2    46 0.86 Poxvirus DNA dependent RNA polymerase 30kDa subunit
DEAD                 PF00270.33   166 >LH00406:11:22GHGVLT3:1:1101:20685:8354 -             87   5.4e-07   29.7   0.0   1   1   8.7e-11   6.1e-07   29.5   0.0    43   125     6    84     1    86 0.86 DEAD/DEAH box helicase
ResIII               PF04851.19   164 >LH00406:11:22GHGVLT3:1:1101:20685:8354 -             87   0.00046   20.3   0.0   1   1   7.5e-08   0.00052   20.2   0.0    55   133    10    84     1    86 0.82 Type III restriction enzyme, res subunit
Helicase_C           PF00271.35   110 >LH00406:11:22GHGVLT3:1:1101:20685:8354 -             87    0.0011   19.4   0.0   1   1     2e-07    0.0014   19.1   0.0    13    73     6    67     2    70 0.88 Helicase conserved C-terminal domain
Glyco_hydro_25       PF01183.24   180 >LH00406:11:22GHGVLT3:1:1101:11106:8418 -             57   5.2e-06   27.1   0.0   1   1   2.5e-10   5.3e-06   27.1   0.0    92   147     1    54     1    57 0.90 Glycosyl hydrolases family 25
Pkinase              PF00069.29   263 >LH00406:11:22GHGVLT3:1:1101:42913:8418 -             73    0.0021   17.7   0.0   1   1   2.1e-07    0.0021   17.7   0.0    20    85     5    72     1    73 0.84 Protein kinase domain
PK_Tyr_Ser-Thr       PF07714.21   258 >LH00406:11:22GHGVLT3:1:1101:42913:8418 -             73     0.011   15.2   0.0   1   1   1.1e-06     0.011   15.2   0.0    45    88    28    72     4    73 0.75 Protein tyrosine and serine/threonine kinase
TMEM171              PF15471.10   320 >LH00406:11:22GHGVLT3:1:1101:51659:8450 -             66     0.044   13.0   0.0   1   1   2.5e-06     0.051   12.8   0.0    12    44    27    59    26    63 0.92 Transmembrane protein family 171
CarbopepD_reg_2      PF13715.10    88 >LH00406:11:22GHGVLT3:1:1101:12373:8466 -             73   3.1e-05   24.1   0.3   1   1   3.8e-09   3.9e-05   23.8   0.3    28    88     5    62     3    62 0.80 CarboxypepD_reg-like domain
CarboxypepD_reg      PF13620.10    82 >LH00406:11:22GHGVLT3:1:1101:12373:8466 -             73      0.04   14.5   0.1   1   1   5.5e-06     0.058   14.0   0.1    32    75     5    46     2    53 0.84 Carboxypeptidase regulatory-like domain
Helicase_C           PF00271.35   110 >LH00406:11:22GHGVLT3:1:1101:1361:8514 -             88   8.9e-08   32.6   0.0   1   1   4.9e-12     1e-07   32.4   0.0    10    72    22    88    13    88 0.86 Helicase conserved C-terminal domain
zf-C2H2_3            PF13878.10    40 >LH00406:11:22GHGVLT3:1:1101:13760:8530 -             82     0.051   13.6   2.0   1   1   3.9e-06     0.081   12.9   2.0    14    24    57    67    52    71 0.85 zinc-finger of acetyl-transferase ESCO
Glyco_hydro_92       PF07971.16   464 >LH00406:11:22GHGVLT3:1:1101:3478:8562 -             86   3.7e-18   65.9   0.4   1   1   3.9e-22     4e-18   65.8   0.4   149   222     1    85     1    86 0.86 Glycosyl hydrolase family 92 catalytic domain
LXG                  PF04740.16   202 >LH00406:11:22GHGVLT3:1:1101:3478:8562 -             86     0.078   13.0   0.0   1   1   9.2e-06     0.096   12.7   0.0    44    91    32    79    26    83 0.88 LXG domain of WXG superfamily
DUF5960              PF19385.3     83 >LH00406:11:22GHGVLT3:1:1101:7851:8579 -             85      0.29   11.7   0.1   1   1   1.7e-05      0.35   11.4   0.1    44    68    33    57    33    66 0.87 Family of unknown function (DUF5960)
Glyco_hydro2_C5      PF18565.5    103 >LH00406:11:22GHGVLT3:1:1101:9645:8579 -             62   1.4e-07   31.5   0.0   1   1   7.3e-12   1.5e-07   31.4   0.0    61   102     9    50     4    51 0.91 Glycoside hydrolase family 2 C-terminal domain 5
DUF6439              PF20035.3     92 >LH00406:11:22GHGVLT3:1:1101:46519:8579 -             63     0.039   14.5   0.7   1   1   2.2e-06     0.046   14.3   0.5    65    84    42    61    22    63 0.86 Family of unknown function (DUF6439)
PASTA                PF03793.23    63 >LH00406:11:22GHGVLT3:1:1101:9747:8595 -             84   7.2e-10   38.8   0.0   1   1   3.8e-14   7.9e-10   38.7   0.0     3    60    12    62    10    65 0.95 PASTA domain
LUD_dom              PF02589.19   189 >LH00406:11:22GHGVLT3:1:1101:19418:8595 -             86   7.9e-10   39.0   0.0   1   1   4.8e-14     1e-09   38.6   0.0   107   168     1    61     1    75 0.83 LUD domain
MIR                  PF02815.23   185 >LH00406:11:22GHGVLT3:1:1101:30116:8611 -             78      0.04   14.0   0.1   1   1   2.5e-06     0.053   13.6   0.1     7    49    11    54     8    55 0.86 MIR domain
PDDEXK_9             PF08011.15   104 >LH00406:11:22GHGVLT3:1:1101:19187:8643 -             67    0.0095   16.1   0.3   1   1   6.6e-07     0.014   15.6   0.3     2    31    38    67    37    67 0.95 PD-(D/E)XK nuclease superfamily
PDDEXK_2             PF12784.11   229 >LH00406:11:22GHGVLT3:1:1101:7768:8691 -             79    0.0017   18.3   0.3   1   1   2.7e-07    0.0018   18.2   0.3     4    61     3    62     1    69 0.87 PD-(D/E)XK nuclease family transposase
AbiJ_NTD5            PF18865.5     93 >LH00406:11:22GHGVLT3:1:1101:7768:8691 -             79     0.099   12.8   0.1   1   1   1.7e-05      0.12   12.5   0.1    47    84     7    44     2    53 0.87 AbiJ N-terminal domain 5
UvdE                 PF03851.18   275 >LH00406:11:22GHGVLT3:1:1101:7768:8691 -             79      0.11   11.9   0.2   1   1   1.7e-05      0.12   11.8   0.2   163   215    13    66    10    78 0.79 UV-endonuclease UvdE
ImmE5                PF11480.12    82 >LH00406:11:22GHGVLT3:1:1101:43440:8723 -             69      0.25   11.8   0.5   1   1   1.6e-05      0.33   11.4   0.5    26    47    13    36     2    39 0.72 Colicin-E5 Imm protein
ABC_tran             PF00005.31   137 >LH00406:11:22GHGVLT3:1:1101:26797:8787 -             62   9.7e-07   29.7   0.0   1   1   1.4e-10   1.5e-06   29.1   0.0     1    26    37    62    37    62 0.97 ABC transporter
AAA_29               PF13555.10    61 >LH00406:11:22GHGVLT3:1:1101:26797:8787 -             62    0.0056   16.6   0.0   1   1   6.9e-07    0.0072   16.3   0.0    14    37    39    62    27    62 0.84 P-loop containing region of AAA domain
Glycoprot_B_PH1      PF17416.6    210 >LH00406:11:22GHGVLT3:1:1101:28091:8787 -             84      0.12   12.1   0.0   1   1   6.4e-06      0.13   12.0   0.0   109   144    41    76     3    76 0.73 Herpesvirus Glycoprotein B
DUF1547              PF07577.15    60 >LH00406:11:22GHGVLT3:1:1101:13898:8803 -             41       0.2   12.3   0.1   1   1   1.1e-05      0.24   12.0   0.1     3    15    16    28    14    36 0.92 Domain of Unknown Function (DUF1547)
RNase_P_p30          PF01876.20   214 >LH00406:11:22GHGVLT3:1:1101:13371:8819 -             82    0.0015   18.3   0.0   1   1   7.6e-08    0.0016   18.2   0.0    37    99    12    77     4    82 0.83 RNase P subunit p30
AAA-ATPase_like      PF09820.13   279 >LH00406:11:22GHGVLT3:1:1101:8831:8835 -             72   2.2e-26   93.1   0.0   1   1   2.3e-30   2.4e-26   93.0   0.0    13    86     1    72     1    72 0.98 Predicted AAA-ATPase
DUF3903              PF13043.10    40 >LH00406:11:22GHGVLT3:1:1101:8831:8835 -             72     0.082   13.0   0.0   1   2      0.52   5.4e+03   -2.4   0.0    33    38     9    14     8    15 0.75 Domain of unknown function (DUF3903)
DUF3903              PF13043.10    40 >LH00406:11:22GHGVLT3:1:1101:8831:8835 -             72     0.082   13.0   0.0   2   2     2e-05      0.21   11.7   0.0    19    29    29    39    28    41 0.94 Domain of unknown function (DUF3903)
ACR_tran             PF00873.23  1021 >LH00406:11:22GHGVLT3:1:1101:9664:8835 -             69     8e-13   47.2   1.6   1   1   1.6e-16   8.2e-13   47.2   1.6   360   426     3    68     1    69 0.95 AcrB/AcrD/AcrF family
SecD_SecF            PF02355.20   189 >LH00406:11:22GHGVLT3:1:1101:9664:8835 -             69   3.3e-07   30.1   0.9   1   1   6.3e-11   3.3e-07   30.1   0.9    68   114    12    58     1    68 0.86 Protein export membrane protein
Sterol-sensing       PF12349.12   153 >LH00406:11:22GHGVLT3:1:1101:9664:8835 -             69    0.0023   18.0   1.0   1   1     5e-07    0.0026   17.8   1.0    14    62     6    53     2    64 0.89 Sterol-sensing domain of SREBP cleavage-activation
Patched              PF02460.22   792 >LH00406:11:22GHGVLT3:1:1101:9664:8835 -             69     0.059   11.8   2.2   1   1   1.1e-05     0.055   11.8   2.2   673   731     6    66     1    69 0.64 Patched family
Biotin_lipoyl_2      PF13533.10    50 >LH00406:11:22GHGVLT3:1:1101:15563:8835 -             80   1.8e-07   31.0   0.0   1   1   1.1e-10   2.8e-07   30.4   0.0     5    31    54    80    48    80 0.93 Biotin-lipoyl like
Biotin_lipoyl        PF00364.26    73 >LH00406:11:22GHGVLT3:1:1101:15563:8835 -             80    0.0079   16.2   0.1   1   1   4.2e-06     0.011   15.8   0.1    45    71    54    80    41    80 0.86 Biotin-requiring enzyme
Orf78                PF06024.16   101 >LH00406:11:22GHGVLT3:1:1101:15563:8835 -             80    0.0083   16.6   0.1   1   1   3.6e-06    0.0095   16.4   0.1    56    91     6    41     2    52 0.86 Orf78 (ac78)
ELYS-bb              PF16687.9    489 >LH00406:11:22GHGVLT3:1:1101:15563:8835 -             80     0.021   13.6   0.0   1   1   9.2e-06     0.024   13.5   0.0   141   202     8    67     3    75 0.85 beta-propeller of ELYS nucleoporin
eIF-1a               PF01176.23    64 >LH00406:11:22GHGVLT3:1:1101:15563:8835 -             80     0.039   13.8   0.2   1   1     3e-05     0.078   12.8   0.1    25    49    52    75    43    78 0.84 Translation initiation factor 1A / IF-1
ETRAMP               PF09716.14    81 >LH00406:11:22GHGVLT3:1:1101:15563:8835 -             80     0.052   13.7   0.1   1   1   2.5e-05     0.066   13.4   0.1    44    73     4    33     2    40 0.84 Malarial early transcribed membrane protein (ETRAMP)
DUF6368              PF19895.3    184 >LH00406:11:22GHGVLT3:1:1101:15563:8835 -             80      0.06   13.6   0.0   1   1   2.7e-05      0.07   13.4   0.0    93   167     9    77     4    79 0.79 Family of unknown function (DUF6368)
TarH                 PF02203.19   177 >LH00406:11:22GHGVLT3:1:1101:15563:8835 -             80      0.15   12.1   0.0   1   1   7.2e-05      0.19   11.8   0.0    11    41    14    44    11    50 0.90 Tar ligand binding domain homologue
NhaB                 PF06450.16   515 >LH00406:11:22GHGVLT3:1:1101:8193:8883 -             67     0.047   12.8   0.4   1   1   2.2e-06     0.047   12.8   0.4   307   362    13    66     6    67 0.76 Bacterial Na+/H+ antiporter B (NhaB)
Radical_SAM          PF04055.25   167 >LH00406:11:22GHGVLT3:1:1101:47147:8899 -             62   8.1e-05   23.0   0.0   1   1   4.1e-09   8.6e-05   23.0   0.0    48   111     2    61     1    62 0.94 Radical SAM superfamily
Ammonium_transp      PF00909.25   399 >LH00406:11:22GHGVLT3:1:1101:50531:8899 -             82     3e-16   59.3   8.2   1   1   3.1e-20   3.2e-16   59.2   8.2   155   241     1    81     1    82 0.96 Ammonium Transporter Family
DUF202               PF02656.19    68 >LH00406:11:22GHGVLT3:1:1101:50531:8899 -             82       4.4    8.0   7.4   1   2   0.00098        10    6.9   0.6    35    60    25    46     4    51 0.57 Domain of unknown function (DUF202)
DUF202               PF02656.19    68 >LH00406:11:22GHGVLT3:1:1101:50531:8899 -             82       4.4    8.0   7.4   2   2   0.00099        10    6.8   7.4    18    57    31    74    29    81 0.79 Domain of unknown function (DUF202)
TMEM192              PF14802.10   236 >LH00406:11:22GHGVLT3:1:1101:29987:8931 -             86     0.078   12.3   0.6   1   1   4.6e-06     0.097   12.0   0.6    84   109    53    78    49    83 0.87 TMEM192 family
DUF4455              PF14643.10   469 >LH00406:11:22GHGVLT3:1:1101:17014:8947 -             71    0.0023   16.8   0.2   1   1   1.2e-07    0.0025   16.7   0.2   166   215    18    67    13    70 0.89 Domain of unknown function (DUF4455)
Peptidase_C39_2      PF13529.10   143 >LH00406:11:22GHGVLT3:1:1101:25687:8947 -             89      0.12   13.1   0.0   1   1   7.2e-06      0.15   12.8   0.0    60   108    33    81     4    88 0.75 Peptidase_C39 like family
Mfa_like_1           PF13149.10   247 >LH00406:11:22GHGVLT3:1:1101:4606:8979 -             60   2.9e-10   40.8   3.0   1   1   1.6e-14   3.3e-10   40.6   3.0    38    94     2    54     1    56 0.93 Fimbrillin-like
Doppel               PF11466.12    30 >LH00406:11:22GHGVLT3:1:1101:21619:9011 -             80      0.11   12.4   3.4   1   1     1e-05      0.21   11.5   3.4     3    21    49    67    48    71 0.81 Prion-like protein Doppel
GcpE                 PF04551.18   343 >LH00406:11:22GHGVLT3:1:1101:37633:9011 -             79   6.9e-10   38.6   0.0   1   1   3.3e-14   6.9e-10   38.6   0.0   216   261     1    48     1    68 0.89 GcpE protein
PdxA                 PF04166.16   286 >LH00406:11:22GHGVLT3:1:1101:24439:9059 -             84   2.1e-17   63.7   0.0   1   1   2.1e-21   2.2e-17   63.6   0.0    51   131     2    83     1    84 0.96 Pyridoxal phosphate biosynthetic protein PdxA
CoV_NSP4_C           PF16348.9     96 >LH00406:11:22GHGVLT3:1:1101:24439:9059 -             84     0.017   16.1   0.0   1   1   2.4e-06     0.025   15.6   0.0    62    94    11    43     4    45 0.88 Coronavirus replicase NSP4, C-terminal
Peptidase_M13_N      PF05649.17   381 >LH00406:11:22GHGVLT3:1:1101:50568:9059 -             87   1.2e-16   61.3   0.0   1   1   5.9e-21   1.2e-16   61.3   0.0   234   311     7    86     1    87 0.92 Peptidase family M13
Peptidase_S24        PF00717.27   116 >LH00406:11:22GHGVLT3:1:1101:24245:9075 -             75   6.1e-07   29.4   0.0   1   1   3.6e-11   7.5e-07   29.1   0.0    29    73     5    50     1    72 0.72 Peptidase S24-like
DUF4222              PF13973.10    53 >LH00406:11:22GHGVLT3:1:1101:17338:9123 -             41     0.058   13.2   0.6   1   1     3e-06     0.063   13.1   0.6    14    40     5    29     3    33 0.85 Domain of unknown function (DUF4222)
z-alpha              PF02295.21    67 >LH00406:11:22GHGVLT3:1:1101:27795:9139 -             74      0.13   12.6   0.0   1   1     8e-06      0.17   12.2   0.0    23    44    32    53    22    61 0.84 Adenosine deaminase z-alpha domain
SMC_N                PF02463.23   220 >LH00406:11:22GHGVLT3:1:1101:28738:9139 -             85   0.00032   20.4   0.1   1   1   4.8e-08   0.00034   20.3   0.1   161   213    12    64     1    69 0.87 RecF/RecN/SMC N terminal domain
YceM-like_C          PF21378.1    120 >LH00406:11:22GHGVLT3:1:1101:28738:9139 -             85     0.071   13.6   0.2   1   1   1.2e-05      0.08   13.4   0.2    59   117    20    78    12    81 0.78 YceM-like, C-terminal domain
SbcC_Walker_B        PF13558.10    90 >LH00406:11:22GHGVLT3:1:1101:28738:9139 -             85       0.1   13.0   0.0   1   1   2.4e-05      0.17   12.3   0.0    63    86     9    32     3    36 0.86 SbcC/RAD50-like, Walker B motif
OEP                  PF02321.22   187 >LH00406:11:22GHGVLT3:1:1101:27490:9155 -             82   0.00073   19.6   0.1   1   1   3.8e-08   0.00079   19.5   0.1    46   121     3    68     1    77 0.85 Outer membrane efflux protein
ResIII               PF04851.19   164 >LH00406:11:22GHGVLT3:1:1101:3681:9171 -             60   2.8e-08   34.1   0.1   1   1   7.1e-12   2.9e-08   34.0   0.1     2    50    10    59     9    60 0.89 Type III restriction enzyme, res subunit
AAA_7                PF12775.11   181 >LH00406:11:22GHGVLT3:1:1101:3681:9171 -             60     0.061   13.1   0.4   1   2     0.018        74    3.0   0.1    73    91    10    28     4    32 0.87 P-loop containing dynein motor region
AAA_7                PF12775.11   181 >LH00406:11:22GHGVLT3:1:1101:3681:9171 -             60     0.061   13.1   0.4   2   2   0.00022       0.9    9.2   0.1    33    51    32    50    28    60 0.78 P-loop containing dynein motor region
PI-TkoII_IV          PF18714.5    150 >LH00406:11:22GHGVLT3:1:1101:3681:9171 -             60      0.07   13.0   0.1   1   1   1.7e-05     0.072   13.0   0.1    81   135     2    58     1    60 0.83 DNA polymerase II intein Domain IV
DEAD                 PF00270.33   166 >LH00406:11:22GHGVLT3:1:1101:3681:9171 -             60     0.078   12.9   0.0   1   1   1.9e-05     0.079   12.9   0.0    17    33    35    51     8    57 0.77 DEAD/DEAH box helicase
PRMT5                PF05185.20   171 >LH00406:11:22GHGVLT3:1:1101:3681:9171 -             60      0.11   12.5   0.0   1   1   2.7e-05      0.11   12.5   0.0    37    80     9    51     3    60 0.75 PRMT5 arginine-N-methyltransferase
PorP_SprF            PF11751.12   273 >LH00406:11:22GHGVLT3:1:1101:47101:9171 -             60     0.022   14.5   0.3   1   1   1.3e-06     0.027   14.2   0.3   248   273     2    26     1    26 0.96 Type IX secretion system membrane protein PorP/SprF
WG_beta_rep          PF14903.10    35 >LH00406:11:22GHGVLT3:1:1101:47933:9171 -             66     0.015   15.6   0.1   1   2   4.1e-06     0.085   13.2   0.0     7    34    22    49    17    50 0.89 WG containing repeat
WG_beta_rep          PF14903.10    35 >LH00406:11:22GHGVLT3:1:1101:47933:9171 -             66     0.015   15.6   0.1   2   2     0.036   7.4e+02    0.6   0.1     1    14    50    64    50    65 0.73 WG containing repeat
DUF4143              PF13635.10   120 >LH00406:11:22GHGVLT3:1:1101:51243:9171 -             83      0.19   11.9   0.0   1   1   1.2e-05      0.25   11.5   0.0    20    63    33    75     3    83 0.69 Domain of unknown function (DUF4143)
MukE                 PF04288.17   229 >LH00406:11:22GHGVLT3:1:1101:2396:9187 -             77      0.13   11.4   0.0   1   1     8e-06      0.17   11.0   0.0    98   136    17    55    14    60 0.93 MukE-like family
MC8                  PF20295.2     48 >LH00406:11:22GHGVLT3:1:1101:15507:9187 -             40    0.0056   17.0   0.1   1   1   3.4e-07     0.007   16.7   0.1    22    40     8    26     6    29 0.90 ABC-three component (ABC-3C) system Middle Component 8
DUF6724              PF20485.2     64 >LH00406:11:22GHGVLT3:1:1101:20343:9203 -             43       0.1   12.7   0.1   1   1   5.9e-06      0.12   12.4   0.1    36    58    15    37    12    40 0.92 Family of unknown function (DUF6724)
DUF4999              PF16390.9     76 >LH00406:11:22GHGVLT3:1:1101:44734:9203 -             67     0.012   16.0   0.0   1   1   1.5e-06     0.016   15.7   0.0     1    32    23    53    23    63 0.64 Domain of unknown function
F-box-like_2         PF13013.10   107 >LH00406:11:22GHGVLT3:1:1101:44734:9203 -             67      0.19   12.0   0.0   1   1     2e-05       0.2   11.8   0.0    17    44    25    52    18    61 0.81 F-box-like domain
PDT                  PF00800.22   181 >LH00406:11:22GHGVLT3:1:1101:51243:9203 -             84   1.7e-22   80.3   0.0   1   1   8.8e-27   1.8e-22   80.2   0.0     7    88     2    83     1    84 0.97 Prephenate dehydratase
AbiH                 PF14253.10   261 >LH00406:11:22GHGVLT3:1:1101:40213:9251 -             70   1.1e-05   25.9   0.8   1   1   6.7e-10   1.4e-05   25.5   0.8     2    21    41    60    41    61 0.96 Bacteriophage abortive infection AbiH
Plug                 PF07715.19   107 >LH00406:11:22GHGVLT3:1:1101:5937:9267 -             72   4.9e-06   27.2   0.0   1   1     3e-10   6.3e-06   26.9   0.0    56   107     2    49     1    49 0.94 TonB-dependent Receptor Plug Domain
EcoRI_methylase      PF13651.10   345 >LH00406:11:22GHGVLT3:1:1101:9146:9283 -             81   1.8e-33  116.5   0.1   1   1   5.6e-37   1.9e-33  116.4   0.1   104   176     1    81     1    81 0.96 Adenine-specific methyltransferase EcoRI
N6_Mtase             PF02384.20   311 >LH00406:11:22GHGVLT3:1:1101:9146:9283 -             81     0.012   15.1   0.0   1   1   3.6e-06     0.012   15.1   0.0    89   142     7    62     1    79 0.69 N-6 DNA Methylase
EF-hand_7            PF13499.10    67 >LH00406:11:22GHGVLT3:1:1101:9146:9283 -             81     0.092   13.3   0.4   1   1   4.3e-05      0.15   12.6   0.4    12    50     1    45     1    46 0.84 EF-hand domain pair
EF-hand_6            PF13405.10    30 >LH00406:11:22GHGVLT3:1:1101:9146:9283 -             81      0.11   12.5   0.1   1   1   7.9e-05      0.27   11.3   0.1    10    27     1    18     1    27 0.92 EF-hand domain
MTS                  PF05175.18   170 >LH00406:11:22GHGVLT3:1:1101:9146:9283 -             81      0.15   11.8   0.0   1   1   4.4e-05      0.15   11.8   0.0    83   109    30    54     3    72 0.78 Methyltransferase small domain
FtsJ                 PF01728.23   181 >LH00406:11:22GHGVLT3:1:1101:9146:9283 -             81      0.16   12.1   0.0   1   1   4.9e-05      0.17   12.0   0.0    50    97     7    49     6    68 0.81 FtsJ-like methyltransferase
Peptidase_S8         PF00082.26   283 >LH00406:11:22GHGVLT3:1:1101:41692:9283 -             87   0.00092   18.8   0.0   1   1   5.6e-08    0.0012   18.5   0.0     1    24    39    62    39    83 0.78 Subtilase family
MMR_HSR1             PF01926.27   113 >LH00406:11:22GHGVLT3:1:1101:44716:9300 -             81   6.7e-10   39.3   0.0   1   1   2.1e-13   7.3e-10   39.2   0.0    40   113     2    78     1    78 0.80 50S ribosome-binding GTPase
GTP_EFTU             PF00009.31   188 >LH00406:11:22GHGVLT3:1:1101:44716:9300 -             81   1.5e-06   28.2   0.1   1   1   7.7e-10   2.7e-06   27.3   0.1    64   132     3    80     1    81 0.79 Elongation factor Tu GTP binding domain
AIG1                 PF04548.20   212 >LH00406:11:22GHGVLT3:1:1101:44716:9300 -             81     0.015   14.8   0.0   1   1     5e-06     0.017   14.6   0.0    45   107     4    65     1    68 0.81 AIG1 family
SpoVR                PF04293.17   419 >LH00406:11:22GHGVLT3:1:1101:44716:9300 -             81     0.074   11.9   0.0   1   1   2.4e-05     0.084   11.7   0.0   214   250    32    68    18    71 0.83 SpoVR like protein
FeoB_N               PF02421.22   156 >LH00406:11:22GHGVLT3:1:1101:44716:9300 -             81     0.097   12.4   0.0   1   1   3.3e-05      0.11   12.2   0.0    41   116     2    80     1    81 0.77 Ferrous iron transport protein B
NOG1                 PF06858.18    58 >LH00406:11:22GHGVLT3:1:1101:44716:9300 -             81      0.26   11.3   1.9   1   1   0.00065       2.2    8.3   1.9    14    58    41    80    30    80 0.78 Nucleolar GTP-binding protein 1 (NOG1)
GldH_lipo            PF14109.10   129 >LH00406:11:22GHGVLT3:1:1101:28997:9332 -             56   4.9e-09   37.2   0.1   1   1   2.6e-13   5.4e-09   37.1   0.1    33    83     1    56     1    56 0.88 GldH lipoprotein
Cupin_3              PF05899.16    74 >LH00406:11:22GHGVLT3:1:1101:28470:9348 -             57       0.1   12.5   0.0   1   1   4.9e-06       0.1   12.5   0.0    29    60    18    48     9    57 0.86 EutQ-like cupin domain
ALOG_dom             PF04852.16   126 >LH00406:11:22GHGVLT3:1:1101:39418:9348 -             70     0.094   13.1   0.0   1   1   5.4e-06      0.11   12.8   0.0    56    89    12    45     5    51 0.87 ALOG domain
Phage_integrase      PF00589.26   172 >LH00406:11:22GHGVLT3:1:1101:18660:9396 -             89   1.3e-20   74.1   0.1   1   1   6.6e-25   1.4e-20   74.0   0.1   110   169     7    66     1    69 0.92 Phage integrase family
PBP_like_2           PF12849.11   269 >LH00406:11:22GHGVLT3:1:1101:47175:9396 -             67   2.1e-06   27.9   0.0   1   1   1.1e-10   2.3e-06   27.8   0.0   123   185     2    67     1    67 0.88 PBP superfamily domain
AsnC_trans_reg       PF01037.25    73 >LH00406:11:22GHGVLT3:1:1101:40546:9412 -             70   5.3e-13   48.9   0.0   1   1   3.3e-17     7e-13   48.5   0.0    18    72     1    54     1    55 0.96 Lrp/AsnC ligand binding domain
TYW3                 PF02676.18   211 >LH00406:11:22GHGVLT3:1:1101:42820:9412 -             38      0.32   10.5   1.9   1   1   1.5e-05       0.3   10.6   1.9    42    53    20    31     7    37 0.83 Methyltransferase TYW3
Haemadin             PF09065.14    27 >LH00406:11:22GHGVLT3:1:1101:44161:9428 -             46     0.068   13.2   0.3   1   1   5.6e-06      0.12   12.4   0.3     7    19    23    35    22    37 0.92 Haemadin
SusD-like_2          PF12771.11   414 >LH00406:11:22GHGVLT3:1:1101:23070:9444 -             83   2.3e-06   27.0   0.0   1   1   2.4e-10   2.5e-06   26.9   0.0   253   318    13    76    10    83 0.83 Starch-binding associating with outer membrane
SusD-like            PF12741.11   496 >LH00406:11:22GHGVLT3:1:1101:23070:9444 -             83   0.00036   19.8   0.0   1   1   4.2e-08   0.00043   19.6   0.0   270   334    12    72    10    79 0.91 Susd and RagB outer membrane lipoprotein
Ribosomal_S18        PF01084.24    52 >LH00406:11:22GHGVLT3:1:1101:38650:9460 -             65     0.029   14.6   0.0   1   1   2.6e-06     0.053   13.8   0.0    12    34     9    31     6    37 0.87 Ribosomal protein S18
SPASM                PF13186.10    66 >LH00406:11:22GHGVLT3:1:1101:19280:9508 -             48   1.6e-06   28.5   0.0   1   1   8.1e-11   1.7e-06   28.4   0.0    17    62     1    47     1    48 0.76 Iron-sulfur cluster-binding domain
DUF3945              PF13101.10    50 >LH00406:11:22GHGVLT3:1:1101:31558:9508 -             81      0.02   14.8   0.1   1   2     6e-06      0.12   12.2   0.1     9    31     1    23     1    32 0.91 Protein of unknown function (DUF3945)
DUF3945              PF13101.10    50 >LH00406:11:22GHGVLT3:1:1101:31558:9508 -             81      0.02   14.8   0.1   2   2     0.022   4.5e+02    0.8   0.0    12    23    61    72    28    80 0.73 Protein of unknown function (DUF3945)
DUF599               PF04654.16   211 >LH00406:11:22GHGVLT3:1:1101:41516:9524 -             59      0.18   11.3   6.0   1   1     2e-05       0.2   11.2   6.0   176   205     8    37     4    43 0.90 Protein of unknown function, DUF599
Phage_holin_3_6      PF07332.15   116 >LH00406:11:22GHGVLT3:1:1101:41516:9524 -             59       1.3    9.3   6.2   1   1   0.00014       1.5    9.1   6.2    52    82     7    38     4    49 0.69 Putative Actinobacterial Holin-X, holin superfamily III
DUF3112              PF11309.12   217 >LH00406:11:22GHGVLT3:1:1101:40148:9620 -             64      0.18   11.4   0.0   1   1     2e-05      0.21   11.2   0.0    94   135     5    46     2    53 0.76 Protein of unknown function (DUF3112)
MFA1_2               PF17317.6     34 >LH00406:11:22GHGVLT3:1:1101:40148:9620 -             64      0.26   11.2   0.3   1   2   3.8e-05      0.39   10.6   0.0     1    17    12    28    12    29 0.90 Mating hormone A-factor 1&2
MFA1_2               PF17317.6     34 >LH00406:11:22GHGVLT3:1:1101:40148:9620 -             64      0.26   11.2   0.3   2   2       1.1   1.1e+04   -3.6   0.1     2     8    42    48    42    48 0.77 Mating hormone A-factor 1&2
DUF5686              PF18939.4    669 >LH00406:11:22GHGVLT3:1:1101:21462:9636 -             56   4.3e-08   32.3   1.5   1   1   2.2e-12   4.5e-08   32.2   1.5   608   662     2    56     1    56 0.98 Family of unknown function (DUF5686)
ABC_tran             PF00005.31   137 >LH00406:11:22GHGVLT3:1:1101:14361:9700 -             70   2.2e-09   38.3   0.0   1   1   9.5e-13   2.5e-09   38.1   0.0     2    48    23    69    22    70 0.95 ABC transporter
DUF87                PF01935.21   220 >LH00406:11:22GHGVLT3:1:1101:14361:9700 -             70    0.0075   16.6   0.0   1   1   3.2e-06    0.0083   16.4   0.0    25    59    34    66    20    67 0.83 Helicase HerA, central domain
nSTAND1              PF20703.1    380 >LH00406:11:22GHGVLT3:1:1101:14361:9700 -             70     0.012   15.5   0.0   1   1   4.5e-06     0.012   15.5   0.0    28    59    27    56     6    66 0.80 Novel STAND NTPase 1
AAA_16               PF13191.10   167 >LH00406:11:22GHGVLT3:1:1101:14361:9700 -             70      0.03   15.0   0.0   1   1   1.4e-05     0.035   14.8   0.0    18    53    28    61    24    69 0.79 AAA ATPase domain
DEAD                 PF00270.33   166 >LH00406:11:22GHGVLT3:1:1101:14361:9700 -             70     0.037   14.0   0.0   1   1   1.4e-05     0.037   14.0   0.0    10    33    28    51    19    65 0.84 DEAD/DEAH box helicase
ATPase               PF06745.17   231 >LH00406:11:22GHGVLT3:1:1101:14361:9700 -             70     0.059   12.9   0.2   1   1   2.8e-05     0.073   12.6   0.2    15    36    28    49    21    51 0.91 KaiC
AAA_25               PF13481.10   194 >LH00406:11:22GHGVLT3:1:1101:14361:9700 -             70      0.11   12.2   0.1   1   1   5.3e-05      0.14   12.0   0.1    30    50    29    49     8    51 0.91 AAA domain
NACHT                PF05729.16   167 >LH00406:11:22GHGVLT3:1:1101:14361:9700 -             70      0.14   12.2   0.1   1   2   5.3e-05      0.14   12.2   0.1     2    18    34    50    33    55 0.89 NACHT domain
NACHT                PF05729.16   167 >LH00406:11:22GHGVLT3:1:1101:14361:9700 -             70      0.14   12.2   0.1   2   2         2   5.2e+03   -2.7   0.2    84    91    62    69    56    69 0.75 NACHT domain
PI3K_1B_p101         PF10486.13   861 >LH00406:11:22GHGVLT3:1:1101:12336:9716 -             55      0.29    9.0   0.0   1   1   1.4e-05      0.29    9.0   0.0    91   136     4    50     1    54 0.83 Phosphoinositide 3-kinase gamma adapter protein p101 subunit
DUF6638              PF20343.2    439 >LH00406:11:22GHGVLT3:1:1101:20139:9716 -             64      0.19   10.7   0.1   1   1     9e-06      0.19   10.7   0.1   357   385     4    32     1    47 0.83 Family of unknown function (DUF6638)
MPTase-PolyVal       PF18818.5    126 >LH00406:11:22GHGVLT3:1:1101:16913:9732 -             64     3e-16   59.8   0.1   1   1   1.6e-20   3.2e-16   59.7   0.1    53   114     2    64     1    64 0.97 Zincin-like metallopeptidase
DUF1265              PF06887.18    47 >LH00406:11:22GHGVLT3:1:1101:45150:9732 -             36     0.042   14.1   0.1   1   1   2.8e-06     0.058   13.6   0.1    10    26    15    31    14    34 0.90 Protein of unknown function (DUF1265)
Pterin_bind          PF00809.26   244 >LH00406:11:22GHGVLT3:1:1101:37411:9748 -             73   1.7e-06   28.1   0.0   1   1   2.5e-10   1.8e-06   28.0   0.0    75   126     2    57     1    71 0.90 Pterin binding enzyme
CdhD                 PF03599.20   387 >LH00406:11:22GHGVLT3:1:1101:37411:9748 -             73    0.0078   15.2   0.0   1   1   1.2e-06    0.0082   15.1   0.0    99   151     2    56     1    66 0.83 CO dehydrogenase/acetyl-CoA synthase delta subunit
HGD-D                PF06050.17   341 >LH00406:11:22GHGVLT3:1:1101:37411:9748 -             73      0.23   11.2   0.0   1   1   3.4e-05      0.23   11.2   0.0   261   297    26    63     3    69 0.76 2-hydroxyglutaryl-CoA dehydratase, D-component
Rotamase             PF00639.25    96 >LH00406:11:22GHGVLT3:1:1101:24947:9780 -             77   3.8e-08   34.4   0.1   1   1   6.1e-12   4.2e-08   34.3   0.1     1    60    15    73    15    77 0.94 PPIC-type PPIASE domain
Rotamase_3           PF13616.10   116 >LH00406:11:22GHGVLT3:1:1101:24947:9780 -             77     4e-07   30.8   0.1   1   1   6.5e-11   4.5e-07   30.6   0.1    12    79     7    74     2    77 0.83 PPIC-type PPIASE domain
AlphaC_N2            PF17480.6     71 >LH00406:11:22GHGVLT3:1:1101:24947:9780 -             77     0.036   14.2   1.1   1   1   6.1e-06     0.042   14.0   1.1    13    52    18    57     5    69 0.83 AlphaC N-terminal domain 2
Aminotran_1_2        PF00155.25   361 >LH00406:11:22GHGVLT3:1:1101:31383:9812 -             66   0.00065   19.2   0.0   1   1   3.5e-08   0.00072   19.0   0.0   322   361     1    39     1    39 0.98 Aminotransferase class I and II
DUF5003              PF16394.9    316 >LH00406:11:22GHGVLT3:1:1101:16765:9828 -             74   9.2e-37  127.0   1.5   1   1   9.7e-41     1e-36  126.9   1.5    49   122     1    74     1    74 0.99 Domain of unknown function (DUF5003)
MAP                  PF03642.17    88 >LH00406:11:22GHGVLT3:1:1101:16765:9828 -             74     0.047   14.2   0.2   1   1   5.8e-06      0.06   13.9   0.2    38    66    14    43    12    64 0.75 MAP domain
DUF2107              PF09880.13    73 >LH00406:11:22GHGVLT3:1:1101:2442:9844 -             83     0.054   13.8   0.1   1   1   3.1e-06     0.064   13.5   0.1    12    63    12    66     3    76 0.80 Predicted membrane protein (DUF2107)
Snapin_Pallidin      PF14712.10    89 >LH00406:11:22GHGVLT3:1:1101:36579:9844 -             55     0.011   16.4   0.6   1   1   4.5e-06     0.012   16.3   0.6    12    42    17    47     6    54 0.89 Snapin/Pallidin
CLZ                  PF16526.9     71 >LH00406:11:22GHGVLT3:1:1101:36579:9844 -             55     0.011   16.3   0.3   1   1   5.2e-06     0.014   16.0   0.3    33    63    12    43     5    48 0.83 C-terminal leucine zipper domain of cyclic nucleotide-gated channels
ZapB                 PF06005.16    71 >LH00406:11:22GHGVLT3:1:1101:36579:9844 -             55     0.012   16.3   0.4   1   1   4.9e-06     0.013   16.2   0.4    20    45    20    45     3    54 0.76 Cell division protein ZapB
V-SNARE              PF05008.19    79 >LH00406:11:22GHGVLT3:1:1101:36579:9844 -             55     0.013   16.0   0.2   1   1     6e-06     0.016   15.8   0.2    43    79     7    43     3    43 0.90 Vesicle transport v-SNARE protein N-terminus
DivIC                PF04977.19    80 >LH00406:11:22GHGVLT3:1:1101:36579:9844 -             55     0.018   15.0   0.6   1   1   7.7e-06      0.02   14.9   0.6    26    50    20    44     9    52 0.75 Septum formation initiator
DUF2730              PF10805.12   102 >LH00406:11:22GHGVLT3:1:1101:36579:9844 -             55     0.018   15.4   0.2   1   1     8e-06     0.021   15.2   0.2    49    91     5    46     2    52 0.89 Protein of unknown function (DUF2730)
bZIP_1               PF00170.25    64 >LH00406:11:22GHGVLT3:1:1101:36579:9844 -             55     0.035   14.4   0.2   1   1   2.1e-05     0.054   13.8   0.2    28    56    20    48    17    54 0.87 bZIP transcription factor
NPV_P10              PF05531.16    75 >LH00406:11:22GHGVLT3:1:1101:36579:9844 -             55     0.073   13.8   1.3   1   1   3.3e-05     0.087   13.5   1.3    17    51    17    48     9    54 0.84 Nucleopolyhedrovirus P10 protein
Qua1                 PF16274.9     52 >LH00406:11:22GHGVLT3:1:1101:4819:9924 -             56         3    8.1  11.1   1   1   0.00033       6.8    7.0  11.1    30    52    20    43     3    43 0.91 Qua1 domain
DDE_Tnp_1_6          PF13751.10   125 >LH00406:11:22GHGVLT3:1:1101:39233:9924 -             84   1.6e-22   80.3   0.1   1   1   8.2e-27   1.7e-22   80.2   0.1    27   108     2    83     1    84 0.98 Transposase DDE domain
Radical_SAM          PF04055.25   167 >LH00406:11:22GHGVLT3:1:1101:49866:9924 -             62   0.00094   19.6   0.0   1   1   4.5e-08   0.00094   19.6   0.0   104   153     6    54     1    61 0.85 Radical SAM superfamily
Ctf4_C               PF20946.1    104 >LH00406:11:22GHGVLT3:1:1101:9996:9956 -             79     0.069   13.6   0.2   1   1   4.5e-06     0.094   13.1   0.2    22    64    11    53     2    56 0.81 DNA polymerase alpha-binding protein Ctf4, C-terminal domain
DUF6684              PF20389.2     79 >LH00406:11:22GHGVLT3:1:1101:46583:9972 -             62    0.0025   18.1   3.6   1   1   2.8e-07    0.0029   17.9   3.6    16    60    19    61    17    62 0.92 Family of unknown function (DUF6684)
RseC_MucC            PF04246.16   130 >LH00406:11:22GHGVLT3:1:1101:46583:9972 -             62     0.065   13.4   0.7   1   1   6.6e-06     0.069   13.3   0.7    69   111    18    59     7    62 0.78 Positive regulator of sigma(E), RseC/MucC
GH97_N               PF14508.10   229 >LH00406:11:22GHGVLT3:1:1101:51327:10053 -             46   1.1e-06   28.6   0.0   1   1   5.4e-11   1.1e-06   28.5   0.0   199   229    10    41     3    41 0.88 Glycosyl-hydrolase 97 N-terminal
DUF1075              PF06388.15   158 >LH00406:11:22GHGVLT3:1:1101:47471:10069 -             74     0.086   12.8   0.2   1   1   5.1e-06      0.11   12.5   0.2    84   124    19    63    16    65 0.88 Protein of unknown function (DUF1075)
TP53IP5              PF15331.10   217 >LH00406:11:22GHGVLT3:1:1101:5447:10117 -             87     0.066   13.4   4.4   1   1   5.2e-06      0.11   12.8   4.4   190   216    10    36     5    37 0.91 Cellular tumour antigen p53-inducible 5
ATP_Ca_trans_C       PF12424.12    47 >LH00406:11:22GHGVLT3:1:1101:32649:10117 -             89       1.7    9.3   3.7   1   2   0.00034         7    7.4   1.1    10    19    17    26    16    29 0.92 Plasma membrane calcium transporter ATPase C terminal
ATP_Ca_trans_C       PF12424.12    47 >LH00406:11:22GHGVLT3:1:1101:32649:10117 -             89       1.7    9.3   3.7   2   2     0.014   2.9e+02    2.2   0.1    21    45    61    85    58    86 0.84 Plasma membrane calcium transporter ATPase C terminal
CarbopepD_reg_2      PF13715.10    88 >LH00406:11:22GHGVLT3:1:1101:20814:10149 -             43      0.02   15.1   0.0   1   1   9.7e-07      0.02   15.1   0.0    43    65    17    39     1    43 0.75 CarboxypepD_reg-like domain
Fijivirus_P9-2       PF06837.15   207 >LH00406:11:22GHGVLT3:1:1101:7824:10165 -             89     0.069   12.8   1.2   1   1   3.9e-06     0.082   12.6   1.2    75   132    24    80    19    83 0.89 Fijivirus P9-2 protein
DUF6080              PF19558.3    447 >LH00406:11:22GHGVLT3:1:1101:19252:10165 -             71     1e-26   93.8   1.7   1   1   1.6e-30   1.1e-26   93.7   1.7   150   219     2    71     1    71 0.98 Family of unknown function (DUF6080)
Phage_holin_5_2      PF16079.9     66 >LH00406:11:22GHGVLT3:1:1101:19252:10165 -             71   0.00053   20.2   0.0   1   1   1.1e-07   0.00074   19.7   0.0     1    34    20    53    20    69 0.81 Phage holin family Hol44, in holin superfamily V
TctA                 PF01970.20   423 >LH00406:11:22GHGVLT3:1:1101:19252:10165 -             71     0.038   12.8   1.5   1   1   5.5e-06     0.038   12.8   1.5   120   171     4    60     1    69 0.87 Tripartite tricarboxylate transporter TctA family
Y_Y_Y                PF07495.17    65 >LH00406:11:22GHGVLT3:1:1101:47813:10181 -             86   0.00027   21.0   0.1   1   2      0.21   4.4e+03   -2.1   0.0    37    44    11    18     9    21 0.78 Y_Y_Y domain
Y_Y_Y                PF07495.17    65 >LH00406:11:22GHGVLT3:1:1101:47813:10181 -             86   0.00027   21.0   0.1   2   2   3.1e-08   0.00064   19.8   0.1    10    45    42    76    33    84 0.87 Y_Y_Y domain
ApbA_C               PF08546.15   125 >LH00406:11:22GHGVLT3:1:1101:29802:10213 -             55      0.19   12.2   0.0   1   1     1e-05      0.21   12.1   0.0     1    42    13    54    13    55 0.96 Ketopantoate reductase PanE/ApbA C terminal
COG3_C               PF20671.1    303 >LH00406:11:22GHGVLT3:1:1101:41507:10213 -             54     0.023   14.2   0.3   1   1   1.1e-06     0.023   14.2   0.3    36    76     2    45     1    53 0.77 Conserved oligomeric Golgi complex subunit 3, C-terminal
AgrB                 PF04647.19   185 >LH00406:11:22GHGVLT3:1:1101:12964:10325 -             66   5.7e-09   35.8   2.0   1   1   1.8e-12   6.3e-09   35.6   2.0   122   182     2    62     1    64 0.93 Accessory gene regulator B
DUF4181              PF13789.10   108 >LH00406:11:22GHGVLT3:1:1101:12964:10325 -             66    0.0066   16.9   2.0   1   1   2.4e-06    0.0084   16.6   2.0    19    72    10    60     6    64 0.78 Domain of unknown function (DUF4181)
DUF1129              PF06570.15   206 >LH00406:11:22GHGVLT3:1:1101:12964:10325 -             66     0.028   14.2   0.2   1   1   9.8e-06     0.034   13.9   0.2    88   128    26    62     4    64 0.84 Protein of unknown function (DUF1129)
DUF2207_C            PF20990.1    247 >LH00406:11:22GHGVLT3:1:1101:12964:10325 -             66      0.19   11.6   1.2   1   1   5.9e-05       0.2   11.5   1.2   122   183    15    63     4    66 0.54 Predicted membrane protein (DUF2207) C-terminal domain
PsaM                 PF07465.17    29 >LH00406:11:22GHGVLT3:1:1101:12964:10325 -             66         1    9.3   6.0   1   2      0.58     2e+03   -1.2   0.2     6    10    37    41    35    42 0.83 Photosystem I protein M (PsaM)
PsaM                 PF07465.17    29 >LH00406:11:22GHGVLT3:1:1101:12964:10325 -             66         1    9.3   6.0   2   2   4.6e-05      0.16   11.9   1.6     2    19    44    61    44    63 0.90 Photosystem I protein M (PsaM)
TMEM132D_C           PF15706.9     87 >LH00406:11:22GHGVLT3:1:1101:12964:10325 -             66       1.8    8.6   5.2   1   1    0.0084        29    4.7   5.2    36    50    46    60     3    64 0.87 Mature oligodendrocyte transmembrane protein, TMEM132D, C-term
TMEM127              PF20517.2    113 >LH00406:11:22GHGVLT3:1:1101:13482:10325 -             82     0.048   13.9   5.5   1   1     4e-06     0.042   14.1   4.7     9    63     3    61     1    73 0.75 Transmembrane protein 127
DUF2981              PF11200.12   352 >LH00406:11:22GHGVLT3:1:1101:13482:10325 -             82      0.09   12.5   1.3   1   1   9.5e-06     0.099   12.3   1.3    17    79     2    64     1    74 0.87 Protein of unknown function (DUF2981)
SLATT_6              PF18169.5    176 >LH00406:11:22GHGVLT3:1:1101:24836:10325 -             82     0.072   12.9   0.2   1   1   1.5e-05     0.078   12.8   0.2    39   107     4    72     1    79 0.78 SMODS and SLOG-associating 2TM effector domain 6
DUF4006              PF13179.10    64 >LH00406:11:22GHGVLT3:1:1101:24836:10325 -             82       0.1   12.8   0.4   1   1   2.9e-05      0.15   12.2   0.4    10    33    22    45    19    68 0.69 Family of unknown function (DUF4006)
CCDC47               PF07946.18   327 >LH00406:11:22GHGVLT3:1:1101:24836:10325 -             82      0.25   10.6   0.2   1   1   5.7e-05      0.29   10.4   0.2     6    32    27    53    25    64 0.86 PAT complex subunit CCDC47
Tlr3_TMD             PF17968.5     33 >LH00406:11:22GHGVLT3:1:1101:24836:10325 -             82       1.1    9.7   3.7   1   1   0.00041       2.2    8.8   3.7    13    30    26    43    25    43 0.90 Toll-like receptor 3 trans-membrane domain
HisKA                PF00512.29    66 >LH00406:11:22GHGVLT3:1:1101:32270:10389 -             80    0.0022   18.2   0.1   1   1     2e-07    0.0041   17.3   0.1    35    66     5    36     3    36 0.94 His Kinase A (phospho-acceptor) domain
Glyco_hydro_20b      PF02838.19   124 >LH00406:11:22GHGVLT3:1:1101:1962:10485 -             82   7.6e-14   52.7   0.7   1   1   2.1e-17   8.7e-14   52.5   0.7    32   112     5    80     2    82 0.84 Glycosyl hydrolase family 20, domain 2
Glycohydro_20b2      PF14845.10   132 >LH00406:11:22GHGVLT3:1:1101:1962:10485 -             82   1.9e-06   28.8   0.1   1   1   5.5e-10   2.3e-06   28.6   0.1    81   132    16    75     3    75 0.66 beta-acetyl hexosaminidase like
NAGLU_N              PF12971.11    82 >LH00406:11:22GHGVLT3:1:1101:1962:10485 -             82     0.003   17.6   0.1   1   1   1.3e-06    0.0052   16.8   0.1    23    57    29    71     5    72 0.74 Alpha-N-acetylglucosaminidase (NAGLU) N-terminal domain
Glyco_hydro_67N      PF03648.18   121 >LH00406:11:22GHGVLT3:1:1101:1962:10485 -             82      0.06   13.8   0.3   1   1   1.9e-05     0.081   13.4   0.3    80   118    35    69     4    72 0.83 Glycosyl hydrolase family 67 N-terminus
NuiA                 PF07924.15   130 >LH00406:11:22GHGVLT3:1:1101:1962:10485 -             82     0.076   13.5   0.2   1   1   2.2e-05     0.093   13.2   0.2    74   125    18    71     3    72 0.80 Nuclease A inhibitor-like protein
DUF5446              PF17522.6     72 >LH00406:11:22GHGVLT3:1:1101:8526:10485 -             48     0.064   13.6   0.0   1   1   3.1e-06     0.064   13.6   0.0     5    29     1    25     1    37 0.90 Family of unknown function (DUF5446)
SusD_RagB            PF07980.15   295 >LH00406:11:22GHGVLT3:1:1101:23838:10485 -             62    0.0029   17.5   0.1   1   1   1.4e-07    0.0029   17.5   0.1   259   293    20    62     2    62 0.64 SusD family
DUF4428              PF14471.10    51 >LH00406:11:22GHGVLT3:1:1101:45381:10485 -             86     0.062   13.4   0.1   1   1   4.7e-06     0.097   12.7   0.1     2    14    37    49    36    56 0.85 Domain of unknown function (DUF4428)
Ig_GlcNase           PF18368.5    105 >LH00406:11:22GHGVLT3:1:1101:43541:10501 -             66   1.8e-19   70.0   0.0   1   1   1.7e-23   1.8e-19   70.0   0.0    35    93     6    64     1    66 0.93 Exo-beta-D-glucosaminidase Ig-fold domain
Ig_mannosidase       PF17753.5     81 >LH00406:11:22GHGVLT3:1:1101:43541:10501 -             66   2.2e-08   33.8   0.0   1   1   2.6e-12   2.7e-08   33.6   0.0    15    63     6    60     2    66 0.83 Ig-fold domain
TPR_19               PF14559.10    68 >LH00406:11:22GHGVLT3:1:1101:1703:10517 -             69    0.0046   17.5   0.3   1   1   8.3e-07    0.0057   17.1   0.3    19    57     4    42     1    49 0.88 Tetratricopeptide repeat
Rop-like             PF05082.17    64 >LH00406:11:22GHGVLT3:1:1101:1703:10517 -             69     0.048   13.7   0.6   1   1   7.8e-06     0.054   13.5   0.6     2    41     8    49     7    66 0.88 Rop-like
Get5_C               PF18514.5     38 >LH00406:11:22GHGVLT3:1:1101:1703:10517 -             69      0.54   10.3   2.3   1   3      0.11   7.8e+02    0.2   0.1    18    30     7    19     2    24 0.77 Get5 C-terminal domain
Get5_C               PF18514.5     38 >LH00406:11:22GHGVLT3:1:1101:1703:10517 -             69      0.54   10.3   2.3   2   3     0.089   6.2e+02    0.5   0.1    13    27    19    33    19    34 0.74 Get5 C-terminal domain
Get5_C               PF18514.5     38 >LH00406:11:22GHGVLT3:1:1101:1703:10517 -             69      0.54   10.3   2.3   3   3   0.00034       2.3    8.3   0.1     9    27    47    65    45    66 0.92 Get5 C-terminal domain
PurT_C               PF21244.1     68 >LH00406:11:22GHGVLT3:1:1101:6095:10533 -             65   4.4e-14   51.9   0.0   1   1   4.9e-18   5.1e-14   51.7   0.0     2    53     7    59     6    63 0.92 PurT, C-terminal
PurK_C               PF17769.5     56 >LH00406:11:22GHGVLT3:1:1101:6095:10533 -             65     0.056   13.4   0.0   1   1   5.9e-06     0.061   13.2   0.0    14    54    24    64    11    65 0.81 Phosphoribosylaminoimidazole carboxylase C-terminal domain
Fucose_iso_N1        PF07881.16   169 >LH00406:11:22GHGVLT3:1:1101:15331:10549 -             45   3.5e-20   72.7   0.1   1   1   1.8e-24   3.7e-20   72.6   0.1   102   146     1    45     1    45 0.98 L-fucose isomerase, first N-terminal domain
YlaC                 PF10777.13   154 >LH00406:11:22GHGVLT3:1:1101:28526:10629 -             59      0.11   12.5   1.6   1   1   5.2e-06      0.11   12.5   1.6    62   100    23    59     4    59 0.80 Inner membrane protein YlaC
Fer4_22              PF17179.8     95 >LH00406:11:22GHGVLT3:1:1101:10339:10677 -             69      0.17   13.0   0.0   1   1   8.6e-06      0.18   12.9   0.0    27    76    17    66     4    69 0.88 4Fe-4S dicluster domain
SPASM                PF13186.10    66 >LH00406:11:22GHGVLT3:1:1101:22451:10677 -             71     0.014   15.8   0.9   1   1   8.8e-07     0.018   15.5   0.9     4    66     7    66     3    66 0.78 Iron-sulfur cluster-binding domain
AgrB                 PF04647.19   185 >LH00406:11:22GHGVLT3:1:1101:12105:10693 -             38   1.1e-06   28.3   5.1   1   1   1.1e-10   1.2e-06   28.2   5.1    21    57     2    38     1    38 0.96 Accessory gene regulator B
FeoB_C               PF07664.16    54 >LH00406:11:22GHGVLT3:1:1101:12105:10693 -             38     0.044   13.7   1.6   1   1   5.1e-06     0.053   13.4   1.6     3    27    11    32     2    38 0.83 Ferrous iron transport protein B C terminus
DUF2610              PF11020.12    81 >LH00406:11:22GHGVLT3:1:1101:23773:10693 -             72      0.22   11.6   0.0   1   1   1.4e-05      0.28   11.3   0.0    21    57     9    45     7    50 0.90 Domain of unknown function (DUF2610)
Hydrolase            PF00702.30   191 >LH00406:11:22GHGVLT3:1:1101:10995:10725 -             65   6.4e-10   39.9   0.0   1   1   9.3e-14   6.4e-10   39.9   0.0   104   162     6    63     1    65 0.91 haloacid dehalogenase-like hydrolase
HAD_2                PF13419.10   178 >LH00406:11:22GHGVLT3:1:1101:10995:10725 -             65   1.1e-06   29.0   0.0   1   1   1.7e-10   1.1e-06   29.0   0.0    84   141     5    61     1    65 0.90 Haloacid dehalogenase-like hydrolase
Hydrolase_6          PF13344.10   101 >LH00406:11:22GHGVLT3:1:1101:10995:10725 -             65     0.067   13.4   0.0   1   1   1.2e-05     0.084   13.1   0.0    18    66     4    48     1    55 0.73 Haloacid dehalogenase-like hydrolase
Endonuclease_NS      PF01223.27   223 >LH00406:11:22GHGVLT3:1:1101:28563:10758 -             89   1.2e-05   25.3   0.0   1   1   6.9e-10   1.4e-05   25.0   0.0   120   192     2    80     1    87 0.81 DNA/RNA non-specific endonuclease
Diphtheria_C         PF02763.18   187 >LH00406:11:22GHGVLT3:1:1101:15276:10806 -             70      0.15   11.9   0.0   1   1   7.8e-06      0.16   11.8   0.0    58   113    10    64     2    68 0.84 Diphtheria toxin, C domain
RecO_N               PF11967.12    80 >LH00406:11:22GHGVLT3:1:1101:37430:10838 -             78   1.1e-20   73.5   0.1   1   1   1.2e-24   1.2e-20   73.4   0.1     3    73     3    75     2    78 0.95 Recombination protein O N terminal
RecO_N_2             PF13114.10    71 >LH00406:11:22GHGVLT3:1:1101:37430:10838 -             78     0.041   13.8   0.1   1   1   8.1e-06     0.084   12.8   0.1     4    37     9    42     6    78 0.77 RecO N terminal
Yae1_N               PF09811.13    39 >LH00406:11:22GHGVLT3:1:1101:46657:10838 -             77      0.03   14.2   0.2   1   2   2.3e-05      0.48   10.4   0.0     8    22     2    16     1    18 0.93 Essential protein Yae1, N terminal
Yae1_N               PF09811.13    39 >LH00406:11:22GHGVLT3:1:1101:46657:10838 -             77      0.03   14.2   0.2   2   2     0.011   2.2e+02    1.8   0.2    27    38    27    38    27    39 0.88 Essential protein Yae1, N terminal
Conotoxin_I2         PF17557.6     38 >LH00406:11:22GHGVLT3:1:1101:46334:10854 -             79     0.039   14.3   7.4   1   1   3.3e-06     0.068   13.5   7.4     6    21    42    57    40    63 0.91 I2-superfamily conotoxins
DUF6233              PF19746.3     58 >LH00406:11:22GHGVLT3:1:1101:49043:10870 -             69    0.0082   16.5   0.3   1   1   5.4e-07     0.011   16.0   0.3    35    58    48    68    38    68 0.84 Family of unknown function (DUF6233)
DUF4062              PF13271.10    82 >LH00406:11:22GHGVLT3:1:1101:25965:10902 -             62   2.2e-05   24.7   0.0   1   1   2.2e-09   2.3e-05   24.7   0.0    37    71     8    43     2    59 0.85 Domain of unknown function (DUF4062)
NAAA-beta            PF15508.10    63 >LH00406:11:22GHGVLT3:1:1101:25965:10902 -             62    0.0079   16.7   0.1   1   2   0.00077         8    7.1   0.0    11    42     3    34     3    39 0.90 beta subunit of N-acylethanolamine-hydrolyzing acid amidase
NAAA-beta            PF15508.10    63 >LH00406:11:22GHGVLT3:1:1101:25965:10902 -             62    0.0079   16.7   0.1   2   2   0.00036       3.8    8.2   0.1    13    27    40    54    39    61 0.82 beta subunit of N-acylethanolamine-hydrolyzing acid amidase
Glyco_hydro_3        PF00933.25   316 >LH00406:11:22GHGVLT3:1:1101:10191:10966 -             89   1.4e-16   61.1   0.1   1   1   1.4e-20   1.5e-16   61.0   0.1   246   315     1    73     1    74 0.98 Glycosyl hydrolase family 3 N terminal domain
ALF                  PF03752.17    42 >LH00406:11:22GHGVLT3:1:1101:10191:10966 -             89     0.083   13.0   0.1   1   1   1.4e-05      0.14   12.3   0.1     4    30    13    40    11    41 0.88 Short repeats of unknown function
Glyco_hydro_28       PF00295.21   324 >LH00406:11:22GHGVLT3:1:1101:16053:10966 -             81     0.059   12.6   0.0   1   1   2.9e-06     0.059   12.6   0.0    42    73    42    80     1    81 0.66 Glycosyl hydrolases family 28
zinc_ribbon_2        PF13240.10    23 >LH00406:11:22GHGVLT3:1:1101:19751:10966 -             51   5.2e-10   39.0   2.3   1   1   1.2e-12   6.5e-10   38.7   2.3     2    22    11    31    10    32 0.95 zinc-ribbon domain
DZR                  PF12773.11    45 >LH00406:11:22GHGVLT3:1:1101:19751:10966 -             51   4.3e-07   30.1   1.2   1   1   9.3e-10     5e-07   29.9   1.2     1    20    11    30     3    32 0.62 Double zinc ribbon
zf-ribbon_3          PF13248.10    27 >LH00406:11:22GHGVLT3:1:1101:19751:10966 -             51   3.5e-06   26.5   4.4   1   1   8.6e-09   4.6e-06   26.1   4.4     5    27    11    32     7    32 0.94 zinc-ribbon domain
zf-NADH-PPase        PF09297.15    32 >LH00406:11:22GHGVLT3:1:1101:19751:10966 -             51   3.9e-05   23.5   2.5   1   2     0.007       3.8    7.5   0.1     6    11    11    16     9    18 0.85 NADH pyrophosphatase zinc ribbon domain
zf-NADH-PPase        PF09297.15    32 >LH00406:11:22GHGVLT3:1:1101:19751:10966 -             51   3.9e-05   23.5   2.5   2   2   1.3e-05    0.0067   16.3   0.3     2    12    21    31    21    32 0.91 NADH pyrophosphatase zinc ribbon domain
DZR_2                PF18912.4     56 >LH00406:11:22GHGVLT3:1:1101:19751:10966 -             51   4.3e-05   23.4   0.5   1   1   8.1e-08   4.3e-05   23.4   0.5    17    45     4    31     1    41 0.89 Double zinc ribbon domain
zf_UBZ               PF18439.5     32 >LH00406:11:22GHGVLT3:1:1101:19751:10966 -             51    0.0002   21.1   3.3   1   2   7.2e-05     0.038   13.8   0.1     4    16    10    22     7    23 0.86 Ubiquitin-Binding Zinc Finger
zf_UBZ               PF18439.5     32 >LH00406:11:22GHGVLT3:1:1101:19751:10966 -             51    0.0002   21.1   3.3   2   2    0.0028       1.5    8.7   0.6     4    12    24    32    21    32 0.88 Ubiquitin-Binding Zinc Finger
zinc_ribbon_15       PF17032.9     76 >LH00406:11:22GHGVLT3:1:1101:19751:10966 -             51   0.00022   22.1   0.8   1   1   4.2e-07   0.00022   22.1   0.8    56    76     9    29     2    29 0.91 zinc-ribbon family
UPF0547              PF10571.13    26 >LH00406:11:22GHGVLT3:1:1101:19751:10966 -             51   0.00074   19.8   5.6   1   1   1.9e-06     0.001   19.3   5.6     3    21    11    29    10    30 0.99 Uncharacterised protein family UPF0547
zf-dskA_traR         PF01258.21    36 >LH00406:11:22GHGVLT3:1:1101:19751:10966 -             51     0.012   15.8   2.0   1   2     0.002       1.1    9.5   0.1     2    15     6    20     5    21 0.82 Prokaryotic dksA/traR C4-type zinc finger
zf-dskA_traR         PF01258.21    36 >LH00406:11:22GHGVLT3:1:1101:19751:10966 -             51     0.012   15.8   2.0   2   2     0.012       6.6    7.0   0.1     2    13    21    32    20    32 0.79 Prokaryotic dksA/traR C4-type zinc finger
zf-C4_Topoisom       PF01396.23    39 >LH00406:11:22GHGVLT3:1:1101:19751:10966 -             51     0.014   15.4   3.4   1   2    0.0046       2.5    8.2   0.3     2    11     9    18     8    19 0.85 Topoisomerase DNA binding C4 zinc finger
zf-C4_Topoisom       PF01396.23    39 >LH00406:11:22GHGVLT3:1:1101:19751:10966 -             51     0.014   15.4   3.4   2   2    0.0045       2.4    8.2   0.2     4    11    25    32    22    32 0.82 Topoisomerase DNA binding C4 zinc finger
Nudix_N_2            PF14803.10    34 >LH00406:11:22GHGVLT3:1:1101:19751:10966 -             51     0.017   15.2   3.5   1   2     0.061        33    4.7   0.1     3     8    11    16     9    19 0.72 Nudix N-terminal
Nudix_N_2            PF14803.10    34 >LH00406:11:22GHGVLT3:1:1101:19751:10966 -             51     0.017   15.2   3.5   2   2   0.00051      0.27   11.4   0.7     1     9    23    31    23    32 0.90 Nudix N-terminal
zf-FPG_IleRS         PF06827.18    30 >LH00406:11:22GHGVLT3:1:1101:19751:10966 -             51     0.033   14.2   4.2   1   1    0.0007      0.37   10.9   4.3     3    27    10    28     8    30 0.91 Zinc finger found in FPG and IleRS
DNA_ligase_ZBD       PF03119.20    27 >LH00406:11:22GHGVLT3:1:1101:19751:10966 -             51     0.036   14.1   2.0   1   2     0.028        15    5.8   0.2     2     7    11    16    11    18 0.87 NAD-dependent DNA ligase C4 zinc finger domain
DNA_ligase_ZBD       PF03119.20    27 >LH00406:11:22GHGVLT3:1:1101:19751:10966 -             51     0.036   14.1   2.0   2   2    0.0061       3.2    7.9   0.1     2     8    25    31    24    32 0.87 NAD-dependent DNA ligase C4 zinc finger domain
DUF2116              PF09889.13    59 >LH00406:11:22GHGVLT3:1:1101:19751:10966 -             51     0.049   13.8   1.2   1   1   9.2e-05     0.049   13.8   1.2     6    25    11    29     9    32 0.86 Uncharacterized protein containing a Zn-ribbon (DUF2116)
HypA                 PF01155.23   112 >LH00406:11:22GHGVLT3:1:1101:19751:10966 -             51      0.06   13.6   0.6   1   1   0.00014     0.077   13.2   0.6    72    94    10    30     3    32 0.84 Hydrogenase/urease nickel incorporation, metallochaperone, hypA
OrfB_Zn_ribbon       PF07282.15    69 >LH00406:11:22GHGVLT3:1:1101:19751:10966 -             51      0.07   13.2   1.6   1   1    0.0043       2.3    8.4   0.1    27    37    21    31    17    32 0.90 Putative transposase DNA-binding domain
Zn-ribbon_8          PF09723.14    41 >LH00406:11:22GHGVLT3:1:1101:19751:10966 -             51     0.079   13.2   4.9   1   2     0.012       6.4    7.1   0.4    27    34     9    16     2    19 0.72 Zinc ribbon domain
Zn-ribbon_8          PF09723.14    41 >LH00406:11:22GHGVLT3:1:1101:19751:10966 -             51     0.079   13.2   4.9   2   2    0.0041       2.2    8.6   0.4    25    34    20    30    17    32 0.78 Zinc ribbon domain
zinc-ribbons_6       PF07191.16    67 >LH00406:11:22GHGVLT3:1:1101:19751:10966 -             51     0.094   12.9   0.8   1   1   0.00031      0.17   12.2   0.8    17    39     9    32     2    32 0.78 zinc-ribbons
YhfH                 PF14149.10    37 >LH00406:11:22GHGVLT3:1:1101:19751:10966 -             51      0.12   12.6   2.9   1   2     0.037        20    5.5   0.1    16    23    11    18     9    23 0.91 YhfH-like protein
YhfH                 PF14149.10    37 >LH00406:11:22GHGVLT3:1:1101:19751:10966 -             51      0.12   12.6   2.9   2   2    0.0069       3.7    7.8   0.6    16    23    25    32    20    32 0.89 YhfH-like protein
Zn_ribbon_SprT       PF17283.6     38 >LH00406:11:22GHGVLT3:1:1101:19751:10966 -             51      0.13   12.5   3.3   1   1    0.0044       2.3    8.5   3.3     7    33    11    31    10    32 0.70 SprT-like zinc ribbon domain
zf-CCHC_5            PF14787.10    36 >LH00406:11:22GHGVLT3:1:1101:19751:10966 -             51      0.13   12.2   7.0   1   2    0.0013      0.71    9.8   0.8     3     9     9    15     6    16 0.89 GAG-polyprotein viral zinc-finger
zf-CCHC_5            PF14787.10    36 >LH00406:11:22GHGVLT3:1:1101:19751:10966 -             51      0.13   12.2   7.0   2   2     0.023        12    5.9   0.7     4    10    24    30    21    31 0.79 GAG-polyprotein viral zinc-finger
NMD3                 PF04981.17   241 >LH00406:11:22GHGVLT3:1:1101:19751:10966 -             51      0.16   11.7   0.7   1   1   0.00031      0.17   11.6   0.7     1    20    11    29    11    39 0.91 NMD3 family
DUF35_N              PF12172.12    37 >LH00406:11:22GHGVLT3:1:1101:19751:10966 -             51      0.21   11.6   7.9   1   2    0.0049       2.6    8.1   0.8    26    34     9    17     3    19 0.82 Rubredoxin-like zinc ribbon domain (DUF35_N)
DUF35_N              PF12172.12    37 >LH00406:11:22GHGVLT3:1:1101:19751:10966 -             51      0.21   11.6   7.9   2   2    0.0056         3    8.0   1.2    23    32    19    29    18    31 0.85 Rubredoxin-like zinc ribbon domain (DUF35_N)
Cys_rich_KTR         PF14205.10    54 >LH00406:11:22GHGVLT3:1:1101:19751:10966 -             51      0.25   11.4   3.1   1   2      0.12        62    3.7   0.4     5    11    10    16     9    19 0.84 Cysteine-rich KTR
Cys_rich_KTR         PF14205.10    54 >LH00406:11:22GHGVLT3:1:1101:19751:10966 -             51      0.25   11.4   3.1   2   2    0.0033       1.7    8.7   0.1    29    37    24    32    20    47 0.78 Cysteine-rich KTR
NOB1_Zn_bind         PF08772.15    72 >LH00406:11:22GHGVLT3:1:1101:19751:10966 -             51      0.26   11.6   5.8   1   2      0.12        65    3.9   0.2    24    31     9    16     2    19 0.80 Nin one binding (NOB1) Zn-ribbon like
NOB1_Zn_bind         PF08772.15    72 >LH00406:11:22GHGVLT3:1:1101:19751:10966 -             51      0.26   11.6   5.8   2   2     0.029        15    6.0   6.4    22    32    21    31    11    32 0.75 Nin one binding (NOB1) Zn-ribbon like
ZnF_RZ-type          PF20173.2     54 >LH00406:11:22GHGVLT3:1:1101:19751:10966 -             51      0.26   11.1   3.3   1   2     0.016       8.7    6.3   0.2    34    41    11    18     7    23 0.89 RZ type zinc finger domain
ZnF_RZ-type          PF20173.2     54 >LH00406:11:22GHGVLT3:1:1101:19751:10966 -             51      0.26   11.1   3.3   2   2     0.017       8.9    6.2   0.3    33    41    24    32    19    32 0.83 RZ type zinc finger domain
zf-TFIIB             PF13453.10    41 >LH00406:11:22GHGVLT3:1:1101:19751:10966 -             51      0.29   10.7   3.9   1   2     0.011       5.9    6.5   0.3     2     9    11    18    10    23 0.76 Transcription factor zinc-finger
zf-TFIIB             PF13453.10    41 >LH00406:11:22GHGVLT3:1:1101:19751:10966 -             51      0.29   10.7   3.9   2   2     0.018       9.4    5.9   0.3     2     8    25    31    24    32 0.84 Transcription factor zinc-finger
zinc_ribbon_9        PF14369.10    35 >LH00406:11:22GHGVLT3:1:1101:19751:10966 -             51       0.4   11.1   5.5   1   2    0.0083       4.4    7.7   0.4    19    29     7    16     2    18 0.67 zinc-ribbon
zinc_ribbon_9        PF14369.10    35 >LH00406:11:22GHGVLT3:1:1101:19751:10966 -             51       0.4   11.1   5.5   2   2     0.016       8.4    6.8   0.4    19    29    21    30    15    32 0.69 zinc-ribbon
LysW-like_globular   PF21344.1     46 >LH00406:11:22GHGVLT3:1:1101:19751:10966 -             51      0.42   10.5   2.3   1   2    0.0094         5    7.0   0.2     3    10    11    18     9    19 0.74 Alpha-aminoadipate carrier protein LysW-like, globular domain
LysW-like_globular   PF21344.1     46 >LH00406:11:22GHGVLT3:1:1101:19751:10966 -             51      0.42   10.5   2.3   2   2      0.11        60    3.6   0.2     3     9    25    31    24    32 0.63 Alpha-aminoadipate carrier protein LysW-like, globular domain
RUBY_RBDX            PF21349.1     30 >LH00406:11:22GHGVLT3:1:1101:19751:10966 -             51      0.53   10.0   5.7   1   2    0.0095       5.1    6.8   0.4    19    25    11    17     7    19 0.88 Rubrerythrin, rubredoxin-like domain
RUBY_RBDX            PF21349.1     30 >LH00406:11:22GHGVLT3:1:1101:19751:10966 -             51      0.53   10.0   5.7   2   2     0.013       6.7    6.5   0.6    18    25    24    31    17    32 0.79 Rubrerythrin, rubredoxin-like domain
HVO_2753_ZBP         PF07754.15    46 >LH00406:11:22GHGVLT3:1:1101:19751:10966 -             51      0.75    9.8   6.6   1   2     0.028        15    5.7   0.7    18    24    10    16     4    20 0.81 Small zinc finger protein HVO_2753-like, Zn-binding pocket
HVO_2753_ZBP         PF07754.15    46 >LH00406:11:22GHGVLT3:1:1101:19751:10966 -             51      0.75    9.8   6.6   2   2     0.062        33    4.6   6.7     1    25    11    31    11    32 0.72 Small zinc finger protein HVO_2753-like, Zn-binding pocket
zf-tcix              PF14952.10    42 >LH00406:11:22GHGVLT3:1:1101:19751:10966 -             51       0.9    9.4   7.1   1   1      0.04        21    5.0   6.9    13    27    11    25     9    30 0.86 Putative treble-clef, zinc-finger, Zn-binding
Zn_Tnp_IS1595        PF12760.11    46 >LH00406:11:22GHGVLT3:1:1101:19751:10966 -             51         1    9.6   7.5   1   2    0.0073       3.9    7.7   0.7    16    27     6    17     3    23 0.81 Transposase zinc-ribbon domain
Zn_Tnp_IS1595        PF12760.11    46 >LH00406:11:22GHGVLT3:1:1101:19751:10966 -             51         1    9.6   7.5   2   2     0.024        13    6.1   1.2    19    26    23    30    19    32 0.76 Transposase zinc-ribbon domain
TF_Zn_Ribbon         PF08271.16    43 >LH00406:11:22GHGVLT3:1:1101:19751:10966 -             51       1.1    9.0   5.3   1   1     0.021        11    5.8   5.2     3    28    11    31     9    32 0.76 TFIIB zinc-binding
Ribosomal_S27        PF01599.23    44 >LH00406:11:22GHGVLT3:1:1101:19751:10966 -             51       1.2    9.3   6.1   1   1      0.42   2.2e+02    2.0   6.1    20    27    11    18     2    30 0.62 Ribosomal protein S27a
RNA_POL_M_15KD       PF02150.20    36 >LH00406:11:22GHGVLT3:1:1101:19751:10966 -             51       1.3    9.1   5.5   1   2      0.41   2.2e+02    2.0   0.1     4     8    11    15     7    21 0.83 RNA polymerases M/15 Kd subunit
RNA_POL_M_15KD       PF02150.20    36 >LH00406:11:22GHGVLT3:1:1101:19751:10966 -             51       1.3    9.1   5.5   2   2    0.0028       1.5    9.0   1.5     2     8    23    29    23    30 0.91 RNA polymerases M/15 Kd subunit
zf_C2H2_10           PF18414.5     26 >LH00406:11:22GHGVLT3:1:1101:19751:10966 -             51       1.4    8.7   6.7   1   2     0.048        26    4.7   0.8     5    13    11    19     9    20 0.83 C2H2 type zinc-finger
zf_C2H2_10           PF18414.5     26 >LH00406:11:22GHGVLT3:1:1101:19751:10966 -             51       1.4    8.7   6.7   2   2    0.0073       3.9    7.3   0.7     5    10    25    30    23    32 0.85 C2H2 type zinc-finger
DUF1936              PF09151.14    34 >LH00406:11:22GHGVLT3:1:1101:19751:10966 -             51       1.8    8.8   5.5   1   2     0.036        19    5.5   0.2     1     7    10    16    10    18 0.88 Domain of unknown function (DUF1936)
DUF1936              PF09151.14    34 >LH00406:11:22GHGVLT3:1:1101:19751:10966 -             51       1.8    8.8   5.5   2   2     0.032        17    5.6   1.1     2     6    25    29    24    31 0.86 Domain of unknown function (DUF1936)
zf-ISL3              PF14690.10    47 >LH00406:11:22GHGVLT3:1:1101:19751:10966 -             51       2.9    8.5   7.9   1   2      0.04        21    5.7   1.0     5    11    11    17     8    23 0.84 zinc-finger of transposase IS204/IS1001/IS1096/IS1165
zf-ISL3              PF14690.10    47 >LH00406:11:22GHGVLT3:1:1101:19751:10966 -             51       2.9    8.5   7.9   2   2     0.018       9.5    6.9   1.1     4    11    24    31    21    32 0.86 zinc-finger of transposase IS204/IS1001/IS1096/IS1165
Condensin2nSMC       PF12422.12   149 >LH00406:11:22GHGVLT3:1:1101:8184:11014 -             58      0.16   12.2   0.1   1   1   9.1e-06      0.19   12.0   0.1   116   139     2    25     1    29 0.92 Condensin II non structural maintenance of chromosomes subunit
Peripla_BP_3         PF13377.10   166 >LH00406:11:22GHGVLT3:1:1101:44965:11014 -             88   6.9e-16   59.0   0.0   1   1   1.1e-19   7.3e-16   58.9   0.0    75   161     1    86     1    88 0.92 Periplasmic binding protein-like domain
Peripla_BP_1         PF00532.25   281 >LH00406:11:22GHGVLT3:1:1101:44965:11014 -             88    0.0059   16.3   0.0   1   1   9.5e-07    0.0066   16.1   0.0   181   265     1    74     1    86 0.86 Periplasmic binding proteins and sugar binding domain of LacI family
Peripla_BP_4         PF13407.10   258 >LH00406:11:22GHGVLT3:1:1101:44965:11014 -             88     0.018   14.8   0.1   1   1   3.4e-06     0.024   14.4   0.1   185   257     2    73     1    75 0.75 Periplasmic binding protein domain
MRAP                 PF15183.10    89 >LH00406:11:22GHGVLT3:1:1101:46177:11030 -             87      0.05   13.8   0.0   1   1   3.3e-06      0.07   13.3   0.0    44    65    46    67    41    73 0.89 Melanocortin-2 receptor accessory protein family
Bgal_small_N         PF02929.21   248 >LH00406:11:22GHGVLT3:1:1101:7777:11078 -             69   4.7e-05   23.4   0.0   1   1   2.6e-09   5.4e-05   23.2   0.0   219   248     3    32     1    32 0.91 Beta galactosidase small chain
Peptidase_M15_4      PF13539.10    68 >LH00406:11:22GHGVLT3:1:1101:3145:11094 -             73   1.5e-11   44.7   1.2   1   2   7.3e-16   1.5e-11   44.7   1.2    40    68     5    33     2    33 0.94 D-alanyl-D-alanine carboxypeptidase
Peptidase_M15_4      PF13539.10    68 >LH00406:11:22GHGVLT3:1:1101:3145:11094 -             73   1.5e-11   44.7   1.2   2   2      0.34     7e+03   -2.2   0.0    33    33    56    56    43    69 0.45 D-alanyl-D-alanine carboxypeptidase
TonB_dep_Rec         PF00593.28   436 >LH00406:11:22GHGVLT3:1:1101:24235:11110 -             87     0.032   14.3   0.0   1   1   1.6e-06     0.033   14.3   0.0   315   377     4    73     1    86 0.70 TonB dependent receptor
RyR                  PF02026.20    91 >LH00406:11:22GHGVLT3:1:1101:12151:11126 -             52     0.041   14.3   0.1   1   1   2.1e-06     0.044   14.2   0.1    19    54     9    44     5    52 0.76 RyR domain
Sigma70_r2           PF04542.18    71 >LH00406:11:22GHGVLT3:1:1101:50855:11190 -             88   7.2e-12   45.1   0.1   1   1   4.4e-16   9.3e-12   44.8   0.1     1    68     4    68     4    70 0.94 Sigma-70 region 2
DUF554               PF04474.16   220 >LH00406:11:22GHGVLT3:1:1101:25530:11206 -             67     0.033   13.8   0.1   1   1   1.6e-06     0.034   13.8   0.1   111   165    12    66     6    67 0.92 Protein of unknown function (DUF554)
HEM4                 PF02602.19   232 >LH00406:11:22GHGVLT3:1:1101:38179:11206 -             71   5.8e-08   32.4   0.0   1   1   2.9e-12   6.1e-08   32.3   0.0   147   223     1    70     1    71 0.92 Uroporphyrinogen-III synthase HemD
Sigma70_r2           PF04542.18    71 >LH00406:11:22GHGVLT3:1:1101:47869:11206 -             88   7.2e-12   45.1   0.1   1   1   4.4e-16   9.3e-12   44.8   0.1     1    68     4    68     4    70 0.94 Sigma-70 region 2
DUF5359              PF17313.6     56 >LH00406:11:22GHGVLT3:1:1101:10487:11222 -             58     0.062   13.5   3.3   1   1   8.4e-06     0.087   13.0   3.3     1    21    12    32    12    35 0.93 Family of unknown function (DUF5359)
DUF2443              PF10398.13    79 >LH00406:11:22GHGVLT3:1:1101:10487:11222 -             58     0.065   13.5   0.1   1   1     7e-06     0.072   13.3   0.1    20    45    17    42     9    52 0.89 Protein of unknown function (DUF2443)
Rotamase_3           PF13616.10   116 >LH00406:11:22GHGVLT3:1:1101:44716:11254 -             69   4.9e-13   49.8   0.0   1   1   8.4e-17   5.8e-13   49.6   0.0    67   115     1    49     1    50 0.95 PPIC-type PPIASE domain
Rotamase             PF00639.25    96 >LH00406:11:22GHGVLT3:1:1101:44716:11254 -             69   5.4e-13   49.9   0.0   1   1   9.2e-17   6.4e-13   49.7   0.0    49    95     1    47     1    48 0.97 PPIC-type PPIASE domain
Rotamase_2           PF13145.10   121 >LH00406:11:22GHGVLT3:1:1101:44716:11254 -             69   0.00083   20.3   0.0   1   1   1.3e-07   0.00091   20.2   0.0    66   109     8    50     1    54 0.83 PPIC-type PPIASE domain
Trans_reg_C          PF00486.32    77 >LH00406:11:22GHGVLT3:1:1101:46287:11254 -             56   2.2e-07   31.1   0.0   1   1   1.1e-11   2.3e-07   31.0   0.0    32    77     3    48     1    48 0.85 Transcriptional regulatory protein, C terminal
Glyco_hydro_106      PF17132.8    740 >LH00406:11:22GHGVLT3:1:1101:39353:11286 -             89   1.8e-10   40.2   3.0   1   1   9.4e-15     2e-10   40.1   3.0     2    90     1    88     1    89 0.88 alpha-L-rhamnosidase
AAA_12               PF13087.10   195 >LH00406:11:22GHGVLT3:1:1101:7814:11334 -             83   2.5e-05   24.1   0.0   1   1   1.2e-09   2.5e-05   24.1   0.0    15    47    13    46     4    78 0.75 AAA domain
Bgal_small_N         PF02929.21   248 >LH00406:11:22GHGVLT3:1:1101:17698:11350 -             89   2.4e-19   70.2   0.0   1   1   1.2e-23   2.6e-19   70.1   0.0   154   223     2    88     1    89 0.91 Beta galactosidase small chain
CoV_NSP13_ZBD        PF20632.1     93 >LH00406:11:22GHGVLT3:1:1101:45779:11366 -             89      0.12   13.1   0.0   1   1   1.6e-05      0.17   12.6   0.0    43    77     7    38     2    53 0.83 Coronavirus Non-structural protein 13, zinc-binding domain
DUF4028              PF13220.10    65 >LH00406:11:22GHGVLT3:1:1101:45779:11366 -             89      0.12   12.4   0.6   1   2   2.1e-05      0.22   11.5   0.2     6    25     4    23     1    27 0.88 Protein of unknown function (DUF4028)
DUF4028              PF13220.10    65 >LH00406:11:22GHGVLT3:1:1101:45779:11366 -             89      0.12   12.4   0.6   2   2      0.25   2.6e+03   -1.5   0.0    57    60    50    53    36    73 0.67 Protein of unknown function (DUF4028)
Bgal_small_N         PF02929.21   248 >LH00406:11:22GHGVLT3:1:1101:10727:11382 -             83   7.7e-11   42.3   0.0   1   1   4.2e-15   8.6e-11   42.2   0.0   184   248     2    75     1    75 0.91 Beta galactosidase small chain
DUF1573              PF07610.15    98 >LH00406:11:22GHGVLT3:1:1101:26473:11398 -             35     0.096   12.9   0.0   1   1   4.6e-06     0.096   12.9   0.0     4    35     3    34     1    35 0.92 Protein of unknown function (DUF1573)
YoaP                 PF14268.10    44 >LH00406:11:22GHGVLT3:1:1101:29765:11398 -             88    0.0081   15.9   0.1   1   2   2.1e-06     0.044   13.5   0.0     9    31     6    28     2    29 0.86 YoaP-like
YoaP                 PF14268.10    44 >LH00406:11:22GHGVLT3:1:1101:29765:11398 -             88    0.0081   15.9   0.1   2   2     0.046   9.6e+02   -0.4   0.0    25    33    50    58    49    61 0.81 YoaP-like
Radical_SAM          PF04055.25   167 >LH00406:11:22GHGVLT3:1:1101:13168:11414 -             81   9.8e-05   22.8   0.2   1   1   6.2e-09   0.00013   22.4   0.2     5    41    41    78    38    81 0.89 Radical SAM superfamily
GHL10                PF02638.19   311 >LH00406:11:22GHGVLT3:1:1101:42016:11414 -             69   2.5e-05   23.7   0.0   1   1   3.8e-09   2.6e-05   23.7   0.0   126   168    19    60     6    66 0.86 Glycosyl hydrolase-like 10
DUF4015              PF13200.10   313 >LH00406:11:22GHGVLT3:1:1101:42016:11414 -             69   0.00032   20.1   0.0   1   1   4.6e-08   0.00032   20.1   0.0   113   151    22    61     7    69 0.85 Putative glycosyl hydrolase domain
Glyco_hydro_66       PF13199.10   553 >LH00406:11:22GHGVLT3:1:1101:42016:11414 -             69     0.012   14.5   0.0   1   1   1.8e-06     0.013   14.4   0.0   233   269    23    59    14    67 0.90 Glycosyl hydrolase family 66
Inos-1-P_synth       PF01658.21   107 >LH00406:11:22GHGVLT3:1:1101:7176:11446 -             62   1.8e-07   31.5   0.0   1   1     1e-11   2.1e-07   31.3   0.0    36    84     1    62     1    62 0.89 Myo-inositol-1-phosphate synthase
ACR_tran             PF00873.23  1021 >LH00406:11:22GHGVLT3:1:1101:16829:11446 -             62   1.5e-17   62.8   9.8   1   1   1.5e-21   1.6e-17   62.8   9.8   956  1016     2    62     1    62 0.97 AcrB/AcrD/AcrF family
DUF6861              PF21724.1    193 >LH00406:11:22GHGVLT3:1:1101:16829:11446 -             62       3.1    7.4   7.1   1   1   0.00033       3.4    7.3   7.1    34    76    11    54     2    58 0.82 Family of unknown function (DUF6861)
MRAP                 PF15183.10    89 >LH00406:11:22GHGVLT3:1:1101:12456:11527 -             64     0.029   14.5   0.0   1   1   1.9e-06     0.039   14.1   0.0    44    65    35    56    30    61 0.89 Melanocortin-2 receptor accessory protein family
Mannitol_dh_C        PF08125.17   246 >LH00406:11:22GHGVLT3:1:1101:11892:11543 -             69   4.9e-12   46.0   0.0   1   1   2.6e-16   5.3e-12   45.9   0.0   131   189     1    58     1    68 0.89 Mannitol dehydrogenase C-terminal domain
FGGY_N               PF00370.25   245 >LH00406:11:22GHGVLT3:1:1101:46620:11543 -             46      0.14   11.9   0.0   1   1   6.7e-06      0.14   11.9   0.0    69   103    11    45     3    46 0.90 FGGY family of carbohydrate kinases, N-terminal domain
SusD_RagB            PF07980.15   295 >LH00406:11:22GHGVLT3:1:1101:11929:11607 -             84   7.4e-19   68.7   0.9   1   1   3.8e-23   7.9e-19   68.6   0.9   127   211     1    84     1    84 0.87 SusD family
Radical_SAM_2        PF19238.3    151 >LH00406:11:22GHGVLT3:1:1101:8036:11655 -             84     0.041   13.7   2.7   1   1   2.7e-06     0.056   13.3   2.7    19    65    15    70     6    83 0.80 Radical SAM-like domain
Archaeal_AmoA        PF12942.11   183 >LH00406:11:22GHGVLT3:1:1101:15627:11671 -             64     0.083   12.8   0.1   1   1   4.6e-06     0.096   12.6   0.1    20    51    29    58    20    61 0.89 Archaeal ammonia monooxygenase subunit A (AmoA)
SBF_like             PF13593.10   313 >LH00406:11:22GHGVLT3:1:1101:27943:11671 -             85   1.5e-05   24.7   1.2   1   1   1.6e-09   1.6e-05   24.5   1.2   128   190     9    73     4    81 0.88 SBF-like CPA transporter family (DUF4137)
SBF                  PF01758.20   191 >LH00406:11:22GHGVLT3:1:1101:27943:11671 -             85     0.008   16.1   2.1   1   1   9.5e-07    0.0098   15.8   2.1    96   162     9    72     1    83 0.64 Sodium Bile acid symporter family
SyrA                 PF11089.12    38 >LH00406:11:22GHGVLT3:1:1101:43181:11703 -             60      0.03   14.4   2.4   1   2      0.23   4.7e+03   -2.3   0.1     1     6     7    12     6    14 0.59 Exopolysaccharide production repressor
SyrA                 PF11089.12    38 >LH00406:11:22GHGVLT3:1:1101:43181:11703 -             60      0.03   14.4   2.4   2   2   1.4e-06      0.03   14.4   2.4    11    36    28    53    25    55 0.89 Exopolysaccharide production repressor
POLH-Rev1_HhH        PF21704.1     56 >LH00406:11:22GHGVLT3:1:1101:4384:11735 -             64     0.005   17.2   0.0   1   1   9.3e-07    0.0064   16.9   0.0    21    56    11    45     2    45 0.90 DNApol eta/Rev1, HhH motif
DUF505               PF04458.16   622 >LH00406:11:22GHGVLT3:1:1101:4384:11735 -             64     0.072   11.6   0.0   1   1   1.2e-05     0.082   11.5   0.0   440   474    23    55    16    59 0.88 Protein of unknown function (DUF505)
SAM_3                PF18016.5     65 >LH00406:11:22GHGVLT3:1:1101:4384:11735 -             64      0.15   12.2   0.0   1   1   2.7e-05      0.19   11.9   0.0    29    57     8    35     2    40 0.84 SAM domain (Sterile alpha motif)
DNA_ligase_ZBD       PF03119.20    27 >LH00406:11:22GHGVLT3:1:1101:38068:11783 -             64     0.013   15.5   0.0   1   1   1.7e-06     0.018   15.1   0.0     7    26    23    43    22    43 0.95 NAD-dependent DNA ligase C4 zinc finger domain
Lustrin_cystein      PF14625.10    46 >LH00406:11:22GHGVLT3:1:1101:38068:11783 -             64     0.073   13.6   0.2   1   1   8.6e-06      0.09   13.3   0.2    10    32    27    47    20    54 0.84 Lustrin, cysteine-rich repeated domain
Imm59                PF15597.10   102 >LH00406:11:22GHGVLT3:1:1101:49635:11799 -             82       0.2   12.3   0.0   1   1   1.1e-05      0.23   12.1   0.0    19    60    19    62    10    62 0.73 Immunity protein 59
Alpha_L_fucos        PF01120.21   352 >LH00406:11:22GHGVLT3:1:1101:49292:11815 -             71   1.3e-14   54.6   0.0   1   1   7.1e-19   1.5e-14   54.4   0.0   187   250    10    70     2    71 0.88 Alpha-L-fucosidase
POTRA                PF07244.19    79 >LH00406:11:22GHGVLT3:1:1101:19797:11847 -             76      0.02   15.8   0.0   1   1     1e-06     0.021   15.7   0.0    24    56    14    46     5    70 0.91 Surface antigen variable number repeat
Relaxase             PF03432.18   240 >LH00406:11:22GHGVLT3:1:1101:8896:11863 -             80   0.00063   19.6   0.0   1   1   6.1e-08   0.00064   19.6   0.0    93   135    12    64     3    77 0.84 Relaxase/Mobilisation nuclease domain
Mob_Pre              PF01076.23   196 >LH00406:11:22GHGVLT3:1:1101:8896:11863 -             80      0.06   13.4   0.9   1   1   6.4e-06     0.067   13.2   0.9   121   189     9    79     1    80 0.77 Plasmid recombination enzyme
ABC_membrane         PF00664.27   274 >LH00406:11:22GHGVLT3:1:1101:9793:11879 -             68    0.0025   17.7   0.7   1   1   2.7e-07    0.0028   17.6   0.7   106   168     5    67     2    68 0.94 ABC transporter transmembrane region
LapA_dom             PF06305.15    64 >LH00406:11:22GHGVLT3:1:1101:9793:11879 -             68       6.8    6.9   7.3   1   1    0.0057        59    3.9   7.3    21    49    40    67    10    68 0.93 Lipopolysaccharide assembly protein A domain
UPF0728              PF15092.10    88 >LH00406:11:22GHGVLT3:1:1101:15683:11895 -             89     0.025   14.6   0.4   1   1   1.8e-06     0.037   14.0   0.3    34    70    41    77    23    88 0.81 Uncharacterised protein family UPF0728
5_3_exonuc_N         PF02739.20   163 >LH00406:11:22GHGVLT3:1:1101:18272:11895 -             70   2.5e-14   53.5   0.0   1   1   1.3e-18   2.7e-14   53.4   0.0   103   162     1    62     1    63 0.91 5'-3' exonuclease, N-terminal resolvase-like domain
Na_H_Exchanger       PF00999.25   380 >LH00406:11:22GHGVLT3:1:1101:33528:11895 -             42   0.00019   20.6   0.3   1   1     9e-09   0.00019   20.6   0.3   228   268     2    41     1    42 0.92 Sodium/hydrogen exchanger family
Glyco_hydro_88       PF07470.17   352 >LH00406:11:22GHGVLT3:1:1101:24014:11911 -             42   2.9e-07   30.0   0.0   1   1   1.4e-11   2.9e-07   30.0   0.0   253   294     3    42     1    42 0.90 Glycosyl Hydrolase Family 88
SNF                  PF00209.22   524 >LH00406:11:22GHGVLT3:1:1101:27435:11911 -             56   1.3e-08   34.2   0.1   1   1   7.2e-13   1.5e-08   34.0   0.1     1    30    27    56    27    56 0.97 Sodium:neurotransmitter symporter family
TDP43_N              PF18694.5     74 >LH00406:11:22GHGVLT3:1:1101:25040:11927 -             78     0.076   13.1   0.2   1   1   5.7e-06      0.12   12.5   0.2     2    33     7    38     6    41 0.93 TAR DNA-binding protein 43, N-terminal domain
PDT                  PF00800.22   181 >LH00406:11:22GHGVLT3:1:1101:19696:11959 -             73   1.8e-07   31.3   0.0   1   2     3e-11   3.1e-07   30.6   0.0   151   179     1    29     1    31 0.93 Prephenate dehydratase
PDT                  PF00800.22   181 >LH00406:11:22GHGVLT3:1:1101:19696:11959 -             73   1.8e-07   31.3   0.0   2   2      0.57   5.9e+03   -2.9   0.0    82   100    48    65    38    67 0.53 Prephenate dehydratase
ACT                  PF01842.29    66 >LH00406:11:22GHGVLT3:1:1101:19696:11959 -             73      0.21   11.6   0.0   1   2      0.09   9.4e+02   -0.1   0.0    41    63    18    40     7    42 0.71 ACT domain
ACT                  PF01842.29    66 >LH00406:11:22GHGVLT3:1:1101:19696:11959 -             73      0.21   11.6   0.0   2   2   8.1e-05      0.84    9.7   0.0     4    29    47    72    44    73 0.77 ACT domain
LRR_4                PF12799.11    44 >LH00406:11:22GHGVLT3:1:1101:3829:11991 -             80    0.0029   18.0   4.0   1   2    0.0029        20    5.8   0.1    20    38     6    26     1    37 0.78 Leucine Rich repeats (2 copies)
LRR_4                PF12799.11    44 >LH00406:11:22GHGVLT3:1:1101:3829:11991 -             80    0.0029   18.0   4.0   2   2   3.8e-05      0.27   11.8   2.8    12    39    48    79    21    80 0.79 Leucine Rich repeats (2 copies)
LRR_8                PF13855.10    61 >LH00406:11:22GHGVLT3:1:1101:3829:11991 -             80     0.039   13.9   2.8   1   2     0.069   4.8e+02    0.8   0.1    23    35     7    19     2    30 0.59 Leucine rich repeat
LRR_8                PF13855.10    61 >LH00406:11:22GHGVLT3:1:1101:3829:11991 -             80     0.039   13.9   2.8   2   2   9.5e-06     0.066   13.2   0.3     3    41    39    77    37    80 0.87 Leucine rich repeat
LRR_1                PF00560.37    23 >LH00406:11:22GHGVLT3:1:1101:3829:11991 -             80      0.79   10.4   3.8   1   3     0.097   6.7e+02    1.6   0.1     2    12    11    21     7    39 0.58 Leucine Rich Repeat
LRR_1                PF00560.37    23 >LH00406:11:22GHGVLT3:1:1101:3829:11991 -             80      0.79   10.4   3.8   2   3      0.54   3.7e+03   -0.6   0.0     2    23    39    59    38    59 0.57 Leucine Rich Repeat
LRR_1                PF00560.37    23 >LH00406:11:22GHGVLT3:1:1101:3829:11991 -             80      0.79   10.4   3.8   3   3   0.00074       5.1    7.9   0.9     1    13    62    74    62    80 0.79 Leucine Rich Repeat
ACR_tran             PF00873.23  1021 >LH00406:11:22GHGVLT3:1:1101:11901:12007 -             71   2.1e-12   45.8   0.0   1   1   1.1e-16   2.3e-12   45.7   0.0   106   175     1    70     1    71 0.99 AcrB/AcrD/AcrF family
PGM_PMM_II           PF02879.20   103 >LH00406:11:22GHGVLT3:1:1101:25752:12039 -             72   4.8e-17   62.6   0.2   1   1   2.5e-21   5.2e-17   62.5   0.2    24    94     1    72     1    72 0.98 Phosphoglucomutase/phosphomannomutase, alpha/beta/alpha domain II
MFS_2                PF13347.10   427 >LH00406:11:22GHGVLT3:1:1101:40213:12039 -             69   1.1e-07   30.9   0.6   1   1   1.2e-11   1.2e-07   30.8   0.6   362   427     2    66     1    66 0.96 MFS/sugar transport protein
TMEM_230_134         PF05915.16   119 >LH00406:11:22GHGVLT3:1:1101:40213:12039 -             69      0.16   12.3   1.5   1   1   1.9e-05       0.2   12.0   1.5    48    92    10    54     4    62 0.89 Transmembrane proteins 230/134
MTHFR                PF02219.21   287 >LH00406:11:22GHGVLT3:1:1101:15073:12087 -             58   2.7e-07   30.4   0.0   1   1   1.4e-11   2.9e-07   30.3   0.0    71   128     1    58     1    58 0.96 Methylenetetrahydrofolate reductase
SDH_alpha            PF03313.19   260 >LH00406:11:22GHGVLT3:1:1101:7750:12119 -             78   7.2e-25   88.3   1.0   1   1   1.1e-28   7.9e-25   88.2   1.0   192   260     2    68     1    68 0.99 Serine dehydratase alpha chain
3HCDH_N              PF02737.22   180 >LH00406:11:22GHGVLT3:1:1101:7750:12119 -             78     0.013   15.6   0.0   1   1   2.3e-06     0.016   15.3   0.0    87   128     9    50     5    56 0.90 3-hydroxyacyl-CoA dehydrogenase, NAD binding domain
NAT_N                PF18082.5    129 >LH00406:11:22GHGVLT3:1:1101:7750:12119 -             78     0.074   14.2   0.0   1   1   1.5e-05       0.1   13.7   0.0    88   118    38    68    36    71 0.94 N-acyltransferase N-terminal domain
DUF6119              PF19614.3    522 >LH00406:11:22GHGVLT3:1:1101:42386:12119 -             84   2.4e-19   69.6   2.5   1   1   1.3e-23   2.6e-19   69.5   2.5   322   400     1    81     1    84 0.88 Family of unknown function (DUF6119)
A_amylase_dom_C      PF09260.15    90 >LH00406:11:22GHGVLT3:1:1101:46694:12151 -             54      0.14   12.6   0.1   1   1   6.9e-06      0.14   12.6   0.1    16    54    10    50     3    54 0.81 Alpha-amylase, domain C
DUF5074              PF16819.9    350 >LH00406:11:22GHGVLT3:1:1101:42885:12184 -             59     0.011   14.9   0.0   1   1   1.6e-06     0.011   14.9   0.0   178   213     4    38     2    57 0.86 Domain of unknown function (DUF5074)
CDO_I                PF05995.16   170 >LH00406:11:22GHGVLT3:1:1101:42885:12184 -             59     0.044   13.5   0.0   1   1   7.2e-06      0.05   13.3   0.0    18    58    10    49     6    55 0.82 Cysteine dioxygenase type I
Reg_prop             PF07494.15    24 >LH00406:11:22GHGVLT3:1:1101:42885:12184 -             59       0.1   13.1   0.0   1   1   3.3e-05      0.23   12.0   0.0     4    21     8    25     5    27 0.87 Two component regulator propeller
GerE                 PF00196.23    57 >LH00406:11:22GHGVLT3:1:1101:4948:12200 -             74   3.2e-05   23.6   0.1   1   1     2e-09   4.2e-05   23.3   0.1    29    57     1    29     1    29 0.95 Bacterial regulatory proteins, luxR family
DUF5769              PF19073.4    191 >LH00406:11:22GHGVLT3:1:1101:6178:12216 -             83     0.091   12.6   0.4   1   1   4.5e-06     0.094   12.6   0.4    74   125     9    58     4    79 0.76 Family of unknown function (DUF5769)
Pom                  PF17251.6    285 >LH00406:11:22GHGVLT3:1:1101:4301:12232 -             60     0.041   13.4   0.2   1   1   2.2e-06     0.045   13.3   0.2   153   192    11    51     5    58 0.87 Protochlamydia outer membrane protein
SH3_13               PF18335.5     65 >LH00406:11:22GHGVLT3:1:1101:32095:12232 -             63   2.1e-05   24.4   0.2   1   1   3.6e-09   2.5e-05   24.2   0.2    26    58     3    35     1    47 0.89 ATP-dependent RecD-like DNA helicase SH3 domain
Pif1_2B_dom          PF21530.1     47 >LH00406:11:22GHGVLT3:1:1101:32095:12232 -             63    0.0031   17.4   0.0   1   1   5.6e-07    0.0039   17.1   0.0    16    45     1    29     1    31 0.82 DNA helicase Pif1, 2B domain
Ribosomal_L21e       PF01157.22   101 >LH00406:11:22GHGVLT3:1:1101:32095:12232 -             63     0.031   14.3   0.0   1   1   5.5e-06     0.038   14.1   0.0    48    83    12    45     9    51 0.89 Ribosomal protein L21e
HTH_34               PF13601.10    80 >LH00406:11:22GHGVLT3:1:1101:49487:12280 -             71    0.0041   17.5   0.0   1   1   2.3e-07    0.0048   17.2   0.0    17    51    31    66    17    68 0.88 Winged helix DNA-binding domain
DUF4522              PF15022.10   117 >LH00406:11:22GHGVLT3:1:1101:50504:12280 -             69      0.12   12.6   0.0   1   1   6.9e-06      0.14   12.3   0.0     2    22    16    36    15    40 0.87 Protein of unknown function (DUF4522)
DUF6718              PF20476.2     74 >LH00406:11:22GHGVLT3:1:1101:15174:12360 -             56     0.027   14.8   0.2   1   1   2.8e-06     0.029   14.7   0.2    35    72    16    53     7    55 0.84 Family of unknown function (DUF6718)
LpxK                 PF02606.18   325 >LH00406:11:22GHGVLT3:1:1101:15174:12360 -             56      0.21   10.9   0.2   1   1   2.2e-05      0.23   10.7   0.2   246   279    18    51    11    54 0.85 Tetraacyldisaccharide-1-P 4'-kinase
FrhB_FdhB_C          PF04432.17   151 >LH00406:11:22GHGVLT3:1:1101:37531:12424 -             73   0.00028   20.9   0.0   1   1   1.5e-08   0.00031   20.8   0.0   104   149     2    57     1    59 0.88 Coenzyme F420 hydrogenase/dehydrogenase, beta subunit C terminus
Tubulin-binding      PF00418.23    31 >LH00406:11:22GHGVLT3:1:1101:41886:12440 -             62     0.024   14.7   1.4   1   1   2.3e-06     0.047   13.8   1.4    10    22    24    36    22    38 0.86 Tau and MAP protein, tubulin-binding repeat
Vta1_C               PF18097.5     38 >LH00406:11:22GHGVLT3:1:1101:50411:12440 -             63     0.045   13.5   0.1   1   2      0.12   2.5e+03   -1.6   0.0    24    30     3     9     2    10 0.80 Vta1 C-terminal domain
Vta1_C               PF18097.5     38 >LH00406:11:22GHGVLT3:1:1101:50411:12440 -             63     0.045   13.5   0.1   2   2   6.4e-06      0.13   12.1   0.1    14    25    27    38    26    43 0.89 Vta1 C-terminal domain
Chlorovi_GP_rpt      PF06598.15    34 >LH00406:11:22GHGVLT3:1:1101:21536:12488 -             56      0.23   11.7   1.8   1   2   1.4e-05      0.29   11.4   0.8     2    15    20    33    19    41 0.84 Chlorovirus glycoprotein repeat
Chlorovi_GP_rpt      PF06598.15    34 >LH00406:11:22GHGVLT3:1:1101:21536:12488 -             56      0.23   11.7   1.8   2   2       0.2   4.1e+03   -1.8   0.0     5    11    45    51    45    55 0.65 Chlorovirus glycoprotein repeat
Phyto_Pns9_10        PF05878.15   344 >LH00406:11:22GHGVLT3:1:1101:34055:12488 -             62     0.087   12.2   0.2   1   1   4.3e-06     0.089   12.1   0.2    45    91     4    50     1    59 0.76 Phytoreovirus nonstructural protein Pns9/Pns10
Glycos_transf_2      PF00535.30   168 >LH00406:11:22GHGVLT3:1:1101:48090:12488 -             46     3e-08   34.0   0.0   1   1   1.4e-12     3e-08   34.0   0.0    73   117     1    44     1    46 0.93 Glycosyl transferase family 2
GDE_C                PF06202.18   367 >LH00406:11:22GHGVLT3:1:1101:43754:12504 -             72   0.00052   19.2   0.0   1   1   2.6e-08   0.00054   19.2   0.0   322   367     6    51     1    51 0.91 Amylo-alpha-1,6-glucosidase
YqiJ_OB              PF07290.15    64 >LH00406:11:22GHGVLT3:1:1101:33722:12520 -             67     0.083   13.1   0.1   1   1   5.7e-06      0.12   12.6   0.1    30    57    16    43    10    49 0.85 Inner membrane protein YqiJ, OB-fold
DUF5746              PF19017.4    175 >LH00406:11:22GHGVLT3:1:1101:21304:12536 -             66     0.069   13.2   0.2   1   1   3.8e-06     0.078   13.0   0.2   152   169    22    39    10    43 0.84 Domain of unknown function (DUF5746)
Pantoate_ligase      PF02569.19   268 >LH00406:11:22GHGVLT3:1:1101:49496:12616 -             49   2.7e-19   69.5   0.1   1   1   1.4e-23   2.9e-19   69.4   0.1    35    83     1    49     1    49 0.98 Pantoate-beta-alanine ligase
DUF6805              PF20620.2    133 >LH00406:11:22GHGVLT3:1:1101:15590:12632 -             54   2.2e-06   28.2   0.0   1   1   1.2e-10   2.4e-06   28.1   0.0    76   128     1    54     1    54 0.93 Family of unknown function (DUF6805)
CTP_transf_like      PF01467.30   133 >LH00406:11:22GHGVLT3:1:1101:8304:12664 -             61   0.00013   22.4   0.0   1   1   7.1e-09   0.00015   22.2   0.0    16    68     1    55     1    60 0.87 Cytidylyltransferase-like
VWA_2                PF13519.10   107 >LH00406:11:22GHGVLT3:1:1101:46768:12664 -             76   2.3e-11   44.5   0.0   1   1   2.4e-15   2.5e-11   44.4   0.0     7    72     1    66     1    74 0.95 von Willebrand factor type A domain
VWA                  PF00092.32   174 >LH00406:11:22GHGVLT3:1:1101:46768:12664 -             76     0.014   15.8   0.0   1   1   1.5e-06     0.016   15.7   0.0     9    71     2    63     1    70 0.90 von Willebrand factor type A domain
GvpH                 PF05455.15   177 >LH00406:11:22GHGVLT3:1:1101:9969:12792 -             71     0.082   13.2   0.2   1   1   4.1e-06     0.085   13.1   0.2    98   126    35    63    10    70 0.80 GvpH
DUF3147              PF11345.12   111 >LH00406:11:22GHGVLT3:1:1101:9812:12840 -             89     0.017   15.7   0.1   1   1   1.8e-06     0.019   15.6   0.1    28    81    33    86     5    89 0.82 Protein of unknown function (DUF3147)
Pkinase_fungal       PF17667.5    387 >LH00406:11:22GHGVLT3:1:1101:9812:12840 -             89      0.28   10.0   0.0   1   1   2.7e-05      0.28   10.0   0.0    61    88    45    72    18    79 0.90 Fungal protein kinase
Lactonase            PF10282.13   344 >LH00406:11:22GHGVLT3:1:1101:50143:12872 -             63      0.02   14.3   0.1   1   1   3.2e-06     0.022   14.2   0.1     2    33    30    62    29    63 0.90 Lactonase, 7-bladed beta-propeller
Integrase_DNA        PF02920.19    58 >LH00406:11:22GHGVLT3:1:1101:50143:12872 -             63     0.023   14.6   0.1   1   1   4.1e-06     0.029   14.3   0.1    21    40    41    60    36    63 0.87 DNA binding domain of tn916 integrase
Kelch_6              PF13964.10    50 >LH00406:11:22GHGVLT3:1:1101:50143:12872 -             63      0.15   12.3   0.0   1   1   2.5e-05      0.18   12.1   0.0     7    44    22    60    16    63 0.85 Kelch motif
DUF5445              PF17520.6     52 >LH00406:11:22GHGVLT3:1:1101:20361:12921 -             53      0.37   10.9   1.4   1   1   2.3e-05      0.47   10.5   1.4    12    34    12    34     8    37 0.87 Family of unknown function (DUF5445)
CTP_transf_1         PF01148.24   264 >LH00406:11:22GHGVLT3:1:1101:32270:12921 -             85   6.6e-18   65.7   1.3   1   1   1.4e-21     7e-18   65.6   1.3    95   173     7    85     1    85 0.92 Cytidylyltransferase family
DUF3623              PF12291.12   256 >LH00406:11:22GHGVLT3:1:1101:32270:12921 -             85    0.0039   16.7   0.1   1   1   7.9e-07    0.0041   16.6   0.1    33    93    15    75     2    83 0.78 Protein of unknown function (DUF3623)
TauE                 PF01925.23   237 >LH00406:11:22GHGVLT3:1:1101:32270:12921 -             85     0.013   15.3   0.3   1   1   3.1e-06     0.016   15.1   0.3   152   220     1    81     1    84 0.76 Sulfite exporter TauE/SafE
ISK_Channel          PF02060.19   126 >LH00406:11:22GHGVLT3:1:1101:32270:12921 -             85     0.064   13.2   0.9   1   1   1.6e-05     0.084   12.8   0.9    49    67    18    36    15    57 0.89 Slow voltage-gated potassium channel
DUF3256              PF11644.12   195 >LH00406:11:22GHGVLT3:1:1101:44401:12953 -             84   1.2e-25   90.4   0.1   1   1   6.3e-30   1.3e-25   90.2   0.1    48   126     2    80     1    83 0.95 Protein of unknown function (DUF3256)
Response_reg         PF00072.28   111 >LH00406:11:22GHGVLT3:1:1101:14444:12985 -             75      0.18   12.2   0.0   1   1   1.3e-05      0.27   11.6   0.0    73   103     2    30     1    38 0.83 Response regulator receiver domain
LON_substr_bdg       PF02190.20   200 >LH00406:11:22GHGVLT3:1:1101:6797:13001 -             78   2.4e-06   27.9   0.5   1   1   1.2e-10   2.5e-06   27.8   0.5   111   186     2    77     1    78 0.82 ATP-dependent protease La (LON) substrate-binding domain
DUF2105              PF09878.13   200 >LH00406:11:22GHGVLT3:1:1101:43726:13065 -             83     0.012   15.6   0.1   1   1   5.6e-07     0.012   15.6   0.1    22    80     3    64     1    82 0.81 Predicted membrane protein (DUF2105)
SERTA                PF06031.17    36 >LH00406:11:22GHGVLT3:1:1101:46731:13081 -             36      0.13   12.2   0.5   1   1   1.1e-05      0.23   11.4   0.5    23    30     2     9     2    10 0.96 SERTA motif
FTSW_RODA_SPOVE      PF01098.23   356 >LH00406:11:22GHGVLT3:1:1101:11596:13145 -             47   1.9e-11   43.8   0.8   1   1   9.2e-16   1.9e-11   43.8   0.8    76   120     3    47     1    47 0.94 Cell cycle protein
Phage_CI_repr        PF07022.17    65 >LH00406:11:22GHGVLT3:1:1101:27388:13145 -             66   2.7e-06   27.8   0.0   1   1   2.3e-09   4.4e-06   27.2   0.0    15    64    14    61     3    62 0.90 Bacteriophage CI repressor helix-turn-helix domain
HTH_3                PF01381.26    55 >LH00406:11:22GHGVLT3:1:1101:27388:13145 -             66    0.0023   18.1   0.0   1   1   1.6e-06    0.0031   17.7   0.0    12    31    14    33    10    44 0.88 Helix-turn-helix
HTH_8                PF02954.23    42 >LH00406:11:22GHGVLT3:1:1101:27388:13145 -             66    0.0024   17.8   0.0   1   1   1.9e-06    0.0035   17.3   0.0    17    35    10    28     1    30 0.92 Bacterial regulatory protein, Fis family
HTH_17               PF12728.11    51 >LH00406:11:22GHGVLT3:1:1101:27388:13145 -             66    0.0049   17.2   0.0   1   1   3.4e-06    0.0064   16.9   0.0     6    27    16    37    14    54 0.82 Helix-turn-helix domain
P22_Cro              PF14549.10    60 >LH00406:11:22GHGVLT3:1:1101:27388:13145 -             66    0.0053   16.7   0.0   1   1   3.7e-06    0.0071   16.3   0.0     3    29     3    31     2    35 0.91 DNA-binding transcriptional regulator Cro
HTH_23               PF13384.10    50 >LH00406:11:22GHGVLT3:1:1101:27388:13145 -             66    0.0054   16.8   0.0   1   1   3.9e-06    0.0073   16.3   0.0    22    40    16    34    12    40 0.87 Homeodomain-like domain
HTH_28               PF13518.10    52 >LH00406:11:22GHGVLT3:1:1101:27388:13145 -             66     0.009   16.3   0.0   1   1   5.8e-06     0.011   16.0   0.0    13    35    12    34     1    37 0.81 Helix-turn-helix domain
HTH_29               PF13551.10    64 >LH00406:11:22GHGVLT3:1:1101:27388:13145 -             66     0.021   15.1   0.0   1   1   1.6e-05      0.03   14.6   0.0    14    35    13    34     3    36 0.90 Winged helix-turn helix
MerR                 PF00376.27    38 >LH00406:11:22GHGVLT3:1:1101:27388:13145 -             66     0.023   14.7   0.0   1   1   1.7e-05     0.032   14.2   0.0     4    20    16    32    15    35 0.86 MerR family regulatory protein
YdaS_toxin           PF15943.9     65 >LH00406:11:22GHGVLT3:1:1101:27388:13145 -             66     0.041   14.1   0.0   1   1   2.5e-05     0.047   13.9   0.0     9    38    12    40     2    49 0.79 Bacterial toxin YdaS
HTH_Tnp_ISL3         PF13542.10    51 >LH00406:11:22GHGVLT3:1:1101:27388:13145 -             66       0.1   12.3   0.0   1   1   7.7e-05      0.15   11.8   0.0    26    49    11    34     2    34 0.85 Helix-turn-helix domain of transposase family ISL3
Repressor_Mnt        PF11423.12    28 >LH00406:11:22GHGVLT3:1:1101:6261:13193 -             62   0.00096   19.1   0.0   1   1   5.9e-08    0.0012   18.7   0.0    10    20    51    61    41    62 0.88 Regulatory protein Mnt
DUF4293              PF14126.10   153 >LH00406:11:22GHGVLT3:1:1101:37735:13225 -             70    0.0061   17.0   0.7   1   1   3.6e-07    0.0075   16.7   0.7     1    15    55    69    55    70 0.94 Domain of unknown function (DUF4293)
DUF3649              PF12365.12    27 >LH00406:11:22GHGVLT3:1:1101:2923:13241 -             77       4.6    7.3   5.1   1   2     0.035   7.2e+02    0.3   0.2     5    10    20    25    20    25 0.96 Protein of unknown function (DUF3649)
DUF3649              PF12365.12    27 >LH00406:11:22GHGVLT3:1:1101:2923:13241 -             77       4.6    7.3   5.1   2   2   8.9e-05       1.8    8.6   1.0     4    12    56    64    56    64 0.92 Protein of unknown function (DUF3649)
Mg_chelatase         PF01078.25   207 >LH00406:11:22GHGVLT3:1:1101:13316:13241 -             52   4.4e-23   82.0   0.1   1   1     7e-26   4.8e-23   81.8   0.1     1    50     3    52     3    52 0.98 Magnesium chelatase, subunit ChlI
bpMoxR               PF20030.3    205 >LH00406:11:22GHGVLT3:1:1101:13316:13241 -             52     5e-05   22.7   0.0   1   1   8.2e-08   5.7e-05   22.5   0.0    16    54     9    47     4    50 0.90 MoxR domain in the MoxR-vWA-beta-propeller ternary systems
AAA_5                PF07728.18   139 >LH00406:11:22GHGVLT3:1:1101:13316:13241 -             52   0.00025   21.3   0.0   1   1   5.3e-07   0.00037   20.7   0.0     1    23    26    48    26    50 0.90 AAA domain (dynein-related subfamily)
AAA_33               PF13671.10   143 >LH00406:11:22GHGVLT3:1:1101:13316:13241 -             52   0.00047   20.6   0.0   1   1   1.1e-06   0.00073   20.0   0.0     2    20    27    45    27    51 0.89 AAA domain
nSTAND3              PF20720.1    155 >LH00406:11:22GHGVLT3:1:1101:13316:13241 -             52    0.0012   18.8   0.0   1   1   1.9e-06    0.0013   18.6   0.0     6    37    12    44     7    46 0.82 Novel STAND NTPase 3
AAA_16               PF13191.10   167 >LH00406:11:22GHGVLT3:1:1101:13316:13241 -             52    0.0015   19.2   0.0   1   1   2.3e-06    0.0016   19.2   0.0    11    46    12    46     7    51 0.82 AAA ATPase domain
AAA_22               PF13401.10   130 >LH00406:11:22GHGVLT3:1:1101:13316:13241 -             52    0.0039   17.7   0.0   1   1   6.6e-06    0.0046   17.5   0.0     7    29    26    48    20    51 0.85 AAA domain
AAA_7                PF12775.11   181 >LH00406:11:22GHGVLT3:1:1101:13316:13241 -             52    0.0049   16.6   0.0   1   1   7.5e-06    0.0052   16.5   0.0    25    55    16    46     8    51 0.84 P-loop containing dynein motor region
AAA                  PF00004.33   131 >LH00406:11:22GHGVLT3:1:1101:13316:13241 -             52    0.0089   16.7   0.1   1   1   1.7e-05     0.012   16.2   0.1     1    18    27    44    27    48 0.88 ATPase family associated with various cellular activities (AAA)
Sigma54_activ_2      PF14532.10   138 >LH00406:11:22GHGVLT3:1:1101:13316:13241 -             52     0.011   16.1   0.0   1   1   1.9e-05     0.013   15.9   0.0     9    41    12    44     8    49 0.91 Sigma-54 interaction domain
ABC_tran             PF00005.31   137 >LH00406:11:22GHGVLT3:1:1101:13316:13241 -             52     0.015   16.2   0.0   1   1   2.1e-05     0.015   16.2   0.0     9    36    22    49    14    52 0.82 ABC transporter
AAA_24               PF13479.10   195 >LH00406:11:22GHGVLT3:1:1101:13316:13241 -             52     0.023   14.7   0.0   1   1   4.4e-05      0.03   14.3   0.0     5    26    27    48    24    49 0.89 AAA domain
NACHT                PF05729.16   167 >LH00406:11:22GHGVLT3:1:1101:13316:13241 -             52      0.03   14.3   0.0   1   1   5.4e-05     0.037   14.0   0.0     3    20    27    44    25    48 0.88 NACHT domain
RuvB_N               PF05496.16   159 >LH00406:11:22GHGVLT3:1:1101:13316:13241 -             52     0.034   14.1   0.1   1   1   8.2e-05     0.057   13.4   0.1     7    51     5    42     2    48 0.78 Holliday junction DNA helicase RuvB P-loop domain
AAA_18               PF13238.10   128 >LH00406:11:22GHGVLT3:1:1101:13316:13241 -             52     0.041   14.6   0.1   1   2         2   1.4e+03   -0.0   0.0    52    76     6    28     2    30 0.66 AAA domain
AAA_18               PF13238.10   128 >LH00406:11:22GHGVLT3:1:1101:13316:13241 -             52     0.041   14.6   0.1   2   2   0.00016      0.11   13.3   0.0     3    18    29    44    27    49 0.87 AAA domain
AAA_29               PF13555.10    61 >LH00406:11:22GHGVLT3:1:1101:13316:13241 -             52     0.048   13.6   0.0   1   1   7.1e-05      0.05   13.6   0.0    17    37    17    39    10    50 0.82 P-loop containing region of AAA domain
AAA_30               PF13604.10   191 >LH00406:11:22GHGVLT3:1:1101:13316:13241 -             52     0.054   13.4   0.0   1   1   8.2e-05     0.057   13.3   0.0     9    38    16    44     8    49 0.75 AAA domain
RNA_helicase         PF00910.26   105 >LH00406:11:22GHGVLT3:1:1101:13316:13241 -             52     0.055   14.1   0.0   1   1    0.0001     0.069   13.8   0.0     2    18    28    44    27    49 0.87 RNA helicase
KTI12                PF08433.14   271 >LH00406:11:22GHGVLT3:1:1101:13316:13241 -             52     0.059   13.1   0.1   1   1    0.0001     0.071   12.8   0.1     4    25    27    48    26    50 0.89 Chromatin associated protein KTI12
DEAD                 PF00270.33   166 >LH00406:11:22GHGVLT3:1:1101:13316:13241 -             52     0.073   13.0   0.0   1   1   0.00011     0.078   12.9   0.0     7    31    16    41     9    47 0.80 DEAD/DEAH box helicase
FtsK_SpoIIIE         PF01580.22   221 >LH00406:11:22GHGVLT3:1:1101:13316:13241 -             52     0.079   12.6   0.0   1   1   0.00013     0.089   12.4   0.0    24    56    10    41     5    46 0.75 FtsK/SpoIIIE family
MCM                  PF00493.27   224 >LH00406:11:22GHGVLT3:1:1101:13316:13241 -             52     0.082   12.2   0.0   1   1   0.00026      0.18   11.1   0.0    51    82    18    49     4    51 0.78 MCM P-loop domain
IstB_IS21            PF01695.21   238 >LH00406:11:22GHGVLT3:1:1101:13316:13241 -             52     0.086   12.5   0.0   1   1   0.00012     0.086   12.5   0.0    93   110    25    42     3    46 0.88 IstB-like ATP binding protein
AAA_17               PF13207.10   136 >LH00406:11:22GHGVLT3:1:1101:13316:13241 -             52       0.1   13.1   0.1   1   1   0.00023      0.16   12.5   0.1     1    15    30    44    30    48 0.92 AAA domain
Sigma54_activat      PF00158.30   168 >LH00406:11:22GHGVLT3:1:1101:13316:13241 -             52      0.14   12.0   0.0   1   1   0.00023      0.16   11.9   0.0     9    42    11    44     5    48 0.81 Sigma-54 interaction domain
Guanylate_kin        PF00625.25   182 >LH00406:11:22GHGVLT3:1:1101:13316:13241 -             52      0.14   12.0   0.1   1   1   0.00026      0.18   11.7   0.1     4    22    26    44    23    50 0.87 Guanylate kinase
T2SSE                PF00437.24   269 >LH00406:11:22GHGVLT3:1:1101:13316:13241 -             52      0.15   11.4   0.0   1   1   0.00021      0.15   11.4   0.0   119   150    10    44     1    51 0.66 Type II/IV secretion system protein
P-loop_TraG          PF19044.4    413 >LH00406:11:22GHGVLT3:1:1101:13316:13241 -             52      0.22   10.3   0.0   1   1   0.00032      0.22   10.3   0.0    27    49    22    44    10    48 0.81 TraG P-loop domain
AAA_28               PF13521.10   164 >LH00406:11:22GHGVLT3:1:1101:13316:13241 -             52      0.24   11.8   0.0   1   1   0.00053      0.37   11.2   0.0     3    19    28    44    26    48 0.90 AAA domain
VapE-like_dom        PF05272.15   217 >LH00406:11:22GHGVLT3:1:1101:13316:13241 -             52      0.33   10.5   0.0   1   1   0.00057       0.4   10.3   0.0    39    71    12    44    10    47 0.92 Virulence-associated protein E-like domain
DUF6048              PF19515.3    232 >LH00406:11:22GHGVLT3:1:1101:47480:13289 -             58   0.00014   22.0   0.0   1   1   6.6e-09   0.00014   22.0   0.0   177   223     5    51     1    53 0.90 Domain of unknown function (DUF6048)
Phage_clamp_A        PF16790.9    144 >LH00406:11:22GHGVLT3:1:1101:36524:13305 -             73    0.0017   19.0   0.0   1   1   8.2e-08    0.0017   19.0   0.0    58    85    34    61     2    68 0.91 Bacteriophage clamp loader A subunit
Ribosomal_L24e       PF01246.24    66 >LH00406:11:22GHGVLT3:1:1101:52187:13337 -             69     0.059   13.8   0.1   1   1   3.8e-06     0.079   13.4   0.1    13    40     1    28     1    30 0.92 Ribosomal protein L24e
Kelch_1              PF01344.29    46 >LH00406:11:22GHGVLT3:1:1101:37911:13401 -             63      0.11   12.3   0.2   1   1   8.3e-06      0.17   11.6   0.2    23    42    13    32     9    33 0.90 Kelch motif
Hexapep_2            PF14602.10    34 >LH00406:11:22GHGVLT3:1:1101:37615:13433 -             72     0.045   13.7   1.2   1   2     0.058   1.2e+03   -0.5   0.2     9    14     7    13     3    20 0.50 Hexapeptide repeat of succinyl-transferase
Hexapep_2            PF14602.10    34 >LH00406:11:22GHGVLT3:1:1101:37615:13433 -             72     0.045   13.7   1.2   2   2   2.2e-06     0.045   13.7   1.2     7    22    46    62    46    67 0.85 Hexapeptide repeat of succinyl-transferase
Hexapep_2            PF14602.10    34 >LH00406:11:22GHGVLT3:1:1101:40795:13433 -             72     0.045   13.7   1.2   1   2     0.058   1.2e+03   -0.5   0.2     9    14     7    13     3    20 0.50 Hexapeptide repeat of succinyl-transferase
Hexapep_2            PF14602.10    34 >LH00406:11:22GHGVLT3:1:1101:40795:13433 -             72     0.045   13.7   1.2   2   2   2.2e-06     0.045   13.7   1.2     7    22    46    62    46    67 0.85 Hexapeptide repeat of succinyl-transferase
Biotin_lipoyl_2      PF13533.10    50 >LH00406:11:22GHGVLT3:1:1101:18429:13481 -             84   5.9e-05   22.9   0.0   1   1   7.9e-09   8.2e-05   22.5   0.0     4    29    59    84    53    84 0.93 Biotin-lipoyl like
Biotin_lipoyl        PF00364.26    73 >LH00406:11:22GHGVLT3:1:1101:18429:13481 -             84     0.017   15.2   0.1   1   1   2.4e-06     0.025   14.6   0.1    40    69    55    84    45    84 0.89 Biotin-requiring enzyme
Virul_fac_BrkB       PF03631.19   259 >LH00406:11:22GHGVLT3:1:1101:9469:13497 -             78   9.4e-08   32.1   2.7   1   1   4.5e-12   9.4e-08   32.1   2.7    85   147     4    65     1    78 0.83 Virulence factor BrkB
TonB_dep_Rec         PF00593.28   436 >LH00406:11:22GHGVLT3:1:1101:43643:13497 -             67   5.9e-06   26.6   0.5   1   1   3.1e-10   6.4e-06   26.5   0.5   293   350     2    63     2    67 0.88 TonB dependent receptor
LGT                  PF01790.22   240 >LH00406:11:22GHGVLT3:1:1101:36145:13513 -             67   4.2e-07   29.7   0.7   1   1     2e-11   4.2e-07   29.7   0.7    82   115    23    64     1    67 0.74 Prolipoprotein diacylglyceryl transferase
SH3_3                PF08239.15    54 >LH00406:11:22GHGVLT3:1:1101:50411:13529 -             69   1.1e-06   28.9   0.0   1   1   1.5e-10   1.6e-06   28.4   0.0     2    30    34    62    33    69 0.90 Bacterial SH3 domain
SH3_16               PF18348.5     49 >LH00406:11:22GHGVLT3:1:1101:50411:13529 -             69      0.22   11.5   0.0   1   1   2.7e-05      0.28   11.2   0.0     1    30    37    67    37    69 0.88 Bacterial dipeptidyl-peptidase Sh3 domain
DUF2701              PF10857.12    63 >LH00406:11:22GHGVLT3:1:1101:14194:13545 -             57     0.013   15.7   1.6   1   1   9.1e-07     0.019   15.2   1.6     8    35     4    31     3    35 0.92 Protein of unknown function (DUF2701)
AAA-ATPase_like      PF09820.13   279 >LH00406:11:22GHGVLT3:1:1101:35460:13545 -             84   3.6e-14   53.0   0.1   1   1   3.9e-18   4.1e-14   52.9   0.1    94   173     6    84     2    84 0.95 Predicted AAA-ATPase
SPECT1               PF18680.5    180 >LH00406:11:22GHGVLT3:1:1101:35460:13545 -             84      0.19   11.6   0.0   1   1     2e-05      0.21   11.5   0.0   128   168     8    48     4    64 0.77 Plasmodium host cell traversal SPECT1
RecO_N               PF11967.12    80 >LH00406:11:22GHGVLT3:1:1101:10043:13626 -             72   7.9e-12   45.2   0.1   1   1   4.9e-16     1e-11   44.8   0.1     1    40    33    71    33    72 0.95 Recombination protein O N terminal
INTS5_N              PF14837.10   208 >LH00406:11:22GHGVLT3:1:1101:34009:13626 -             81     0.098   12.3   0.0   1   2     0.042   8.6e+02   -0.6   0.0    77    93     7    23     3    34 0.50 Integrator complex subunit 5 N-terminus
INTS5_N              PF14837.10   208 >LH00406:11:22GHGVLT3:1:1101:34009:13626 -             81     0.098   12.3   0.0   2   2   1.3e-05      0.27   10.9   0.0    36    63    53    80    29    81 0.88 Integrator complex subunit 5 N-terminus
GM130_C              PF19046.4     46 >LH00406:11:22GHGVLT3:1:1101:17606:13658 -             52     0.099   12.6   0.1   1   1   8.1e-06      0.17   11.9   0.1    22    33    40    51    35    52 0.88 GM130 C-terminal binding motif
Pectate_lyase_3      PF12708.11   214 >LH00406:11:22GHGVLT3:1:1101:6853:13706 -             75    0.0077   16.2   0.3   1   1   5.2e-07     0.011   15.7   0.3     2    36    41    72    40    75 0.78 Pectate lyase superfamily protein
preSET_CXC           PF18264.5     32 >LH00406:11:22GHGVLT3:1:1101:37947:13722 -             63         3    8.6  10.2   1   2   1.2e-05      0.25   12.1   3.5     1    25     1    30     1    32 0.90 CXC domain
preSET_CXC           PF18264.5     32 >LH00406:11:22GHGVLT3:1:1101:37947:13722 -             63         3    8.6  10.2   2   2     0.051   1.1e+03    0.5   0.6    19    22    46    49    44    49 0.89 CXC domain
Ac45-VOA1_TM         PF20520.2     39 >LH00406:11:22GHGVLT3:1:1101:10625:13738 -             80     0.007   16.2   3.0   1   1   5.4e-07     0.011   15.6   3.0     7    29    27    49    26    50 0.95 V0 complex accessory subunit Ac45/VOA1 transmembrane domain
DUF621               PF04789.19   306 >LH00406:11:22GHGVLT3:1:1101:35174:13786 -             62     0.012   15.0   0.1   1   1   1.3e-06     0.013   14.8   0.1   128   180     5    57     2    61 0.85 Protein of unknown function (DUF621)
MIIP                 PF15734.9    332 >LH00406:11:22GHGVLT3:1:1101:35174:13786 -             62       0.1   12.3   0.2   1   1     1e-05       0.1   12.3   0.2   191   210    29    49    10    54 0.76 Migration and invasion-inhibitory
PPR_1                PF12854.11    34 >LH00406:11:22GHGVLT3:1:1101:2359:13802 -             52      0.14   12.1   0.1   1   1   9.9e-06      0.21   11.6   0.1    16    31     2    17     1    18 0.93 PPR repeat
HTH_Crp_2            PF13545.10    69 >LH00406:11:22GHGVLT3:1:1101:8757:13802 -             70    0.0062   16.7   0.0   1   2      0.08   1.7e+03   -0.7   0.0    42    56    20    34    18    45 0.74 Crp-like helix-turn-helix domain
HTH_Crp_2            PF13545.10    69 >LH00406:11:22GHGVLT3:1:1101:8757:13802 -             70    0.0062   16.7   0.0   2   2     9e-07     0.019   15.1   0.0    22    40    52    70    38    70 0.85 Crp-like helix-turn-helix domain
SusD_RagB            PF07980.15   295 >LH00406:11:22GHGVLT3:1:1101:18743:13802 -             89     0.015   15.2   0.0   1   1   8.6e-07     0.018   14.9   0.0   270   295     6    32     2    32 0.85 SusD family
DUF621               PF04789.19   306 >LH00406:11:22GHGVLT3:1:1101:8545:13818 -             62     0.012   15.0   0.1   1   1   1.3e-06     0.013   14.8   0.1   128   180     5    57     2    61 0.85 Protein of unknown function (DUF621)
MIIP                 PF15734.9    332 >LH00406:11:22GHGVLT3:1:1101:8545:13818 -             62       0.1   12.3   0.2   1   1     1e-05       0.1   12.3   0.2   191   210    29    49    10    54 0.76 Migration and invasion-inhibitory
Reg_prop             PF07494.15    24 >LH00406:11:22GHGVLT3:1:1101:19733:13818 -             75   0.00024   21.1   0.1   1   2   2.4e-05      0.49   11.0   0.1     4    24    27    47    24    47 0.89 Two component regulator propeller
Reg_prop             PF07494.15    24 >LH00406:11:22GHGVLT3:1:1101:19733:13818 -             75   0.00024   21.1   0.1   2   2   0.00022       4.6    8.0   0.0     2    19    58    75    57    75 0.91 Two component regulator propeller
PMP22_Claudin        PF00822.24   161 >LH00406:11:22GHGVLT3:1:1101:21397:13818 -             86      0.12   12.5   0.0   1   1   6.5e-06      0.13   12.3   0.0   105   137    49    82    26    85 0.74 PMP-22/EMP/MP20/Claudin family
MTA_R1               PF17226.6     78 >LH00406:11:22GHGVLT3:1:1101:19141:13850 -             88     0.085   13.3   0.1   1   1   5.9e-06      0.12   12.8   0.1    15    40    10    35     8    38 0.92 MTA R1 domain
DHquinase_I          PF01487.19   230 >LH00406:11:22GHGVLT3:1:1101:37679:13866 -             61   1.2e-07   32.2   0.1   1   1   6.5e-12   1.3e-07   32.1   0.1     1    42    12    52    12    60 0.86 Type I 3-dehydroquinase
5_nucleotid_C        PF02872.22   156 >LH00406:11:22GHGVLT3:1:1101:39861:13866 -             76   1.3e-11   44.9   0.0   1   1   6.6e-16   1.4e-11   44.9   0.0    41    89     2    48     1    70 0.87 5'-nucleotidase, C-terminal domain
Phage_integrase      PF00589.26   172 >LH00406:11:22GHGVLT3:1:1101:52196:13866 -             76      0.11   12.4   0.1   1   1   6.9e-06      0.14   12.1   0.1   149   168     4    23     1    27 0.84 Phage integrase family
CarbopepD_reg_2      PF13715.10    88 >LH00406:11:22GHGVLT3:1:1101:35201:13898 -             85     1e-09   38.5   0.0   1   1   1.3e-13   1.3e-09   38.1   0.0    23    88     1    58     1    58 0.87 CarboxypepD_reg-like domain
CarboxypepD_reg      PF13620.10    82 >LH00406:11:22GHGVLT3:1:1101:35201:13898 -             85   0.00049   20.6   0.0   1   2   6.9e-07    0.0072   16.9   0.0    27    65     1    37     1    44 0.86 Carboxypeptidase regulatory-like domain
CarboxypepD_reg      PF13620.10    82 >LH00406:11:22GHGVLT3:1:1101:35201:13898 -             85   0.00049   20.6   0.0   2   2     0.029     3e+02    2.1   0.0     6    35    45    71    43    79 0.78 Carboxypeptidase regulatory-like domain
Glyco_transf_4       PF13439.10   170 >LH00406:11:22GHGVLT3:1:1101:22636:13914 -             52     0.015   15.5   0.0   1   1   1.6e-06     0.017   15.3   0.0   125   162     5    40     2    42 0.90 Glycosyltransferase Family 4
Glyco_trans_4_4      PF13579.10   158 >LH00406:11:22GHGVLT3:1:1101:22636:13914 -             52     0.025   15.1   0.0   1   1   2.4e-06     0.025   15.1   0.0   119   155     5    40     1    42 0.84 Glycosyl transferase 4-like domain
Cofac_haem_bdg       PF04187.17   213 >LH00406:11:22GHGVLT3:1:1101:38243:13946 -             64   2.4e-16   60.6   0.1   1   1   2.5e-20   2.6e-16   60.4   0.1    14    81     1    64     1    64 0.94 Haem-binding uptake, Tiki superfamily, ChaN
Jnk-SapK_ap_N        PF09744.13   150 >LH00406:11:22GHGVLT3:1:1101:38243:13946 -             64     0.061   13.9   0.1   1   1   7.1e-06     0.074   13.6   0.1    35    81    14    60    10    62 0.92 JNK_SAPK-associated protein-1
LRR_12               PF18837.5     30 >LH00406:11:22GHGVLT3:1:1101:23708:14010 -             78     0.023   14.5   0.1   1   1   2.2e-06     0.047   13.6   0.1     1    14    32    45    32    47 0.94 Leucine-rich repeat
RmlD_sub_bind        PF04321.21   287 >LH00406:11:22GHGVLT3:1:1101:44411:14058 -             89   8.5e-22   77.7   0.0   1   1   4.3e-26   8.9e-22   77.7   0.0   203   285     4    86     1    88 0.95 RmlD substrate binding domain
Sprouty              PF05210.17   116 >LH00406:11:22GHGVLT3:1:1101:47425:14058 -             55      0.21   12.2   0.4   1   1     9e-06      0.19   12.3   0.4    78   105    25    52     4    55 0.81 Sprouty protein (Spry)
Radical_SAM          PF04055.25   167 >LH00406:11:22GHGVLT3:1:1101:49108:14058 -             79     0.062   13.7   2.0   1   2      0.15   3.1e+03   -1.6   0.0    36    36    35    35    10    54 0.59 Radical SAM superfamily
Radical_SAM          PF04055.25   167 >LH00406:11:22GHGVLT3:1:1101:49108:14058 -             79     0.062   13.7   2.0   2   2   3.6e-06     0.076   13.4   1.2     2    19    58    75    57    79 0.85 Radical SAM superfamily
Methyltransf_2       PF00891.22   210 >LH00406:11:22GHGVLT3:1:1101:44540:14122 -             84    0.0069   15.9   0.0   1   1     4e-07    0.0084   15.7   0.0   129   195     5    73     3    81 0.86 O-methyltransferase domain
Radical_SAM          PF04055.25   167 >LH00406:11:22GHGVLT3:1:1101:2951:14218 -             60    0.0039   17.6   1.0   1   1     2e-07    0.0041   17.5   1.0     1    19    33    51    33    60 0.81 Radical SAM superfamily
Nup54_57_C           PF18570.5     29 >LH00406:11:22GHGVLT3:1:1101:40610:14266 -             57       9.3    6.2   6.8   1   3    0.0026        54    3.7   0.3    17    27     2    12     1    12 0.88 NUP57/Nup54 C-terminal domain
Nup54_57_C           PF18570.5     29 >LH00406:11:22GHGVLT3:1:1101:40610:14266 -             57       9.3    6.2   6.8   2   3    0.0038        79    3.2   0.6    14    20    14    20    13    22 0.89 NUP57/Nup54 C-terminal domain
Nup54_57_C           PF18570.5     29 >LH00406:11:22GHGVLT3:1:1101:40610:14266 -             57       9.3    6.2   6.8   3   3     0.012   2.4e+02    1.6   0.0    18    25    36    43    35    45 0.88 NUP57/Nup54 C-terminal domain
SWIRM-assoc_3        PF16498.9     67 >LH00406:11:22GHGVLT3:1:1101:40888:14266 -             80      0.24   11.8   0.1   1   2   8.1e-05       1.7    9.1   0.0    31    65    26    58    21    60 0.77 SWIRM-associated domain at the C-terminal
SWIRM-assoc_3        PF16498.9     67 >LH00406:11:22GHGVLT3:1:1101:40888:14266 -             80      0.24   11.8   0.1   2   2     0.035   7.3e+02    0.7   0.0    18    33    65    80    63    80 0.91 SWIRM-associated domain at the C-terminal
DUF6422              PF19986.3     94 >LH00406:11:22GHGVLT3:1:1101:50171:14266 -             52      0.06   13.7   0.2   1   1     3e-06     0.062   13.7   0.2     4    39     5    40     2    48 0.83 Family of unknown function (DUF6422)
ACR_tran             PF00873.23  1021 >LH00406:11:22GHGVLT3:1:1101:27962:14298 -             80   1.7e-10   39.5   0.0   1   1   8.9e-15   1.8e-10   39.4   0.0   510   587     3    80     1    80 0.96 AcrB/AcrD/AcrF family
HTH_WhiA             PF02650.18    84 >LH00406:11:22GHGVLT3:1:1101:17282:14314 -             67       0.2   12.3   0.0   1   1   1.2e-05      0.24   12.0   0.0    63    84    12    33     4    33 0.83 WhiA C-terminal HTH domain
DUF6171              PF19668.3     80 >LH00406:11:22GHGVLT3:1:1101:22026:14330 -             62     0.022   15.4   0.1   1   1   1.2e-06     0.025   15.1   0.1     6    43    23    61    17    62 0.83 Family of unknown function (DUF6171)
TilS                 PF09179.15    68 >LH00406:11:22GHGVLT3:1:1101:29265:14347 -             71     0.064   13.7   0.0   1   1     4e-06     0.084   13.4   0.0    19    54    20    55    20    57 0.93 TilS substrate binding domain
RIFIN                PF02009.20   327 >LH00406:11:22GHGVLT3:1:1101:21841:14363 -             78       9.1    6.3   5.4   1   1   0.00053        11    6.0   5.4   278   308    14    43     4    44 0.77 Rifin
FSAP_sig_propep      PF03032.19    46 >LH00406:11:22GHGVLT3:1:1101:37920:14379 -             61       1.1    9.6   4.3   1   1   7.1e-05       1.5    9.1   4.3     7    21    23    37    22    38 0.95 Frog skin active peptide family signal and propeptide
DUF2226              PF09987.13   252 >LH00406:11:22GHGVLT3:1:1101:16053:14395 -             78       1.2    8.8  11.4   1   1   6.3e-05       1.3    8.6  11.4   123   164    14    73     2    78 0.83 Uncharacterized protein conserved in archaea (DUF2226)
Alpha-amylase        PF00128.28   334 >LH00406:11:22GHGVLT3:1:1101:1869:14427 -             82   3.9e-07   30.2   0.0   1   1   4.4e-11   4.6e-07   29.9   0.0    29    79    14    72     5    81 0.79 Alpha amylase, catalytic domain
GHL5                 PF14872.10   809 >LH00406:11:22GHGVLT3:1:1101:1869:14427 -             82    0.0082   14.5   0.0   1   1     8e-07    0.0083   14.5   0.0   274   335    10    70     3    82 0.78 Hypothetical glycoside hydrolase 5
Mfa_like_1           PF13149.10   247 >LH00406:11:22GHGVLT3:1:1101:37994:14443 -             78   2.1e-09   38.0   0.5   1   1   1.1e-13   2.2e-09   37.9   0.5   122   197     1    76     1    78 0.85 Fimbrillin-like
Transposon_TraM      PF12508.12   194 >LH00406:11:22GHGVLT3:1:1101:51659:14443 -             57   1.5e-16   60.8   0.1   1   1   7.1e-21   1.5e-16   60.8   0.1    99   150     2    53     1    57 0.92 Conjugative transposon, TraM
ABC_membrane         PF00664.27   274 >LH00406:11:22GHGVLT3:1:1101:16802:14507 -             77     0.007   16.3   1.1   1   1   1.1e-06    0.0079   16.1   1.1   122   194     2    74     1    75 0.90 ABC transporter transmembrane region
Cytomega_TRL10       PF06084.15   149 >LH00406:11:22GHGVLT3:1:1101:16802:14507 -             77     0.035   14.3   0.1   1   1   5.6e-06     0.039   14.2   0.1    52    86    15    51     8    73 0.81 Cytomegalovirus TRL10 protein
LapA_dom             PF06305.15    64 >LH00406:11:22GHGVLT3:1:1101:16802:14507 -             77      0.24   11.5   2.7   1   2       0.5   3.5e+03   -1.8   0.0    18    30     5    17     2    19 0.59 Lipopolysaccharide assembly protein A domain
LapA_dom             PF06305.15    64 >LH00406:11:22GHGVLT3:1:1101:16802:14507 -             77      0.24   11.5   2.7   2   2   4.6e-05      0.32   11.1   2.3    20    50    20    49     8    62 0.84 Lipopolysaccharide assembly protein A domain
TRPM_tetra           PF16519.9     56 >LH00406:11:22GHGVLT3:1:1101:43920:14523 -             88    0.0046   17.3   2.5   1   2      0.39   5.4e+02    1.0   0.1    14    28     9    23     4    36 0.76 Tetramerisation domain of TRPM
TRPM_tetra           PF16519.9     56 >LH00406:11:22GHGVLT3:1:1101:43920:14523 -             88    0.0046   17.3   2.5   2   2   6.4e-06    0.0089   16.4   0.3     7    37    39    69    36    75 0.94 Tetramerisation domain of TRPM
DUF4407              PF14362.10   297 >LH00406:11:22GHGVLT3:1:1101:43920:14523 -             88    0.0072   15.9   0.5   1   1     6e-06    0.0083   15.7   0.5   180   252    10    83     3    86 0.87 Domain of unknown function (DUF4407)
BLOC1_2              PF10046.13    96 >LH00406:11:22GHGVLT3:1:1101:43920:14523 -             88     0.017   15.7   6.9   1   2     0.011        15    6.2   0.8    39    72     2    35     1    37 0.91 Biogenesis of lysosome-related organelles complex-1 subunit 2
BLOC1_2              PF10046.13    96 >LH00406:11:22GHGVLT3:1:1101:43920:14523 -             88     0.017   15.7   6.9   2   2   4.3e-05      0.06   13.9   1.5    28    68    35    75    33    77 0.88 Biogenesis of lysosome-related organelles complex-1 subunit 2
NPV_P10              PF05531.16    75 >LH00406:11:22GHGVLT3:1:1101:43920:14523 -             88     0.022   15.4   2.9   1   1   2.6e-05     0.037   14.7   2.4    10    66    13    65     2    73 0.86 Nucleopolyhedrovirus P10 protein
APG6_N               PF17675.5    132 >LH00406:11:22GHGVLT3:1:1101:43920:14523 -             88     0.022   15.4   5.4   1   1     2e-05     0.028   15.0   5.4    16    82    14    77     9    79 0.90 Apg6 coiled-coil region
DUF2203              PF09969.13   123 >LH00406:11:22GHGVLT3:1:1101:43920:14523 -             88     0.031   15.2   0.5   1   1   2.5e-05     0.035   15.0   0.5    15    89     2    85     1    88 0.49 Uncharacterized conserved protein (DUF2203)
COG4_N               PF20663.1    107 >LH00406:11:22GHGVLT3:1:1101:43920:14523 -             88     0.054   13.7   1.7   1   1     5e-05     0.069   13.4   1.7     4    59    16    70    13    80 0.81 Conserved oligomeric Golgi complex subunit 4, N-terminal
YnfE                 PF17452.6     78 >LH00406:11:22GHGVLT3:1:1101:43920:14523 -             88     0.072   13.6   2.4   1   1   8.3e-05      0.12   12.9   2.4    20    58     7    48     4    59 0.80 Uncharacterized YnfE-like
DUF4140              PF13600.10    99 >LH00406:11:22GHGVLT3:1:1101:43920:14523 -             88       0.2   12.3   3.2   1   1   0.00026      0.36   11.5   3.2    52    99    28    74     2    77 0.77 N-terminal domain of unknown function (DUF4140)
IFT57                PF10498.13   360 >LH00406:11:22GHGVLT3:1:1101:43920:14523 -             88      0.32   10.1   7.5   1   1   0.00027      0.37    9.9   7.5   244   311     1    70     1    77 0.63 Intra-flagellar transport protein 57
XhlA                 PF10779.13    67 >LH00406:11:22GHGVLT3:1:1101:43920:14523 -             88      0.35   11.3   5.8   1   2     0.038        52    4.3   1.2     8    32    15    42     2    45 0.70 Haemolysin XhlA
XhlA                 PF10779.13    67 >LH00406:11:22GHGVLT3:1:1101:43920:14523 -             88      0.35   11.3   5.8   2   2   0.00046      0.63   10.5   1.2    10    40    40    70    37    77 0.85 Haemolysin XhlA
TMPIT                PF07851.17   324 >LH00406:11:22GHGVLT3:1:1101:43920:14523 -             88      0.37   10.2   3.8   1   1    0.0003      0.42   10.0   3.8     6    66    11    70     6    79 0.77 TMPIT-like protein
FliD_N               PF02465.22    97 >LH00406:11:22GHGVLT3:1:1101:43920:14523 -             88      0.78   10.6   7.7   1   1    0.0079        11    6.9   7.7    16    64    26    71     1    80 0.58 Flagellar hook-associated protein 2 N-terminus
DUF1664              PF07889.16   124 >LH00406:11:22GHGVLT3:1:1101:43920:14523 -             88       0.8   10.0   4.2   1   1   0.00076       1.1    9.6   4.2    49   120     1    74     1    77 0.74 Protein of unknown function (DUF1664)
FapA                 PF03961.17   272 >LH00406:11:22GHGVLT3:1:1101:43920:14523 -             88       1.5    8.6   5.8   1   1    0.0012       1.6    8.4   5.8   161   225     9    70     1    78 0.51 Flagellar Assembly Protein A beta solenoid domain
Usp                  PF00582.30   141 >LH00406:11:22GHGVLT3:1:1101:7075:14539 -             86   1.6e-07   32.1   0.1   1   1   7.6e-12   1.6e-07   32.1   0.1    62   118    29    85     1    86 0.77 Universal stress protein family
DUF6402              PF19940.3    281 >LH00406:11:22GHGVLT3:1:1101:8942:14539 -             74      0.27   10.6   0.1   1   1   1.5e-05      0.32   10.3   0.1   251   271    48    68    44    73 0.83 Family of unknown function (DUF6402)
DDE_Tnp_IS66         PF03050.18   285 >LH00406:11:22GHGVLT3:1:1101:42330:14555 -             57   3.3e-12   46.7   0.1   1   1   3.2e-16   3.4e-12   46.6   0.1   239   284     3    48     1    49 0.94 Transposase IS66 family
PAS_8                PF13188.11    65 >LH00406:11:22GHGVLT3:1:1101:42330:14555 -             57     0.068   13.3   0.1   1   1   7.5e-06     0.078   13.1   0.1    14    37    10    31    10    53 0.76 PAS domain
DUF4458              PF14660.10   110 >LH00406:11:22GHGVLT3:1:1101:1527:14571 -             49   9.6e-08   32.3   0.0   1   1   1.1e-11   1.2e-07   32.0   0.0     1    33    19    49    19    49 0.98 Domain of unknown function (DUF4458)
DVNP                 PF19060.4     77 >LH00406:11:22GHGVLT3:1:1101:1527:14571 -             49       0.1   13.3   0.2   1   1   1.3e-05      0.14   12.8   0.2    17    33     4    22     2    42 0.77 DVNP family
YitT_membrane        PF02588.19   206 >LH00406:11:22GHGVLT3:1:1101:40046:14635 -             39   1.7e-06   27.7   1.7   1   1   8.4e-11   1.7e-06   27.7   1.7    13    50     2    39     1    39 0.96 Uncharacterised 5xTM membrane BCR, YitT family COG1284
Peptidase_M24        PF00557.28   208 >LH00406:11:22GHGVLT3:1:1101:19834:14667 -             63   3.2e-09   37.1   0.0   1   1   1.6e-13   3.4e-09   37.0   0.0    86   146     3    62     1    63 0.96 Metallopeptidase family M24
ACR_tran             PF00873.23  1021 >LH00406:11:22GHGVLT3:1:1101:35248:14683 -             53   3.6e-06   25.2   0.0   1   1   1.8e-10   3.8e-06   25.1   0.0   675   725     2    52     1    53 0.95 AcrB/AcrD/AcrF family
RVT_1                PF00078.31   205 >LH00406:11:22GHGVLT3:1:1101:46768:14715 -             62     0.058   13.3   0.0   1   1   2.8e-06     0.059   13.3   0.0   165   200     5    43     2    58 0.86 Reverse transcriptase (RNA-dependent DNA polymerase)
Exo_endo_phos_3      PF19580.3    311 >LH00406:11:22GHGVLT3:1:1101:50596:14715 -             76     1e-14   54.5   0.0   1   1   5.2e-19   1.1e-14   54.4   0.0    36   103     3    76     1    76 0.92 Endonuclease/Exonuclease/phosphatase family
Orexin_rec2          PF03827.17    57 >LH00406:11:22GHGVLT3:1:1101:2470:14731 -             73       0.1   12.8   0.0   1   1   8.3e-06      0.17   12.1   0.0    35    54     5    24     2    26 0.90 Orexin receptor type 2
FIST_C               PF10442.13   132 >LH00406:11:22GHGVLT3:1:1101:18281:14731 -             53     8e-07   29.4   0.0   1   1     4e-11   8.3e-07   29.4   0.0    60   108     1    51     1    53 0.92 FIST C domain
SdpA                 PF17418.6    142 >LH00406:11:22GHGVLT3:1:1101:42691:14731 -             68      0.14   12.1   0.0   1   1   7.6e-06      0.16   11.9   0.0    68   111     3    41     1    42 0.93 Sporulation delaying protein SdpA
DDE_Tnp_1_6          PF13751.10   125 >LH00406:11:22GHGVLT3:1:1101:31512:14747 -             40   2.2e-07   31.4   0.0   1   1   1.1e-11   2.3e-07   31.3   0.0    89   124     1    36     1    37 0.97 Transposase DDE domain
NUDIX_4              PF14815.10   113 >LH00406:11:22GHGVLT3:1:1101:47693:14747 -             43   0.00083   19.3   0.0   1   1     4e-08   0.00083   19.3   0.0    14    36     1    21     1    43 0.68 NUDIX domain
DUF4143              PF13635.10   120 >LH00406:11:22GHGVLT3:1:1101:35312:14795 -             79      0.11   12.7   0.0   1   1   6.9e-06      0.14   12.3   0.0    79   109     4    34     1    41 0.74 Domain of unknown function (DUF4143)
Leader_Trp           PF08255.15    14 >LH00406:11:22GHGVLT3:1:1101:33472:14811 -             68       0.2   11.9   1.0   1   5       0.3   6.2e+03   -2.0   0.5    11    13     4     6     4     6 0.90 Trp-operon Leader Peptide
Leader_Trp           PF08255.15    14 >LH00406:11:22GHGVLT3:1:1101:33472:14811 -             68       0.2   11.9   1.0   2   5         1   2.1e+04   -4.5   0.6    11    12    12    13    12    13 0.82 Trp-operon Leader Peptide
Leader_Trp           PF08255.15    14 >LH00406:11:22GHGVLT3:1:1101:33472:14811 -             68       0.2   11.9   1.0   3   5      0.15   3.1e+03   -1.1   1.3    10    11    45    46    43    47 0.83 Trp-operon Leader Peptide
Leader_Trp           PF08255.15    14 >LH00406:11:22GHGVLT3:1:1101:33472:14811 -             68       0.2   11.9   1.0   4   5   9.5e-06       0.2   11.9   1.0     5    11    53    59    52    60 0.92 Trp-operon Leader Peptide
Leader_Trp           PF08255.15    14 >LH00406:11:22GHGVLT3:1:1101:33472:14811 -             68       0.2   11.9   1.0   5   5      0.42   8.8e+03   -2.5   0.1     7    10    62    65    62    65 0.79 Trp-operon Leader Peptide
MacB_PCD             PF12704.11   208 >LH00406:11:22GHGVLT3:1:1101:39584:14827 -             82     0.099   13.1   1.6   1   1   5.5e-06      0.11   12.9   1.6     1    34    42    75    42    81 0.88 MacB-like periplasmic core domain
SIS                  PF01380.26   131 >LH00406:11:22GHGVLT3:1:1101:49274:14827 -             79      0.16   12.0   0.0   1   1   8.7e-06      0.18   11.8   0.0    79   129     1    51     1    53 0.94 SIS domain
DUF2706              PF10913.12    59 >LH00406:11:22GHGVLT3:1:1101:15147:14843 -             87     0.044   13.8   0.2   1   1   4.3e-06      0.09   12.8   0.2     5    53    21    69    19    73 0.89 Protein of unknown function (DUF2706)
DUF4350              PF14258.10   181 >LH00406:11:22GHGVLT3:1:1101:15627:14875 -             72   5.1e-07   30.3   0.0   1   1   2.6e-11   5.5e-07   30.2   0.0   148   180    25    62     4    63 0.79 Domain of unknown function (DUF4350)
RloB                 PF13707.10   192 >LH00406:11:22GHGVLT3:1:1101:22599:14875 -             70     0.003   18.0   0.0   1   1   4.3e-07    0.0045   17.4   0.0     1    26    38    63    38    68 0.88 RloB-like protein
Stb3                 PF10330.13    90 >LH00406:11:22GHGVLT3:1:1101:22599:14875 -             70       0.1   12.8   0.1   1   1   1.3e-05      0.13   12.5   0.1    32    66    21    53    10    56 0.83 Putative Sin3 binding protein
zinc-ribbons_6       PF07191.16    67 >LH00406:11:22GHGVLT3:1:1101:23829:14955 -             87     0.026   14.7   0.9   1   1   5.5e-06     0.038   14.2   0.9    12    43     8    39     3    44 0.88 zinc-ribbons
Fer4_4               PF12800.11    17 >LH00406:11:22GHGVLT3:1:1101:23829:14955 -             87     0.065   13.9   3.4   1   1   1.6e-05      0.11   13.2   3.4     1    16    15    30    15    36 0.93 4Fe-4S binding domain
HTH_33               PF13592.10    60 >LH00406:11:22GHGVLT3:1:1101:23829:14955 -             87     0.097   12.5   0.0   1   1   2.9e-05       0.2   11.5   0.0    10    27     1    18     1    20 0.89 Winged helix-turn helix
ACR_tran             PF00873.23  1021 >LH00406:11:22GHGVLT3:1:1101:38955:14955 -             44   2.7e-06   25.6   0.0   1   1   1.3e-10   2.7e-06   25.6   0.0   225   265     2    43     1    44 0.94 AcrB/AcrD/AcrF family
Peptidase_S8_N       PF16361.9    142 >LH00406:11:22GHGVLT3:1:1101:44004:14955 -             85    0.0002   22.1   0.1   1   1   1.3e-08   0.00028   21.6   0.1   116   142     9    36     2    36 0.67 N-terminal of Subtilase family
ABC_tran             PF00005.31   137 >LH00406:11:22GHGVLT3:1:1101:24032:15051 -             76   1.3e-08   35.7   0.1   1   2   9.7e-12   2.9e-08   34.7   0.0   109   135     2    28     1    30 0.96 ABC transporter
ABC_tran             PF00005.31   137 >LH00406:11:22GHGVLT3:1:1101:24032:15051 -             76   1.3e-08   35.7   0.1   2   2       1.5   4.5e+03   -1.6   0.0    93    93    48    48    33    73 0.50 ABC transporter
SMC_N                PF02463.23   220 >LH00406:11:22GHGVLT3:1:1101:24032:15051 -             76   0.00077   19.1   0.0   1   1   2.7e-07    0.0008   19.1   0.0   137   208     2    70     1    76 0.80 RecF/RecN/SMC N terminal domain
DEAD                 PF00270.33   166 >LH00406:11:22GHGVLT3:1:1101:24032:15051 -             76    0.0013   18.7   0.0   1   1   4.9e-07    0.0014   18.6   0.0   105   156     7    57     3    67 0.84 DEAD/DEAH box helicase
AAA_21               PF13304.10   304 >LH00406:11:22GHGVLT3:1:1101:24032:15051 -             76    0.0024   18.0   0.0   1   1   8.8e-07    0.0026   17.9   0.0   249   302    13    63     2    65 0.76 AAA domain, putative AbiEii toxin, Type IV TA system
AAA_33               PF13671.10   143 >LH00406:11:22GHGVLT3:1:1101:24032:15051 -             76     0.033   14.6   0.0   1   1   1.4e-05      0.04   14.4   0.0    62   115    12    67     5    69 0.80 AAA domain
DNA_pol3_delta       PF06144.17   174 >LH00406:11:22GHGVLT3:1:1101:24032:15051 -             76     0.052   13.5   0.1   1   1     2e-05     0.059   13.3   0.1    56   112    18    68    10    74 0.84 DNA polymerase III, delta subunit
SbcC_Walker_B        PF13558.10    90 >LH00406:11:22GHGVLT3:1:1101:24032:15051 -             76      0.15   12.4   0.0   1   1   0.00016      0.47   10.9   0.0    62    89    18    45     1    46 0.88 SbcC/RAD50-like, Walker B motif
Ku_C                 PF03730.18    91 >LH00406:11:22GHGVLT3:1:1101:22913:15068 -             72      0.17   12.7   0.0   1   1   9.8e-06       0.2   12.4   0.0    15    53     6    48     3    60 0.84 Ku70/Ku80 C-terminal arm
WS_DGAT_C            PF06974.17   144 >LH00406:11:22GHGVLT3:1:1101:9100:15100 -             50     0.087   13.0   0.0   1   1   4.8e-06       0.1   12.8   0.0   101   126    24    49    19    50 0.88 WS/DGAT C-terminal domain
FBPase_2             PF06874.15   639 >LH00406:11:22GHGVLT3:1:1101:19178:15100 -             79   1.3e-31  109.8   0.4   1   1   6.7e-36   1.4e-31  109.7   0.4   110   188     1    79     1    79 0.99 Firmicute fructose-1,6-bisphosphatase
DNA_pol3_beta        PF00712.23   120 >LH00406:11:22GHGVLT3:1:1101:35858:15100 -             77   2.4e-05   24.7   0.0   1   1   2.8e-09   2.9e-05   24.4   0.0    35    99     3    66     2    76 0.84 DNA polymerase III beta subunit, N-terminal domain
DUF5887              PF19234.3    136 >LH00406:11:22GHGVLT3:1:1101:35858:15100 -             77     0.052   13.7   0.0   1   1   5.9e-06     0.061   13.5   0.0    19    76     6    63     3    75 0.70 Family of unknown function (DUF5887)
AAA_lid_9            PF17871.5    104 >LH00406:11:22GHGVLT3:1:1101:51003:15100 -             70   5.2e-29  100.4   0.1   1   1   2.7e-33   5.6e-29  100.3   0.1     8    77     1    70     1    70 0.98 AAA lid domain
CobA_CobO_BtuR       PF02572.19   172 >LH00406:11:22GHGVLT3:1:1101:8887:15116 -             84     3e-11   44.0   0.0   1   1   1.6e-15   3.3e-11   43.9   0.0    40   120     1    83     1    84 0.90 ATP:corrinoid adenosyltransferase BtuR/CobO/CobP
Glyco_hydro_2        PF00703.25   109 >LH00406:11:22GHGVLT3:1:1101:41859:15116 -             79   2.9e-12   47.5   0.0   1   1   3.2e-16   6.6e-12   46.4   0.0    45   109    10    73     1    73 0.64 Glycosyl hydrolases family 2
fn3                  PF00041.25    85 >LH00406:11:22GHGVLT3:1:1101:11762:15132 -             75   7.5e-07   29.6   0.2   1   1   2.5e-10   8.8e-07   29.3   0.2    31    83    19    69     3    70 0.88 Fibronectin type III domain
Interfer-bind        PF09294.14   104 >LH00406:11:22GHGVLT3:1:1101:11762:15132 -             75     4e-05   24.0   1.3   1   1   1.3e-08   4.6e-05   23.8   1.3    32    89     9    66     2    74 0.78 Interferon-alpha/beta receptor, fibronectin type III
Pur_ac_phosph_N      PF16656.9     93 >LH00406:11:22GHGVLT3:1:1101:11762:15132 -             75   5.8e-05   23.8   1.6   1   1     2e-08   6.8e-05   23.6   1.6    28    82     8    63     2    72 0.77 Purple acid Phosphatase, N-terminal domain
CRLF2-like_D2        PF21605.1     94 >LH00406:11:22GHGVLT3:1:1101:11762:15132 -             75    0.0013   19.0   0.6   1   1   6.5e-07    0.0022   18.2   0.6    29    83    20    74     1    75 0.70 Cytokine receptor-like factor 2-like, D2 domain
NDNF                 PF10179.13   127 >LH00406:11:22GHGVLT3:1:1101:11762:15132 -             75    0.0014   18.9   0.2   1   1     4e-07    0.0014   18.9   0.2    85   119    38    72     2    75 0.80 Neuron-derived neurotrophic factor, first Fn(III) domain
Big_5                PF13205.10   105 >LH00406:11:22GHGVLT3:1:1101:11762:15132 -             75     0.034   15.1   0.5   1   1   1.1e-05     0.037   14.9   0.5    42    94    19    70     6    75 0.72 Bacterial Ig-like domain
DUF2023              PF09633.14   101 >LH00406:11:22GHGVLT3:1:1101:39297:15132 -             81   0.00064   20.0   0.2   1   1     4e-08   0.00083   19.6   0.2    86   101     1    16     1    16 0.96 Protein of unknown function (DUF2023)
Ala_racemase_C       PF00842.25   127 >LH00406:11:22GHGVLT3:1:1101:25336:15164 -             73   8.2e-32  109.7   0.1   1   1   4.3e-36   8.9e-32  109.6   0.1     4    76     1    73     1    73 0.99 Alanine racemase, C-terminal domain
HAD_2                PF13419.10   178 >LH00406:11:22GHGVLT3:1:1101:50208:15164 -             37   2.7e-06   27.8   0.0   1   1     8e-10   2.8e-06   27.8   0.0    75   104     3    33     1    36 0.89 Haloacid dehalogenase-like hydrolase
Hydrolase            PF00702.30   191 >LH00406:11:22GHGVLT3:1:1101:50208:15164 -             37   4.4e-06   27.4   0.0   1   1   1.3e-09   4.5e-06   27.4   0.0    95   125     5    35     2    37 0.92 haloacid dehalogenase-like hydrolase
Hydrolase_6          PF13344.10   101 >LH00406:11:22GHGVLT3:1:1101:50208:15164 -             37   0.00012   22.3   0.0   1   1   3.8e-08   0.00013   22.1   0.0    12    39     6    33     3    35 0.93 Haloacid dehalogenase-like hydrolase
TFA2_Winged_2        PF18121.5     60 >LH00406:11:22GHGVLT3:1:1101:50208:15164 -             37     0.019   14.8   0.0   1   1   6.2e-06     0.022   14.7   0.0    27    49    10    33     7    35 0.91 TFA2 Winged helix domain 2
Aldo_ket_red         PF00248.25   291 >LH00406:11:22GHGVLT3:1:1101:50208:15164 -             37      0.15   11.3   0.0   1   1   4.4e-05      0.15   11.3   0.0   108   132     1    25     1    33 0.91 Aldo/keto reductase family
HAD                  PF12710.11   189 >LH00406:11:22GHGVLT3:1:1101:50208:15164 -             37      0.22   12.1   0.0   1   1   6.4e-05      0.22   12.1   0.0    87   112    10    35     2    37 0.85 haloacid dehalogenase-like hydrolase
OMP_b-brl_3          PF14905.10   408 >LH00406:11:22GHGVLT3:1:1101:12530:15180 -             60   3.3e-09   36.5   1.2   1   1   3.4e-13   3.5e-09   36.4   1.2    62   120     1    60     1    60 0.95 Outer membrane protein beta-barrel family
DUF2969              PF11184.12    71 >LH00406:11:22GHGVLT3:1:1101:12530:15180 -             60      0.16   12.7   0.0   1   1   1.6e-05      0.17   12.6   0.0    22    68     9    58     3    59 0.83 Protein of unknown function (DUF2969)
Plug                 PF07715.19   107 >LH00406:11:22GHGVLT3:1:1101:9654:15196 -             82      0.05   14.3   0.2   1   1   6.7e-06      0.07   13.9   0.2    27   100     3    64     1    70 0.84 TonB-dependent Receptor Plug Domain
DUF3391              PF11871.12   136 >LH00406:11:22GHGVLT3:1:1101:9654:15196 -             82      0.13   13.0   0.0   1   1   1.4e-05      0.14   12.8   0.0    26    58    27    60    21    80 0.83 Domain of unknown function (DUF3391)
PH_10                PF15411.10   122 >LH00406:11:22GHGVLT3:1:1101:14555:15196 -             40     0.011   16.2   0.0   1   1   5.4e-07     0.011   16.2   0.0    24    42     5    28     2    38 0.78 Pleckstrin homology domain
TMEMspv1-c74-12      PF11044.12    49 >LH00406:11:22GHGVLT3:1:1101:22571:15212 -             55      0.16   12.3   0.3   1   1   1.1e-05      0.23   11.8   0.3    14    29    12    27     4    30 0.87 Plectrovirus spv1-c74 ORF 12 transmembrane protein
Pyr_redox_2          PF07992.18   291 >LH00406:11:22GHGVLT3:1:1101:17319:15244 -             53   1.8e-05   24.5   0.0   1   1     9e-10   1.9e-05   24.5   0.0   223   271     3    53     1    53 0.91 Pyridine nucleotide-disulphide oxidoreductase
Med26                PF08711.15    52 >LH00406:11:22GHGVLT3:1:1101:30615:15244 -             72     0.037   14.1   1.6   1   1   3.2e-06     0.066   13.2   1.6     5    31    42    69    39    72 0.88 TFIIS helical bundle-like domain
Herpes_UL92          PF03048.18   191 >LH00406:11:22GHGVLT3:1:1101:39436:15244 -             58      0.15   12.1   3.5   1   1   6.7e-06      0.14   12.1   3.5    18    50    15    47     4    54 0.87 UL92 family
LRR_6                PF13516.10    24 >LH00406:11:22GHGVLT3:1:1101:50716:15276 -             80      0.07   13.4   0.5   1   4       0.2   2.1e+03   -0.6   0.0     3    12    13    22    11    24 0.77 Leucine Rich repeat
LRR_6                PF13516.10    24 >LH00406:11:22GHGVLT3:1:1101:50716:15276 -             80      0.07   13.4   0.5   2   4     0.048   4.9e+02    1.4   0.1     1    13    28    40    28    41 0.88 Leucine Rich repeat
LRR_6                PF13516.10    24 >LH00406:11:22GHGVLT3:1:1101:50716:15276 -             80      0.07   13.4   0.5   3   4    0.0012        12    6.4   0.1     1    13    39    51    39    52 0.90 Leucine Rich repeat
LRR_6                PF13516.10    24 >LH00406:11:22GHGVLT3:1:1101:50716:15276 -             80      0.07   13.4   0.5   4   4     0.018   1.8e+02    2.7   0.0     5    15    55    66    53    67 0.80 Leucine Rich repeat
LRR_1                PF00560.37    23 >LH00406:11:22GHGVLT3:1:1101:50716:15276 -             80      0.25   11.9   1.5   1   3       1.6   1.6e+04   -2.5   0.0     2     7    15    20    13    24 0.52 Leucine Rich Repeat
LRR_1                PF00560.37    23 >LH00406:11:22GHGVLT3:1:1101:50716:15276 -             80      0.25   11.9   1.5   2   3      0.22   2.3e+03    0.0   0.1     3    10    33    40    31    41 0.79 Leucine Rich Repeat
LRR_1                PF00560.37    23 >LH00406:11:22GHGVLT3:1:1101:50716:15276 -             80      0.25   11.9   1.5   3   3   0.00024       2.5    8.9   0.0     1    15    42    58    42    70 0.76 Leucine Rich Repeat
Herpes_LMP1          PF05297.15   386 >LH00406:11:22GHGVLT3:1:1101:51872:15324 -             48      0.12   11.8   1.1   1   1     6e-06      0.13   11.7   1.1   229   257     2    32     1    38 0.84 Herpesvirus latent membrane protein 1 (LMP1)
AKAP28               PF14469.10   121 >LH00406:11:22GHGVLT3:1:1101:18152:15340 -             71      0.12   12.3   0.0   1   1   6.8e-06      0.14   12.1   0.0    24    68     8    52     5    60 0.84 28 kDa A-kinase anchor
HU-HIG               PF18291.5    125 >LH00406:11:22GHGVLT3:1:1101:32224:15340 -             54   9.2e-06   25.9   0.0   1   1   4.7e-10   9.7e-06   25.8   0.0    89   125     7    44     1    44 0.89 HU domain fused to wHTH, Ig, or Glycine-rich motif
ExbD                 PF02472.20   128 >LH00406:11:22GHGVLT3:1:1101:48266:15388 -             79   0.00042   20.6   0.2   1   1   2.5e-08   0.00052   20.3   0.2     4    31    51    78    48    79 0.89 Biopolymer transport protein ExbD/TolR
SQS_PSY              PF00494.23   263 >LH00406:11:22GHGVLT3:1:1101:7528:15420 -             60      0.14   12.0   0.1   1   1   8.4e-06      0.18   11.7   0.1     8    29    30    51    28    54 0.93 Squalene/phytoene synthase
Omp85                PF01103.27   324 >LH00406:11:22GHGVLT3:1:1101:46140:15420 -             55     0.098   12.4   0.0   1   1   9.5e-06     0.098   12.4   0.0   277   305    15    49     2    55 0.73 Omp85 superfamily domain
RecQ-1-like_HTH      PF21220.1     51 >LH00406:11:22GHGVLT3:1:1101:46140:15420 -             55      0.19   12.1   0.0   1   1   2.4e-05      0.25   11.7   0.0    26    51    15    40    11    40 0.89 RecQ-1-like, helix-turn-helix domain
Siah-Interact_N      PF09032.15    78 >LH00406:11:22GHGVLT3:1:1101:48858:15452 -             66     0.049   14.1   0.0   1   1   5.8e-06      0.06   13.8   0.0     4    26    16    38    13    44 0.91 Siah interacting protein, N terminal
DUF1579              PF07617.15   155 >LH00406:11:22GHGVLT3:1:1101:48858:15452 -             66     0.086   12.9   0.2   1   1   8.8e-06     0.091   12.9   0.2    96   149     3    54     1    59 0.88 Protein of unknown function (DUF1579)
PPTA                 PF01239.26    32 >LH00406:11:22GHGVLT3:1:1101:21859:15484 -             74    0.0075   16.2   0.1   1   1   6.2e-07     0.013   15.5   0.1    14    31    30    47    29    48 0.90 Protein prenyltransferase alpha subunit repeat
PS_pyruv_trans       PF04230.17   281 >LH00406:11:22GHGVLT3:1:1101:35414:15484 -             36     0.051   13.7   0.0   1   1   2.4e-06     0.051   13.7   0.0   126   155     1    31     1    36 0.84 Polysaccharide pyruvyl transferase
SusD_RagB            PF07980.15   295 >LH00406:11:22GHGVLT3:1:1101:27388:15548 -             55   0.00064   19.7   0.6   1   1   3.2e-08   0.00066   19.6   0.6   273   295     7    30     1    30 0.86 SusD family
PMT_2                PF13231.10   160 >LH00406:11:22GHGVLT3:1:1101:50476:15596 -             64     0.016   15.6   1.6   1   1     8e-07     0.017   15.6   1.6    27    70     4    47     1    63 0.82 Dolichyl-phosphate-mannose-protein mannosyltransferase
Na_Pi_cotrans        PF02690.19   137 >LH00406:11:22GHGVLT3:1:1101:19677:15612 -             88    0.0006   20.0   1.8   1   1   3.7e-08   0.00076   19.7   1.8    28    75    27    74    23    76 0.91 Na+/Pi-cotransporter
Furin-like_2         PF15913.9    102 >LH00406:11:22GHGVLT3:1:1101:39344:15628 -             86     0.012   16.0   0.1   1   1   1.4e-06     0.014   15.8   0.1    28    74    26    71    16    84 0.83 Furin-like repeat, cysteine-rich
DUF6549              PF20186.2    167 >LH00406:11:22GHGVLT3:1:1101:39344:15628 -             86      0.11   12.6   0.0   1   1   1.1e-05      0.12   12.5   0.0    97   132    37    72    19    83 0.85 Family of unknown function (DUF6549)
LON_substr_bdg       PF02190.20   200 >LH00406:11:22GHGVLT3:1:1101:23755:15660 -             70   5.7e-12   46.2   0.0   1   1   2.9e-16     6e-12   46.2   0.0    46   111     4    70     1    70 0.87 ATP-dependent protease La (LON) substrate-binding domain
PGA_cap              PF09587.14   256 >LH00406:11:22GHGVLT3:1:1101:11291:15692 -             61   4.1e-11   43.1   0.0   1   1   2.1e-15   4.4e-11   43.0   0.0   179   232     8    61     2    61 0.91 Bacterial capsule synthesis protein PGA_cap
TAF8_C               PF10406.13    49 >LH00406:11:22GHGVLT3:1:1101:21850:15692 -             68     0.024   15.3   2.4   1   1   1.5e-06     0.032   14.9   2.4     6    23     3    20     1    34 0.78 Transcription factor TFIID complex subunit 8 C-term
Epimerase            PF01370.25   240 >LH00406:11:22GHGVLT3:1:1101:47869:15692 -             61   5.4e-11   42.6   0.0   1   1   8.3e-15   5.8e-11   42.5   0.0     6    78     1    60     1    61 0.96 NAD dependent epimerase/dehydratase family
RmlD_sub_bind        PF04321.21   287 >LH00406:11:22GHGVLT3:1:1101:47869:15692 -             61   9.6e-08   31.6   0.0   1   1   1.6e-11   1.1e-07   31.4   0.0     9    61     2    55     1    57 0.90 RmlD substrate binding domain
RELT                 PF12606.12    42 >LH00406:11:22GHGVLT3:1:1101:47869:15692 -             61     0.036   13.4   0.0   1   1   7.3e-06     0.051   12.9   0.0    14    30     3    19     1    30 0.89 Tumour necrosis factor receptor superfamily member 19
Epimerase            PF01370.25   240 >LH00406:11:22GHGVLT3:1:1101:5910:15724 -             61   5.4e-11   42.6   0.0   1   1   8.3e-15   5.8e-11   42.5   0.0     6    78     1    60     1    61 0.96 NAD dependent epimerase/dehydratase family
RmlD_sub_bind        PF04321.21   287 >LH00406:11:22GHGVLT3:1:1101:5910:15724 -             61   9.6e-08   31.6   0.0   1   1   1.6e-11   1.1e-07   31.4   0.0     9    61     2    55     1    57 0.90 RmlD substrate binding domain
RELT                 PF12606.12    42 >LH00406:11:22GHGVLT3:1:1101:5910:15724 -             61     0.036   13.4   0.0   1   1   7.3e-06     0.051   12.9   0.0    14    30     3    19     1    30 0.89 Tumour necrosis factor receptor superfamily member 19
MgsA_C               PF12002.12   167 >LH00406:11:22GHGVLT3:1:1101:5022:15756 -             89     7e-35  120.6   0.1   1   1   3.7e-39   7.7e-35  120.4   0.1    35   123     1    89     1    89 0.99 MgsA AAA+ ATPase C terminal
Rad17                PF03215.19   186 >LH00406:11:22GHGVLT3:1:1101:48608:15789 -             85     0.024   14.8   0.0   1   1   1.2e-06     0.024   14.8   0.0    48    99    28    80    13    85 0.77 Rad17 P-loop domain
NQRA                 PF05896.15   257 >LH00406:11:22GHGVLT3:1:1101:21471:15805 -             68   2.4e-17   63.5   0.0   1   1   2.4e-21   2.5e-17   63.5   0.0    61   128     2    67     1    68 0.96 Na(+)-translocating NADH-quinone reductase subunit A (NQRA)
DUF4165              PF13752.10   121 >LH00406:11:22GHGVLT3:1:1101:21471:15805 -             68     0.044   14.0   0.0   1   1   4.5e-06     0.047   13.9   0.0    20    53     3    37     1    61 0.73 Domain of unknown function (DUF4165)
Rhomboid             PF01694.26   148 >LH00406:11:22GHGVLT3:1:1101:47240:15821 -             85   2.4e-06   27.9   0.4   1   1   2.5e-10   2.6e-06   27.7   0.4   103   147     6    51     1    52 0.89 Rhomboid family
RseC_MucC            PF04246.16   130 >LH00406:11:22GHGVLT3:1:1101:47240:15821 -             85     0.047   13.8   0.1   1   1   6.1e-06     0.063   13.4   0.1    79   119     9    52     6    58 0.83 Positive regulator of sigma(E), RseC/MucC
Usp                  PF00582.30   141 >LH00406:11:22GHGVLT3:1:1101:5956:15837 -             86       0.1   13.3   0.0   1   1   6.6e-06      0.14   12.9   0.0    21    54     9    42     1    51 0.84 Universal stress protein family
DUF3843              PF12954.11   410 >LH00406:11:22GHGVLT3:1:1101:9377:15837 -             49   2.6e-06   27.0   0.3   1   1   1.6e-10   3.3e-06   26.6   0.3     1    22    28    49    28    49 0.97 Protein of unknown function (DUF3843)
Glyco_hydro_88       PF07470.17   352 >LH00406:11:22GHGVLT3:1:1101:12780:15837 -             57   2.4e-09   36.9   0.0   1   1   1.2e-13   2.5e-09   36.8   0.0   266   320     1    57     1    57 0.97 Glycosyl Hydrolase Family 88
Nrf1_DNA-bind        PF10491.13   213 >LH00406:11:22GHGVLT3:1:1101:47434:15837 -             78      0.19   11.6   0.0   1   1     1e-05      0.21   11.5   0.0    20    64    30    75    19    78 0.80 NLS-binding and DNA-binding and dimerisation domains of Nrf1
TgpA_N               PF11992.12   333 >LH00406:11:22GHGVLT3:1:1101:2341:15853 -             84   0.00086   18.6   0.0   1   1   4.4e-08   0.00091   18.5   0.0   215   252    44    78    28    84 0.83 TgpA N-terminal domain
UDPG_MGDP_dh         PF00984.23    94 >LH00406:11:22GHGVLT3:1:1101:9543:15901 -             41   4.3e-07   30.2   0.0   1   1   2.2e-11   4.5e-07   30.1   0.0    19    62     1    41     1    41 0.96 UDP-glucose/GDP-mannose dehydrogenase family, central domain
DUF1731              PF08338.15    47 >LH00406:11:22GHGVLT3:1:1101:28258:15901 -             57      0.19   11.7   0.1   1   1   1.2e-05      0.26   11.3   0.1    33    45    41    53    37    54 0.91 Domain of unknown function (DUF1731)
DUF4143              PF13635.10   120 >LH00406:11:22GHGVLT3:1:1101:30985:15917 -             71   1.9e-08   34.5   0.0   1   1   3.8e-12     2e-08   34.4   0.0    15    58    16    67     4    71 0.81 Domain of unknown function (DUF4143)
HTH_24               PF13412.10    48 >LH00406:11:22GHGVLT3:1:1101:30985:15917 -             71     0.045   13.5   0.0   1   1   1.4e-05     0.074   12.8   0.0    19    43     2    26     1    27 0.95 Winged helix-turn-helix DNA-binding
HTH_11               PF08279.16    55 >LH00406:11:22GHGVLT3:1:1101:30985:15917 -             71      0.14   12.2   0.0   1   1   4.5e-05      0.23   11.6   0.0    16    42     1    27     1    35 0.86 HTH domain
Sigma70_r4_2         PF08281.16    54 >LH00406:11:22GHGVLT3:1:1101:30985:15917 -             71      0.17   11.7   0.2   1   2   0.00073       3.8    7.4   0.0    28    47     2    21     1    22 0.93 Sigma-70, region 4
Sigma70_r4_2         PF08281.16    54 >LH00406:11:22GHGVLT3:1:1101:30985:15917 -             71      0.17   11.7   0.2   2   2     0.027   1.4e+02    2.4   0.0    41    52    38    49    33    50 0.88 Sigma-70, region 4
ThiF                 PF00899.25   219 >LH00406:11:22GHGVLT3:1:1101:19354:15981 -             83   7.8e-16   58.1   0.0   1   1   3.8e-20     8e-16   58.1   0.0    97   154     1    58     1    80 0.90 ThiF family
Ad_Cy_reg            PF16701.9    186 >LH00406:11:22GHGVLT3:1:1101:39399:16013 -             88      0.12   12.4   0.0   1   1   6.4e-06      0.13   12.2   0.0    28    79    33    84    20    87 0.89 Adenylate cyclase regulatory domain
CAV_VP3              PF04771.16   121 >LH00406:11:22GHGVLT3:1:1101:17301:16045 -             73      0.13   12.7   0.1   1   1   7.3e-06      0.15   12.4   0.1    24    50    31    57    21    66 0.87 Chicken anaemia virus VP-3 protein
SPOB_a               PF14689.10    62 >LH00406:11:22GHGVLT3:1:1101:38197:16045 -             70      0.04   13.7   0.0   1   1   2.3e-06     0.048   13.4   0.0    18    41    19    42     2    46 0.77 Sensor_kinase_SpoOB-type, alpha-helical domain
LolA_2               PF16584.9    152 >LH00406:11:22GHGVLT3:1:1101:45169:16045 -             69   5.7e-11   42.7   0.3   1   1   7.5e-15   7.8e-11   42.3   0.3     2    36    35    69    34    69 0.95 Outer membrane lipoprotein carrier protein LolA
Ac45-VOA1_TM         PF20520.2     39 >LH00406:11:22GHGVLT3:1:1101:45169:16045 -             69      0.15   12.0   0.4   1   1   2.1e-05      0.22   11.5   0.4    20    35    26    41    26    43 0.94 V0 complex accessory subunit Ac45/VOA1 transmembrane domain
SusD-like_3          PF14322.10   192 >LH00406:11:22GHGVLT3:1:1101:32502:16077 -             79      0.13   12.7   0.0   1   1   8.9e-06      0.18   12.2   0.0   158   192     1    34     1    34 0.94 Starch-binding associating with outer membrane
Phage_sheath_1       PF04984.18   168 >LH00406:11:22GHGVLT3:1:1101:9432:16093 -             60   2.9e-06   27.4   0.0   1   1   1.5e-10   3.1e-06   27.3   0.0     1    57     3    60     3    60 0.95 Phage tail sheath protein subtilisin-like domain
Mannitol_dh_C        PF08125.17   246 >LH00406:11:22GHGVLT3:1:1101:26797:16125 -             46   0.00095   18.9   0.0   1   1   4.6e-08   0.00095   18.9   0.0   151   189     1    38     1    46 0.84 Mannitol dehydrogenase C-terminal domain
Peptidase_S13        PF02113.19   444 >LH00406:11:22GHGVLT3:1:1101:33287:16189 -             46   0.00021   20.4   0.0   1   1     1e-08   0.00022   20.3   0.0   322   362     1    41     1    45 0.89 D-Ala-D-Ala carboxypeptidase 3 (S13) family
Amidase_2            PF01510.29   129 >LH00406:11:22GHGVLT3:1:1101:25724:16221 -             82   4.5e-07   30.5   0.0   1   1   2.3e-11   4.9e-07   30.4   0.0     3    60    26    80    24    82 0.72 N-acetylmuramoyl-L-alanine amidase
PBP_dimer            PF03717.19   180 >LH00406:11:22GHGVLT3:1:1101:33972:16221 -             55   6.8e-06   26.8   0.1   1   2      0.47   9.8e+03   -3.0   0.0    29    37    14    22     9    30 0.47 Penicillin-binding Protein dimerisation domain
PBP_dimer            PF03717.19   180 >LH00406:11:22GHGVLT3:1:1101:33972:16221 -             55   6.8e-06   26.8   0.1   2   2     5e-10     1e-05   26.2   0.0     3    25    33    55    31    55 0.93 Penicillin-binding Protein dimerisation domain
ASFV_L11L            PF05293.15    78 >LH00406:11:22GHGVLT3:1:1101:43236:16221 -             77     0.054   14.1   2.7   1   1   2.6e-06     0.054   14.0   2.3    23    52    34    62    23    75 0.75 African swine fever virus (ASFV) L11L protein
Chordopox_G3         PF06129.16   108 >LH00406:11:22GHGVLT3:1:1101:1425:16253 -             56     0.027   15.4   0.3   1   1   2.7e-06     0.028   15.3   0.3    11    40     6    34     1    51 0.72 Chordopoxvirus G3 protein
OLF                  PF02191.20   246 >LH00406:11:22GHGVLT3:1:1101:1425:16253 -             56     0.043   13.6   0.6   1   1   4.5e-06     0.047   13.5   0.6   179   216     8    45     2    53 0.86 Olfactomedin-like domain
Bgal_small_N         PF02929.21   248 >LH00406:11:22GHGVLT3:1:1101:52113:16253 -             83   2.7e-17   63.5   0.0   1   1   1.4e-21     3e-17   63.3   0.0   161   225     1    83     1    83 0.90 Beta galactosidase small chain
Pardaxin             PF07425.15    33 >LH00406:11:22GHGVLT3:1:1101:40564:16269 -             56      0.13   12.1   0.2   1   2   6.4e-06      0.13   12.1   0.2     5    19    14    28     6    30 0.84 Pardaxin
Pardaxin             PF07425.15    33 >LH00406:11:22GHGVLT3:1:1101:40564:16269 -             56      0.13   12.1   0.2   2   2      0.26   5.4e+03   -2.7   0.6    27    30    43    46    43    47 0.85 Pardaxin
DAGK_cat             PF00781.28   125 >LH00406:11:22GHGVLT3:1:1101:3644:16285 -             53   6.1e-07   29.3   0.1   1   1   6.1e-11   6.4e-07   29.2   0.1    10    61     2    53     1    53 0.89 Diacylglycerol kinase catalytic domain
LPD28                PF18843.5     96 >LH00406:11:22GHGVLT3:1:1101:3644:16285 -             53     0.071   13.0   0.0   1   1   6.8e-06     0.071   13.0   0.0    21    58    12    48     4    53 0.91 Large polyvalent protein associated domain 28
Pox_I6               PF04595.17   320 >LH00406:11:22GHGVLT3:1:1101:25290:16301 -             88      0.19   10.8   0.0   1   1   1.1e-05      0.22   10.6   0.0   267   304    10    47     4    56 0.87 Poxvirus I6-like family
DUF3285              PF11688.12    44 >LH00406:11:22GHGVLT3:1:1101:20777:16333 -             87    0.0049   17.0   1.3   1   1   4.9e-07      0.01   16.0   1.3    11    26    56    71    56    74 0.90 Protein of unknown function (DUF3285)
DUF5020              PF16412.9    212 >LH00406:11:22GHGVLT3:1:1101:47841:16349 -             55   3.8e-06   27.1   0.1   1   1   1.9e-10     4e-06   27.0   0.1    10    51    11    45     2    51 0.82 Domain of unknown function (DUF5020)
Microtub_bd          PF16796.9    155 >LH00406:11:22GHGVLT3:1:1101:41637:16365 -             73     0.017   15.3   0.1   1   1   8.4e-07     0.017   15.2   0.1    50    96    17    65     4    72 0.79 Microtubule binding
Flg_bb_rod           PF00460.24    31 >LH00406:11:22GHGVLT3:1:1101:38354:16381 -             66     0.019   15.2   0.7   1   2     9e-07     0.019   15.2   0.7     4    18    23    37    20    38 0.92 Flagella basal body rod protein
Flg_bb_rod           PF00460.24    31 >LH00406:11:22GHGVLT3:1:1101:38354:16381 -             66     0.019   15.2   0.7   2   2      0.16   3.3e+03   -1.6   0.1    16    21    52    57    50    57 0.79 Flagella basal body rod protein
Toxin_30             PF08117.15    36 >LH00406:11:22GHGVLT3:1:1101:19372:16397 -             55    0.0033   17.9   1.0   1   2      0.44   9.1e+03   -2.7   0.7    19    21     4     6     3     8 0.70 Ptu family
Toxin_30             PF08117.15    36 >LH00406:11:22GHGVLT3:1:1101:19372:16397 -             55    0.0033   17.9   1.0   2   2   1.6e-07    0.0033   17.9   1.0     4    21    37    55    34    55 0.84 Ptu family
Acetyltransf_7       PF13508.11    84 >LH00406:11:22GHGVLT3:1:1101:19834:16397 -             66   5.6e-05   23.6   0.0   1   1   9.8e-09   6.8e-05   23.4   0.0     4    51    19    66    16    66 0.85 Acetyltransferase (GNAT) domain
Acetyltransf_1       PF00583.29   116 >LH00406:11:22GHGVLT3:1:1101:19834:16397 -             66   0.00042   20.8   0.0   1   1     6e-08   0.00042   20.8   0.0    31    82    15    66     1    66 0.77 Acetyltransferase (GNAT) family
Acetyltransf_10      PF13673.11   128 >LH00406:11:22GHGVLT3:1:1101:19834:16397 -             66    0.0021   18.2   0.0   1   1   3.2e-07    0.0022   18.1   0.0    24    74    12    66     2    66 0.71 Acetyltransferase (GNAT) domain
Lactamase_B          PF00753.31   196 >LH00406:11:22GHGVLT3:1:1101:23440:16397 -             74     0.072   13.2   0.0   1   1   8.5e-06     0.088   12.9   0.0    42    57    30    45    17    47 0.88 Metallo-beta-lactamase superfamily
Lactamase_B_2        PF12706.11   200 >LH00406:11:22GHGVLT3:1:1101:23440:16397 -             74     0.091   12.6   0.1   1   1   8.7e-06     0.091   12.6   0.1    26    64    29    67    11    74 0.70 Beta-lactamase superfamily domain
DUF3987              PF13148.10   364 >LH00406:11:22GHGVLT3:1:1101:32187:16397 -             80   1.6e-06   27.7   0.0   1   1   1.7e-10   1.8e-06   27.6   0.0   255   332    11    76     3    80 0.83 Protein of unknown function (DUF3987)
YGR210-like_G4       PF08438.14   108 >LH00406:11:22GHGVLT3:1:1101:32187:16397 -             80     0.066   13.8   0.0   1   1   6.5e-06     0.068   13.8   0.0    28    89    19    76     4    80 0.82 Obg-like GTPase YGR210-like, G4 motif-containing domain
OEP                  PF02321.22   187 >LH00406:11:22GHGVLT3:1:1101:33537:16429 -             79    0.0045   17.0   9.7   1   1   8.1e-07    0.0056   16.7   9.7   115   176     2    63     2    66 0.95 Outer membrane efflux protein
BMFP                 PF04380.17    77 >LH00406:11:22GHGVLT3:1:1101:33537:16429 -             79    0.0089   16.6   2.1   1   1   1.8e-06     0.013   16.1   2.1    31    68    21    59     2    65 0.82 Membrane fusogenic activity
Thg1C                PF14413.10   118 >LH00406:11:22GHGVLT3:1:1101:33537:16429 -             79     0.053   14.0   0.2   1   1   8.4e-06     0.058   13.8   0.2    51    93    13    55     2    77 0.71 Thg1 C terminal domain
WYL                  PF13280.10   172 >LH00406:11:22GHGVLT3:1:1101:30384:16445 -             59    0.0029   17.8   0.0   1   1   1.5e-07    0.0031   17.7   0.0    56   102    10    58     5    59 0.77 WYL domain
MgtC                 PF02308.20   121 >LH00406:11:22GHGVLT3:1:1101:33306:16510 -             68     0.056   14.0   0.7   1   1   3.5e-06     0.072   13.6   0.7     1    17    52    68    52    68 0.94 MgtC family
DUF5074              PF16819.9    350 >LH00406:11:22GHGVLT3:1:1101:23977:16526 -             41      0.09   12.0   0.1   1   1     5e-06       0.1   11.8   0.1     1    18    20    37    20    40 0.93 Domain of unknown function (DUF5074)
PFK                  PF00365.24   277 >LH00406:11:22GHGVLT3:1:1101:6927:16590 -             74   3.4e-08   33.4   0.0   1   1   2.1e-12   4.4e-08   33.0   0.0   248   277     1    30     1    30 0.96 Phosphofructokinase
Aldose_epim          PF01263.24   299 >LH00406:11:22GHGVLT3:1:1101:35516:16590 -             60   7.9e-09   35.5   0.0   1   1   3.9e-13   8.1e-09   35.5   0.0   259   299     7    47     1    47 0.92 Aldose 1-epimerase
SusD_RagB            PF07980.15   295 >LH00406:11:22GHGVLT3:1:1101:22747:16606 -             64     0.026   14.3   0.0   1   1   1.4e-06     0.028   14.2   0.0   181   220     2    63     1    64 0.74 SusD family
Peptidase_M75        PF09375.14   288 >LH00406:11:22GHGVLT3:1:1101:5494:16638 -             71   9.8e-08   32.1   0.0   1   1   4.8e-12     1e-07   32.0   0.0    89   143     5    71     1    71 0.84 Imelysin
VanZ                 PF04892.16   134 >LH00406:11:22GHGVLT3:1:1101:30800:16654 -             35   7.5e-10   39.7   0.1   1   1   3.7e-14   7.7e-10   39.7   0.1    94   128     1    35     1    35 0.95 VanZ like family
TIC20                PF16166.9    181 >LH00406:11:22GHGVLT3:1:1101:1804:16686 -             70       0.1   12.6   0.2   1   1   9.8e-06       0.1   12.6   0.2    89   134     4    50     1    65 0.77 Chloroplast import apparatus Tic20-like
3-PAP                PF12578.12   132 >LH00406:11:22GHGVLT3:1:1101:1804:16686 -             70      0.12   12.4   0.0   1   1   1.2e-05      0.12   12.3   0.0    84   129    20    69     8    70 0.88 Myotubularin-associated protein
SusD_RagB            PF07980.15   295 >LH00406:11:22GHGVLT3:1:1101:31466:16686 -             38     0.015   15.2   0.0   1   1     7e-07     0.015   15.2   0.0   203   223    13    37     2    38 0.77 SusD family
SVIP                 PF15811.9     77 >LH00406:11:22GHGVLT3:1:1101:41415:16686 -             50     0.052   14.2   0.1   1   1   3.3e-06     0.069   13.8   0.1    31    54     6    29     4    37 0.89 Small VCP/p97-interacting protein
TetR_C_36            PF18598.5    111 >LH00406:11:22GHGVLT3:1:1101:29432:16718 -             83     0.012   15.8   0.1   1   2   2.5e-05      0.53   10.5   0.0    26    64     3    40     1    47 0.86 Tetracyclin repressor-like, C-terminal domain
TetR_C_36            PF18598.5    111 >LH00406:11:22GHGVLT3:1:1101:29432:16718 -             83     0.012   15.8   0.1   2   2    0.0032        66    3.8   0.0     1    19    52    70    52    81 0.85 Tetracyclin repressor-like, C-terminal domain
AAA-ATPase_like      PF09820.13   279 >LH00406:11:22GHGVLT3:1:1101:1888:16734 -             68   9.7e-13   48.3   0.2   1   1   1.5e-16     1e-12   48.3   0.2    46   115     1    67     1    68 0.96 Predicted AAA-ATPase
LZ3wCH               PF18517.5     55 >LH00406:11:22GHGVLT3:1:1101:1888:16734 -             68    0.0081   16.3   0.3   1   2     0.016   1.1e+02    3.1   0.0    30    50     4    24     1    26 0.80 Leucine zipper with capping helix domain
LZ3wCH               PF18517.5     55 >LH00406:11:22GHGVLT3:1:1101:1888:16734 -             68    0.0081   16.3   0.3   2   2   3.6e-05      0.25   11.6   0.1    33    49    52    68    47    68 0.90 Leucine zipper with capping helix domain
DUF6494              PF20104.3     68 >LH00406:11:22GHGVLT3:1:1101:1888:16734 -             68      0.14   12.8   0.1   1   1   3.1e-05      0.21   12.2   0.1     4    19    52    67    50    68 0.93 Family of unknown function (DUF6494)
MGAT2                PF05060.18   349 >LH00406:11:22GHGVLT3:1:1101:1009:16750 -             36      0.69    9.2   2.1   1   1   3.1e-05      0.65    9.2   2.1   103   134     5    35     1    36 0.84 N-acetylglucosaminyltransferase II (MGAT2)
tRNA-synt_1c         PF00749.25   314 >LH00406:11:22GHGVLT3:1:1101:43985:16750 -             66   1.7e-09   37.2   0.0   1   1   8.3e-14   1.7e-09   37.2   0.0    84   142     4    63     1    66 0.87 tRNA synthetases class I (E and Q), catalytic domain
ACR_tran             PF00873.23  1021 >LH00406:11:22GHGVLT3:1:1101:18031:16766 -             89   9.4e-21   73.4   1.6   1   1   1.1e-24   1.1e-20   73.2   1.6   279   365     2    88     1    88 0.96 AcrB/AcrD/AcrF family
RBFA                 PF02033.22   105 >LH00406:11:22GHGVLT3:1:1101:18031:16766 -             89     0.062   13.8   0.0   1   1   7.7e-06      0.08   13.4   0.0    50    99     7    57     3    64 0.86 Ribosome-binding factor A
DZR_2                PF18912.4     56 >LH00406:11:22GHGVLT3:1:1101:48747:16766 -             72   2.4e-12   46.6   8.4   1   1   8.6e-16     3e-12   46.4   8.4     2    56     8    69     7    69 0.91 Double zinc ribbon domain
RNA_pol_N            PF01194.21    58 >LH00406:11:22GHGVLT3:1:1101:48747:16766 -             72     0.032   14.6   3.3   1   2   0.00061       2.1    8.8   0.2     1    15    11    25    11    41 0.83 RNA polymerases N / 8 kDa subunit
RNA_pol_N            PF01194.21    58 >LH00406:11:22GHGVLT3:1:1101:48747:16766 -             72     0.032   14.6   3.3   2   2     0.002       6.8    7.1   0.3     6    26    50    70    42    72 0.80 RNA polymerases N / 8 kDa subunit
DZR                  PF12773.11    45 >LH00406:11:22GHGVLT3:1:1101:48747:16766 -             72     0.056   13.8   8.5   1   2      0.22   7.6e+02    0.5   0.1    26    33    15    22     8    28 0.68 Double zinc ribbon
DZR                  PF12773.11    45 >LH00406:11:22GHGVLT3:1:1101:48747:16766 -             72     0.056   13.8   8.5   2   2   4.5e-05      0.16   12.3   7.6     8    44    28    68    14    69 0.72 Double zinc ribbon
zinc_ribbon_2        PF13240.10    23 >LH00406:11:22GHGVLT3:1:1101:48747:16766 -             72      0.09   12.8   6.6   1   3   8.2e-05      0.28   11.2   0.4    12    23    46    57    37    57 0.77 zinc-ribbon domain
zinc_ribbon_2        PF13240.10    23 >LH00406:11:22GHGVLT3:1:1101:48747:16766 -             72      0.09   12.8   6.6   2   3    0.0018       6.3    6.9   6.9     1    19    49    68    49    68 0.89 zinc-ribbon domain
zinc_ribbon_2        PF13240.10    23 >LH00406:11:22GHGVLT3:1:1101:48747:16766 -             72      0.09   12.8   6.6   3   3     0.026        90    3.3   1.3     1     6    64    69    64    71 0.77 zinc-ribbon domain
HscB_4_cys           PF18256.5     27 >LH00406:11:22GHGVLT3:1:1101:48747:16766 -             72      0.14   12.2   0.7   1   3      0.11   3.6e+02    1.3   0.0     1     7    14    20    14    27 0.77 Co-chaperone HscB tetracysteine metal binding motif
HscB_4_cys           PF18256.5     27 >LH00406:11:22GHGVLT3:1:1101:48747:16766 -             72      0.14   12.2   0.7   2   3       3.2   1.1e+04   -3.4   0.2    22    24    37    39    36    39 0.74 Co-chaperone HscB tetracysteine metal binding motif
HscB_4_cys           PF18256.5     27 >LH00406:11:22GHGVLT3:1:1101:48747:16766 -             72      0.14   12.2   0.7   3   3     4e-05      0.14   12.2   0.7     1    24    48    69    48    70 0.84 Co-chaperone HscB tetracysteine metal binding motif
C1_1                 PF00130.26    53 >LH00406:11:22GHGVLT3:1:1101:48747:16766 -             72      0.68   10.0  10.6   1   2     0.014        47    4.1   1.2    35    45    31    41    10    48 0.61 Phorbol esters/diacylglycerol binding domain (C1 domain)
C1_1                 PF00130.26    53 >LH00406:11:22GHGVLT3:1:1101:48747:16766 -             72      0.68   10.0  10.6   2   2   0.00054       1.9    8.6   2.5    13    35    49    69    45    71 0.87 Phorbol esters/diacylglycerol binding domain (C1 domain)
DUF6377              PF19904.3    247 >LH00406:11:22GHGVLT3:1:1101:44115:16782 -             74   2.3e-24   86.5   2.1   1   1   1.2e-28   2.5e-24   86.4   2.1   149   220     2    73     1    74 0.98 Domain of unknown function (DUF6377)
PyrBI_leader         PF08052.15    44 >LH00406:11:22GHGVLT3:1:1101:46925:16814 -             37     0.061   13.5   0.2   1   1   3.4e-06      0.07   13.3   0.2     8    25     3    20     2    33 0.83 PyrBI operon leader peptide
Recombinase          PF07508.17   102 >LH00406:11:22GHGVLT3:1:1101:26889:16830 -             68   1.1e-09   38.6   0.3   1   1   5.5e-14   1.1e-09   38.6   0.3    33    86     8    68     1    68 0.88 Recombinase
DUF6486              PF20096.3     31 >LH00406:11:22GHGVLT3:1:1101:32548:16830 -             72   8.1e-06   25.6   0.4   1   1   6.2e-10   1.3e-05   25.0   0.4     1    20    52    71    52    72 0.97 Family of unknown function (DUF6486)
Glyco_transf_28      PF03033.24   139 >LH00406:11:22GHGVLT3:1:1101:2220:16862 -             51     3e-09   37.3   0.1   1   1   3.1e-13   3.3e-09   37.1   0.1     1    40    10    50    10    51 0.94 Glycosyltransferase family 28 N-terminal domain
MIP                  PF00230.24   222 >LH00406:11:22GHGVLT3:1:1101:2220:16862 -             51      0.15   12.0   0.0   1   1   1.5e-05      0.16   11.9   0.0    57    79     9    31     2    38 0.79 Major intrinsic protein
DUF4082              PF13313.10   143 >LH00406:11:22GHGVLT3:1:1101:13519:16862 -             77     0.071   13.3   0.0   1   1   3.6e-06     0.075   13.2   0.0    70   118     7    56     2    73 0.77 Domain of unknown function (DUF4082)
BrxB                 PF08747.15   124 >LH00406:11:22GHGVLT3:1:1101:43310:16862 -             82     2e-19   70.0   0.1   1   1   2.1e-23   2.2e-19   69.9   0.1    61   124     5    70     1    70 0.92 BREX protein BrxB
TAF8_C               PF10406.13    49 >LH00406:11:22GHGVLT3:1:1101:43310:16862 -             82      0.14   12.8   0.0   1   1   2.3e-05      0.23   12.1   0.0     9    19    59    69    58    73 0.85 Transcription factor TFIID complex subunit 8 C-term
NAGLU                PF05089.16   334 >LH00406:11:22GHGVLT3:1:1101:11448:16894 -             51   5.7e-20   71.7   0.2   1   1   8.8e-24   6.1e-20   71.6   0.2    29    79     1    51     1    51 0.99 Alpha-N-acetylglucosaminidase (NAGLU) tim-barrel domain
PG_binding_2         PF08823.15    74 >LH00406:11:22GHGVLT3:1:1101:11448:16894 -             51     0.032   14.7   0.1   1   1     6e-06     0.042   14.3   0.1    23    57    20    51    10    51 0.83 Putative peptidoglycan binding domain
UBA_6                PF18039.5     42 >LH00406:11:22GHGVLT3:1:1101:11448:16894 -             51      0.14   12.4   0.0   1   1   2.6e-05      0.18   12.0   0.0     9    19    23    33    20    37 0.86 UBA-like domain
Citrate_synt         PF00285.25   356 >LH00406:11:22GHGVLT3:1:1101:10662:16910 -             88   1.5e-24   87.0   0.0   1   1   7.6e-29   1.6e-24   86.9   0.0   199   274     1    87     1    88 0.92 Citrate synthase, C-terminal domain
PPR_3                PF13812.10    63 >LH00406:11:22GHGVLT3:1:1101:22451:16926 -             73     0.089   13.1   0.0   1   1   5.3e-06      0.11   12.8   0.0    18    45    32    59    17    68 0.84 Pentatricopeptide repeat domain
DIKK1-2-4_C-subdom1  PF21481.1     30 >LH00406:11:22GHGVLT3:1:1101:33565:16926 -             72      0.11   12.8   1.1   1   2   1.2e-05      0.26   11.6   0.4     6    28     6    28     4    30 0.91 Dickkopf-related protein 1/2/4, C-terminal subdomain 1
DIKK1-2-4_C-subdom1  PF21481.1     30 >LH00406:11:22GHGVLT3:1:1101:33565:16926 -             72      0.11   12.8   1.1   2   2      0.09   1.9e+03   -0.7   0.0     2     8    52    58    51    59 0.77 Dickkopf-related protein 1/2/4, C-terminal subdomain 1
SusD-like_3          PF14322.10   192 >LH00406:11:22GHGVLT3:1:1101:38345:16942 -             73   4.9e-08   33.6   0.0   1   1   8.9e-12   6.2e-08   33.3   0.0   145   192     2    49     1    49 0.94 Starch-binding associating with outer membrane
SchA_CurD            PF04486.16   119 >LH00406:11:22GHGVLT3:1:1101:38345:16942 -             73     0.087   13.2   0.0   1   1   1.3e-05     0.092   13.1   0.0    13    62     4    55     1    66 0.83 SchA/CurD like domain
Imm27                PF15590.10    67 >LH00406:11:22GHGVLT3:1:1101:38345:16942 -             73      0.14   12.3   0.0   1   1   2.7e-05      0.19   11.9   0.0    10    40    39    66    29    70 0.80 Immunity protein 27
HEPN                 PF05168.18   117 >LH00406:11:22GHGVLT3:1:1101:21267:16958 -             70     0.074   13.4   0.1   1   1   3.7e-06     0.078   13.3   0.1     3    65     5    67     3    70 0.92 HEPN domain
Peptidase_S29        PF02907.19   149 >LH00406:11:22GHGVLT3:1:1101:37393:16958 -             48     0.068   13.1   0.2   1   1   3.5e-06     0.072   13.0   0.2   114   144     4    34     1    39 0.90 Hepatitis C virus NS3 protease
Orbi_VP7             PF00897.21   348 >LH00406:11:22GHGVLT3:1:1101:4948:16974 -             80     0.016   14.4   0.0   1   1   2.8e-06     0.019   14.1   0.0   228   297     6    75     3    79 0.85 Orbivirus inner capsid protein VP7
BBP1_N               PF15271.10   149 >LH00406:11:22GHGVLT3:1:1101:4948:16974 -             80     0.056   14.4   0.1   1   1   8.5e-06     0.059   14.4   0.1    28    70    29    71     8    77 0.78 Spindle pole body component BBP1, Mps2-binding protein
LcrV                 PF04792.16   323 >LH00406:11:22GHGVLT3:1:1101:4948:16974 -             80      0.11   11.9   0.0   1   1   1.9e-05      0.13   11.7   0.0   205   258    10    64     6    72 0.87 V antigen (LcrV) protein
LpxB                 PF02684.19   374 >LH00406:11:22GHGVLT3:1:1101:22442:16974 -             60   0.00018   20.7   0.0   1   1   9.2e-09   0.00019   20.6   0.0   173   214    12    53     4    59 0.82 Lipid-A-disaccharide synthetase
Queuosine_synth      PF02547.19   322 >LH00406:11:22GHGVLT3:1:1101:50457:16974 -             74   3.3e-27   95.7   0.0   1   1   1.7e-31   3.6e-27   95.6   0.0     1    68     7    74     7    74 0.98 Queuosine biosynthesis protein
Peptidase_C1_2       PF03051.19   438 >LH00406:11:22GHGVLT3:1:1101:43366:16990 -             89   0.00044   19.4   1.1   1   1   4.8e-08    0.0005   19.2   1.1   379   423     3    47     1    50 0.94 Peptidase C1-like family
UPF0253              PF06786.16    65 >LH00406:11:22GHGVLT3:1:1101:43366:16990 -             89      0.18   12.4   0.0   1   1   2.4e-05      0.25   11.9   0.0    22    50    20    47     6    49 0.88 Uncharacterised protein family (UPF0253)
DUF4143              PF13635.10   120 >LH00406:11:22GHGVLT3:1:1101:20398:17022 -             36     0.024   14.8   0.0   1   1   1.2e-06     0.025   14.7   0.0    69    98     1    32     1    34 0.74 Domain of unknown function (DUF4143)
DUF4107              PF13389.10   167 >LH00406:11:22GHGVLT3:1:1101:45714:17022 -             89      0.14   12.4   0.1   1   1     8e-06      0.17   12.2   0.1    56    82    18    44     6    58 0.79 Protein of unknown function (DUF4107)
BRO1                 PF03097.22   385 >LH00406:11:22GHGVLT3:1:1101:49468:17022 -             59      0.21   10.6   0.1   1   1     1e-05      0.21   10.6   0.1   119   154     3    38     2    55 0.90 BRO1-like domain
DUF3987              PF13148.10   364 >LH00406:11:22GHGVLT3:1:1101:16598:17038 -             45     0.073   12.4   0.0   1   1   3.5e-06     0.073   12.4   0.0   253   299     9    45     2    45 0.76 Protein of unknown function (DUF3987)
GDE_C                PF06202.18   367 >LH00406:11:22GHGVLT3:1:1101:17005:17038 -             59   3.3e-11   43.0   0.0   1   1   1.7e-15   3.5e-11   42.9   0.0   289   348     1    58     1    59 0.92 Amylo-alpha-1,6-glucosidase
DDE_Tnp_1_6          PF13751.10   125 >LH00406:11:22GHGVLT3:1:1101:36903:17070 -             47   7.4e-11   42.6   0.0   1   1   3.6e-15   7.5e-11   42.6   0.0    68   111     2    45     1    47 0.95 Transposase DDE domain
DUF6646              PF20351.2    158 >LH00406:11:22GHGVLT3:1:1101:29006:17134 -             54     0.039   14.0   0.1   1   1   1.9e-06      0.04   14.0   0.1   100   148     5    51     2    54 0.81 Family of unknown function (DUF6646)
DNA_methylase        PF00145.21   324 >LH00406:11:22GHGVLT3:1:1101:5965:17166 -             38     0.033   13.8   0.0   1   1   1.6e-06     0.033   13.8   0.0   150   169     1    24     1    38 0.71 C-5 cytosine-specific DNA methylase
Peripla_BP_4         PF13407.10   258 >LH00406:11:22GHGVLT3:1:1101:44540:17166 -             78     2e-08   34.3   0.0   1   1   2.1e-12   2.2e-08   34.2   0.0    19    89     1    70     1    77 0.93 Periplasmic binding protein domain
Peripla_BP_1         PF00532.25   281 >LH00406:11:22GHGVLT3:1:1101:44540:17166 -             78     0.027   14.1   0.0   1   1     3e-06     0.031   13.9   0.0    22    90     1    70     1    77 0.92 Periplasmic binding proteins and sugar binding domain of LacI family
Rad60-SLD_2          PF13881.10   111 >LH00406:11:22GHGVLT3:1:1101:47212:17182 -             78      0.28   11.5   0.0   1   1     2e-05      0.41   11.0   0.0     3    24    13    34    11    47 0.82 Ubiquitin-2 like Rad60 SUMO-like
zf-H2C2_5            PF13909.10    26 >LH00406:11:22GHGVLT3:1:1101:4403:17214 -             57       0.1   12.4   1.8   1   2   1.6e-05      0.17   11.7   0.7     8    21    10    23    10    27 0.93 C2H2-type zinc-finger domain
zf-H2C2_5            PF13909.10    26 >LH00406:11:22GHGVLT3:1:1101:4403:17214 -             57       0.1   12.4   1.8   2   2      0.13   1.3e+03   -0.8   0.1    13    17    26    30    23    30 0.88 C2H2-type zinc-finger domain
DUF5133              PF17196.8     65 >LH00406:11:22GHGVLT3:1:1101:4403:17214 -             57      0.15   12.5   0.3   1   2    0.0029        30    5.1   0.0    16    39    10    33     4    34 0.92 Protein of unknown function (DUF5133)
DUF5133              PF17196.8     65 >LH00406:11:22GHGVLT3:1:1101:4403:17214 -             57      0.15   12.5   0.3   2   2    0.0016        16    6.0   0.1    11    21    46    56    39    57 0.87 Protein of unknown function (DUF5133)
DUF6883              PF21814.1    111 >LH00406:11:22GHGVLT3:1:1101:35571:17231 -             69     0.055   14.0   0.0   1   1     3e-06     0.062   13.8   0.0    33    72    16    57     7    65 0.84 Domain of unknown function (DUF6883)
CD52                 PF15116.10    44 >LH00406:11:22GHGVLT3:1:1101:17329:17247 -             65         3    8.1   7.3   1   1   0.00024         5    7.4   7.3    28    41     9    22     8    23 0.94 CAMPATH-1 antigen
TonB_dep_Rec         PF00593.28   436 >LH00406:11:22GHGVLT3:1:1101:38780:17247 -             58   0.00014   22.1   0.1   1   1   1.3e-08   0.00014   22.1   0.1   306   350     5    50     1    58 0.66 TonB dependent receptor
OMP_b-brl_3          PF14905.10   408 >LH00406:11:22GHGVLT3:1:1101:38780:17247 -             58    0.0051   16.1   1.2   1   1   5.1e-07    0.0053   16.1   1.2   258   301     9    54     2    58 0.88 Outer membrane protein beta-barrel family
zf-FPG_IleRS         PF06827.18    30 >LH00406:11:22GHGVLT3:1:1101:21582:17279 -             56      0.05   13.7   1.2   1   1   9.9e-06       0.1   12.7   1.2     7    28     7    27     6    28 0.84 Zinc finger found in FPG and IleRS
ENOD40               PF08247.15    12 >LH00406:11:22GHGVLT3:1:1101:21582:17279 -             56      0.21   11.8   3.1   1   2    0.0027        28    5.2   0.1     2     6     5     9     5    11 0.85 ENOD40 protein
ENOD40               PF08247.15    12 >LH00406:11:22GHGVLT3:1:1101:21582:17279 -             56      0.21   11.8   3.1   2   2   0.00078       8.1    6.9   0.5     5    10    49    54    48    55 0.95 ENOD40 protein
B3_4                 PF03483.21   174 >LH00406:11:22GHGVLT3:1:1101:11578:17311 -             78     0.098   12.5   0.0   1   1   5.1e-06      0.11   12.3   0.0    83   121    20    59     5    68 0.82 B3/4 domain
CarbopepD_reg_2      PF13715.10    88 >LH00406:11:22GHGVLT3:1:1101:14240:17311 -             53   3.2e-09   36.9   0.5   1   1   8.9e-13   3.7e-09   36.7   0.5     1    39    15    52    15    53 0.94 CarboxypepD_reg-like domain
CarboxypepD_reg      PF13620.10    82 >LH00406:11:22GHGVLT3:1:1101:14240:17311 -             53   5.9e-08   33.2   0.7   1   1   1.6e-11   6.6e-08   33.0   0.7     2    43    15    52    14    53 0.96 Carboxypeptidase regulatory-like domain
CooC_C               PF15976.9     93 >LH00406:11:22GHGVLT3:1:1101:14240:17311 -             53   0.00015   22.0   0.1   1   1     4e-08   0.00016   21.8   0.1    12    54     8    52     4    53 0.87 CS1-pili formation C-terminal
Big_1                PF02369.20    64 >LH00406:11:22GHGVLT3:1:1101:14240:17311 -             53     0.021   15.1   0.6   1   1     1e-05     0.043   14.0   0.6     9    50    15    51    10    52 0.85 Bacterial Ig-like domain (group 1)
Dioxygenase_C        PF00775.25   182 >LH00406:11:22GHGVLT3:1:1101:14240:17311 -             53     0.023   14.4   0.1   1   2   2.4e-05       0.1   12.2   0.0    31    57    14    40     8    45 0.90 Dioxygenase
Dioxygenase_C        PF00775.25   182 >LH00406:11:22GHGVLT3:1:1101:14240:17311 -             53     0.023   14.4   0.1   2   2     0.039   1.6e+02    1.8   0.0    77    89    40    52    36    53 0.84 Dioxygenase
GD_AH_C              PF20629.1    242 >LH00406:11:22GHGVLT3:1:1101:15017:17311 -             76   1.1e-33  116.7   0.0   1   1   5.8e-38   1.2e-33  116.6   0.0     7    82     1    76     1    76 0.98 D-galactarate/Altronate dehydratase, C-terminal
UvrD_C               PF13361.10   350 >LH00406:11:22GHGVLT3:1:1101:13778:17343 -             72   2.5e-10   40.5   0.0   1   1   2.7e-14   2.8e-10   40.3   0.0   303   348     2    56     1    58 0.83 UvrD-like helicase C-terminal domain
UvrD_C_2             PF13538.10    52 >LH00406:11:22GHGVLT3:1:1101:13778:17343 -             72   0.00027   20.9   0.0   1   1   3.8e-08   0.00039   20.4   0.0    29    52    33    54    27    54 0.84 UvrD-like helicase C-terminal domain
HTH_8                PF02954.23    42 >LH00406:11:22GHGVLT3:1:1101:7833:17391 -             58   1.3e-16   60.2   1.2   1   1   1.6e-19   1.7e-16   59.9   1.2     7    42    16    51    11    51 0.96 Bacterial regulatory protein, Fis family
HTH_50               PF18024.5     50 >LH00406:11:22GHGVLT3:1:1101:7833:17391 -             58   5.7e-07   29.3   0.1   1   1   6.4e-10   6.6e-07   29.1   0.1     9    49    12    53     5    54 0.90 Helix-turn-helix domain
HTH_28               PF13518.10    52 >LH00406:11:22GHGVLT3:1:1101:7833:17391 -             58   5.6e-06   26.5   0.0   1   1   6.7e-09   6.9e-06   26.2   0.0     4    37    17    52    16    55 0.87 Helix-turn-helix domain
HTH_23               PF13384.10    50 >LH00406:11:22GHGVLT3:1:1101:7833:17391 -             58   3.9e-05   23.5   0.0   1   1   4.6e-08   4.7e-05   23.3   0.0    11    41    19    51    16    55 0.82 Homeodomain-like domain
HTH_30               PF13556.10    59 >LH00406:11:22GHGVLT3:1:1101:7833:17391 -             58   5.3e-05   23.1   0.0   1   1     7e-08   7.3e-05   22.7   0.0    10    35    25    50    20    52 0.93 PucR C-terminal helix-turn-helix domain
HTH_Tnp_ISL3         PF13542.10    51 >LH00406:11:22GHGVLT3:1:1101:7833:17391 -             58   0.00091   18.8   0.0   1   1   9.8e-07     0.001   18.7   0.0    17    50    16    51    11    52 0.89 Helix-turn-helix domain of transposase family ISL3
HTH_29               PF13551.10    64 >LH00406:11:22GHGVLT3:1:1101:7833:17391 -             58    0.0022   18.2   0.1   1   1   2.5e-06    0.0026   18.0   0.1     1    36    16    51    16    55 0.88 Winged helix-turn helix
Mga                  PF05043.17    87 >LH00406:11:22GHGVLT3:1:1101:7833:17391 -             58    0.0043   17.8   0.0   1   1   4.7e-06    0.0049   17.6   0.0    20    53    17    50     3    52 0.91 Mga helix-turn-helix domain
HTH_11               PF08279.16    55 >LH00406:11:22GHGVLT3:1:1101:7833:17391 -             58      0.01   15.9   0.1   1   1   1.5e-05     0.015   15.3   0.1    22    38    34    50    16    50 0.87 HTH domain
RWP-RK               PF02042.19    49 >LH00406:11:22GHGVLT3:1:1101:7833:17391 -             58      0.01   15.9   0.0   1   1   1.1e-05     0.012   15.7   0.0    14    38    29    53    13    55 0.91 RWP-RK domain
HTH_17               PF12728.11    51 >LH00406:11:22GHGVLT3:1:1101:7833:17391 -             58     0.012   16.0   0.1   1   1   2.2e-05     0.023   15.1   0.1     6    26    32    52    30    54 0.87 Helix-turn-helix domain
HTH_psq              PF05225.20    45 >LH00406:11:22GHGVLT3:1:1101:7833:17391 -             58     0.012   15.5   0.0   1   1     2e-05     0.021   14.8   0.0    21    39    32    50    30    55 0.86 helix-turn-helix, Psq domain
LZ_Tnp_IS481         PF13011.10    85 >LH00406:11:22GHGVLT3:1:1101:7833:17391 -             58     0.018   15.7   0.0   1   1   1.9e-05      0.02   15.6   0.0     4    49     6    51     3    54 0.85 leucine-zipper of insertion element IS481
HTH_1                PF00126.31    60 >LH00406:11:22GHGVLT3:1:1101:7833:17391 -             58     0.025   14.7   0.0   1   1   3.4e-05     0.035   14.3   0.0    13    36    27    50    17    51 0.92 Bacterial regulatory helix-turn-helix protein, lysR family
HTH_22               PF13309.10    63 >LH00406:11:22GHGVLT3:1:1101:7833:17391 -             58     0.025   14.8   0.0   1   2       1.6   1.6e+03   -0.6   0.0     3    14    16    27    14    33 0.71 HTH domain
HTH_22               PF13309.10    63 >LH00406:11:22GHGVLT3:1:1101:7833:17391 -             58     0.025   14.8   0.0   2   2   7.4e-05     0.076   13.2   0.0    45    62    31    48    27    49 0.89 HTH domain
HTH_3                PF01381.26    55 >LH00406:11:22GHGVLT3:1:1101:7833:17391 -             58     0.026   14.7   0.2   1   1   3.8e-05      0.04   14.2   0.2     1    31    19    49    19    52 0.90 Helix-turn-helix
HTH_AsnC-type        PF13404.10    42 >LH00406:11:22GHGVLT3:1:1101:7833:17391 -             58     0.072   13.1   0.0   1   2         2     2e+03   -1.1   0.0    12    26     3    17     1    18 0.71 AsnC-type helix-turn-helix domain
HTH_AsnC-type        PF13404.10    42 >LH00406:11:22GHGVLT3:1:1101:7833:17391 -             58     0.072   13.1   0.0   2   2   0.00022      0.23   11.5   0.0    24    40    34    50    31    51 0.91 AsnC-type helix-turn-helix domain
HTH_Tnp_1            PF01527.24    75 >LH00406:11:22GHGVLT3:1:1101:7833:17391 -             58     0.075   13.5   0.0   1   1   8.9e-05     0.093   13.2   0.0    15    47    18    51    13    56 0.74 Transposase
Xre-like-HTH         PF20432.2     63 >LH00406:11:22GHGVLT3:1:1101:7833:17391 -             58     0.076   13.5   0.0   1   1   8.4e-05     0.087   13.3   0.0    16    44    20    50     7    55 0.74 Antitoxin Xre-like helix-turn-helix domain
HTH_20               PF12840.11    51 >LH00406:11:22GHGVLT3:1:1101:7833:17391 -             58      0.14   12.3   0.0   1   1    0.0002      0.21   11.7   0.0    22    41    31    50    15    50 0.82 Helix-turn-helix domain
E1-E2_ATPase         PF00122.24   181 >LH00406:11:22GHGVLT3:1:1101:26954:17391 -             69   7.6e-16   58.3   3.3   1   1   1.2e-19   8.2e-16   58.2   3.3   101   169     1    69     1    69 0.97 E1-E2 ATPase
Endomucin            PF07010.16   259 >LH00406:11:22GHGVLT3:1:1101:26954:17391 -             69     0.079   13.0   0.5   1   1   1.3e-05     0.087   12.9   0.5   184   209    16    41     2    42 0.83 Endomucin
DUF4519              PF15012.10    56 >LH00406:11:22GHGVLT3:1:1101:26954:17391 -             69      0.13   12.6   0.5   1   1   2.7e-05      0.19   12.1   0.5    22    50    10    37     7    42 0.77 Domain of unknown function (DUF4519)
HTH_17               PF12728.11    51 >LH00406:11:22GHGVLT3:1:1101:25216:17423 -             59   5.4e-13   49.1   0.0   1   1   2.9e-17   6.1e-13   49.0   0.0     6    50     2    46     1    47 0.93 Helix-turn-helix domain
ILVD_EDD             PF00920.25   515 >LH00406:11:22GHGVLT3:1:1101:40000:17439 -             68   5.3e-19   68.4   0.0   1   1   2.7e-23   5.6e-19   68.3   0.0   276   341     3    68     1    68 0.96 Dehydratase family
GerE                 PF00196.23    57 >LH00406:11:22GHGVLT3:1:1101:18475:17471 -             74   5.7e-07   29.2   0.1   1   1   3.7e-11   7.6e-07   28.8   0.1     2    25    51    74    50    74 0.95 Bacterial regulatory proteins, luxR family
HIT                  PF01230.27    98 >LH00406:11:22GHGVLT3:1:1101:3164:17503 -             55     2e-12   47.8   0.1   1   1   2.1e-16   2.2e-12   47.7   0.1    47    97     5    53     2    54 0.93 HIT domain
DcpS_C               PF11969.12   114 >LH00406:11:22GHGVLT3:1:1101:3164:17503 -             55   8.6e-05   23.2   0.0   1   1   8.3e-09   8.6e-05   23.2   0.0    65   101    12    50     4    55 0.84 Scavenger mRNA decapping enzyme C-term binding
Toxin_31             PF08119.15    37 >LH00406:11:22GHGVLT3:1:1101:32270:17503 -             55      0.29   11.1   1.2   1   1   1.6e-05      0.34   10.9   1.2     5    18     9    22     8    32 0.83 Scorpion acidic alpha-KTx toxin family
SPASM                PF13186.10    66 >LH00406:11:22GHGVLT3:1:1101:32132:17583 -             39    0.0039   17.6   0.2   1   1   2.2e-07    0.0046   17.4   0.2    33    65     1    33     1    34 0.74 Iron-sulfur cluster-binding domain
Peptidase_U32        PF01136.23   233 >LH00406:11:22GHGVLT3:1:1101:6039:17615 -             70   3.8e-20   72.3   0.4   1   1     2e-24   4.2e-20   72.2   0.4   100   176     1    70     1    70 0.93 Peptidase family U32
rve_2                PF13333.10    56 >LH00406:11:22GHGVLT3:1:1101:6409:17615 -             64      0.03   14.7   0.3   1   1   2.3e-06     0.047   14.0   0.1     6    39    21    57    17    63 0.80 Integrase core domain
DHquinase_I          PF01487.19   230 >LH00406:11:22GHGVLT3:1:1101:10061:17631 -             84   1.4e-24   87.7   0.0   1   1   7.3e-29   1.5e-24   87.6   0.0   120   199     3    82     1    84 0.97 Type I 3-dehydroquinase
Glyco_hydro_2_C      PF02836.21   302 >LH00406:11:22GHGVLT3:1:1101:33352:17647 -             76     1e-19   71.0   0.5   1   1   5.1e-24   1.1e-19   70.9   0.5   194   247    20    73     3    76 0.84 Glycosyl hydrolases family 2, TIM barrel domain
RHS_repeat           PF05593.18    38 >LH00406:11:22GHGVLT3:1:1101:26750:17775 -             70      0.11   13.1   4.3   1   2   1.1e-05      0.24   12.1   0.0    21    32    33    45    28    51 0.79 RHS Repeat
RHS_repeat           PF05593.18    38 >LH00406:11:22GHGVLT3:1:1101:26750:17775 -             70      0.11   13.1   4.3   2   2   0.00013       2.7    8.7   3.8     1    23    34    63    34    65 0.67 RHS Repeat
RlmN_N               PF21016.1     60 >LH00406:11:22GHGVLT3:1:1101:25770:17839 -             65      0.12   12.3   0.0   1   1   7.6e-06      0.16   11.9   0.0    30    48    38    56    32    58 0.91 Ribosomal RNA large subunit methyltransferase N-terminal domain
DHODB_Fe-S_bind      PF10418.13    41 >LH00406:11:22GHGVLT3:1:1101:9867:17871 -             79   2.7e-05   24.0   0.1   1   1   1.8e-09   3.7e-05   23.6   0.1    25    40     2    17     1    18 0.91 Iron-sulfur cluster binding domain of dihydroorotate dehydrogenase B
AAA-ATPase_like      PF09820.13   279 >LH00406:11:22GHGVLT3:1:1101:40065:17871 -             53   1.2e-07   31.7   0.1   1   1   1.3e-11   1.3e-07   31.5   0.1   243   279     6    41     2    41 0.87 Predicted AAA-ATPase
LPD29                PF18847.5     93 >LH00406:11:22GHGVLT3:1:1101:40065:17871 -             53     0.094   13.7   0.0   1   1   9.8e-06       0.1   13.6   0.0     8    29     7    28     3    48 0.83 Large polyvalent protein associated domain 29
Gp49                 PF05973.18    90 >LH00406:11:22GHGVLT3:1:1101:19908:17935 -             62   0.00081   19.6   0.1   1   1   8.4e-08   0.00087   19.5   0.1     1    65     3    62     3    62 0.93 Phage derived protein Gp49-like (DUF891)
PepSY                PF03413.23    60 >LH00406:11:22GHGVLT3:1:1101:19908:17935 -             62    0.0054   17.2   0.8   1   1     7e-07    0.0072   16.8   0.8    12    52    20    59    12    60 0.87 Peptidase propeptide and YPEB domain
Biotin_lipoyl_2      PF13533.10    50 >LH00406:11:22GHGVLT3:1:1101:6344:17952 -             74   3.6e-17   62.0   1.4   1   1   1.6e-20   4.8e-17   61.6   1.4     3    49    23    69    16    70 0.96 Biotin-lipoyl like
HlyD_3               PF13437.10   106 >LH00406:11:22GHGVLT3:1:1101:6344:17952 -             74   0.00061   20.6   0.5   1   1   2.5e-07   0.00075   20.4   0.5     2    42    25    67    24    74 0.79 HlyD family secretion protein
HlyD_D23             PF16576.9    214 >LH00406:11:22GHGVLT3:1:1101:6344:17952 -             74   0.00092   18.7   0.0   1   1   3.1e-07   0.00092   18.7   0.0   106   139    20    53     5    71 0.67 Barrel-sandwich domain of CusB or HlyD membrane-fusion
Biotin_lipoyl        PF00364.26    73 >LH00406:11:22GHGVLT3:1:1101:6344:17952 -             74    0.0015   18.5   0.2   1   1   7.5e-07    0.0022   18.0   0.2    43    73    23    53    21    53 0.91 Biotin-requiring enzyme
PTS_EIIA_1           PF00358.24   127 >LH00406:11:22GHGVLT3:1:1101:6344:17952 -             74      0.02   14.7   0.0   1   1   9.3e-06     0.028   14.3   0.0    78   109    28    59    26    72 0.84 phosphoenolpyruvate-dependent sugar phosphotransferase system, EIIA 1
PASTA                PF03793.23    63 >LH00406:11:22GHGVLT3:1:1101:6344:17952 -             74     0.029   14.5   0.2   1   1   1.4e-05     0.041   14.0   0.2    37    59    30    52    17    53 0.87 PASTA domain
Pdase_M17_N2         PF18295.5    122 >LH00406:11:22GHGVLT3:1:1101:6344:17952 -             74     0.071   13.6   0.0   1   1   2.5e-05     0.074   13.6   0.0    64   112    20    72     5    74 0.88 M17 aminopeptidase N-terminal domain 2
OMP_b-brl_2          PF13568.10   177 >LH00406:11:22GHGVLT3:1:1101:22118:17952 -             80   4.4e-05   23.8   0.1   1   1   2.9e-09   6.1e-05   23.3   0.1    34   119     3    74     1    80 0.86 Outer membrane protein beta-barrel domain
NTP_transf_5         PF14907.10   249 >LH00406:11:22GHGVLT3:1:1101:47896:17952 -             60     0.014   15.1   0.0   1   1   6.7e-07     0.014   15.1   0.0    79   104     1    26     1    59 0.86 Uncharacterised nucleotidyltransferase
YfhO                 PF09586.14   839 >LH00406:11:22GHGVLT3:1:1101:13750:17968 -             85   2.2e-08   33.1   0.8   1   1   1.1e-12   2.4e-08   33.0   0.8   501   594     1    85     1    85 0.86 Bacterial membrane protein YfhO
HTH_18               PF12833.11    81 >LH00406:11:22GHGVLT3:1:1101:49182:17968 -             86    0.0057   17.1   0.1   1   1   3.5e-07    0.0073   16.8   0.1    20    70    18    69     8    71 0.86 Helix-turn-helix domain
ASC                  PF00858.28   455 >LH00406:11:22GHGVLT3:1:1101:19770:17984 -             67     0.078   12.2   2.8   1   1   3.7e-06     0.077   12.2   2.8   334   372     4    41     1    53 0.74 Amiloride-sensitive sodium channel
DUF3640              PF12342.12    26 >LH00406:11:22GHGVLT3:1:1101:13251:18032 -             58     0.091   12.7   2.7   1   1   6.7e-06      0.14   12.1   2.7     3    12    14    23    13    25 0.95 Protein of unknown function (DUF3640)
Polysacc_synt_C      PF14667.10   142 >LH00406:11:22GHGVLT3:1:1101:15230:18032 -             61     0.011   16.1   6.2   1   1   5.8e-07     0.012   15.9   6.2   100   141     1    43     1    44 0.90 Polysaccharide biosynthesis C-terminal domain
SusD-like_3          PF14322.10   192 >LH00406:11:22GHGVLT3:1:1101:23329:18032 -             87   0.00086   19.8   0.0   1   1   4.8e-08     0.001   19.6   0.0    85   139    18    74    13    86 0.79 Starch-binding associating with outer membrane
CENP-F_leu_zip       PF10473.13   140 >LH00406:11:22GHGVLT3:1:1101:30144:18048 -             87    0.0029   17.9   1.5   1   1   1.4e-06    0.0032   17.7   1.5    52   101    36    85    13    87 0.91 Leucine-rich repeats of kinetochore protein Cenp-F/LEK1
HrpB7                PF09486.14   157 >LH00406:11:22GHGVLT3:1:1101:30144:18048 -             87     0.018   15.6   0.8   1   1   8.7e-06      0.02   15.5   0.8    77   135    27    85    15    87 0.93 Bacterial type III secretion protein (HrpB7)
DUF1843              PF08898.14    52 >LH00406:11:22GHGVLT3:1:1101:30144:18048 -             87     0.023   15.4   0.4   1   2       1.7   3.9e+03   -1.3   0.0    39    46    51    58    42    64 0.73 Domain of unknown function (DUF1843)
DUF1843              PF08898.14    52 >LH00406:11:22GHGVLT3:1:1101:30144:18048 -             87     0.023   15.4   0.4   2   2   2.6e-05     0.061   14.1   0.1    32    52    65    85    59    85 0.88 Domain of unknown function (DUF1843)
DUF489               PF04356.16   192 >LH00406:11:22GHGVLT3:1:1101:30144:18048 -             87     0.027   14.7   0.3   1   1   1.3e-05      0.03   14.5   0.3    69   128    21    82     4    86 0.76 Protein of unknown function (DUF489)
COG3_N               PF04136.19   147 >LH00406:11:22GHGVLT3:1:1101:30144:18048 -             87     0.032   14.4   1.2   1   1   1.7e-05     0.039   14.1   1.2    11    59    36    84    27    86 0.94 Conserved oligomeric Golgi complex subunit 3, N-terminal
DUF1192              PF06698.15    58 >LH00406:11:22GHGVLT3:1:1101:30144:18048 -             87      0.04   14.2   1.7   1   2       1.4   3.3e+03   -1.5   0.0    27    44    29    46    28    55 0.65 Protein of unknown function (DUF1192)
DUF1192              PF06698.15    58 >LH00406:11:22GHGVLT3:1:1101:30144:18048 -             87      0.04   14.2   1.7   2   2   3.2e-05     0.075   13.4   1.1    27    43    71    87    48    87 0.91 Protein of unknown function (DUF1192)
Occludin_ELL         PF07303.17   101 >LH00406:11:22GHGVLT3:1:1101:30144:18048 -             87     0.043   14.8   0.3   1   1   2.4e-05     0.055   14.4   0.3     9    69    22    83    15    86 0.81 Occludin homology domain
PhageMin_Tail        PF10145.13   201 >LH00406:11:22GHGVLT3:1:1101:30144:18048 -             87      0.05   13.6   0.1   1   1   2.4e-05     0.055   13.5   0.1   144   188    40    84    15    86 0.83 Phage-related minor tail protein
SlyX                 PF04102.16    67 >LH00406:11:22GHGVLT3:1:1101:30144:18048 -             87      0.47   11.3   2.7   1   1   0.00026      0.61   11.0   2.7     5    53    38    86    34    87 0.92 SlyX
pKID                 PF02173.21    41 >LH00406:11:22GHGVLT3:1:1101:50726:18048 -             78     0.055   13.2   1.1   1   2   0.00071        15    5.4   0.4    18    29     6    17     5    25 0.81 pKID domain
pKID                 PF02173.21    41 >LH00406:11:22GHGVLT3:1:1101:50726:18048 -             78     0.055   13.2   1.1   2   2   0.00032       6.7    6.5   0.0    23    35    38    50    37    54 0.88 pKID domain
His_Phos_1           PF00300.26   194 >LH00406:11:22GHGVLT3:1:1101:1490:18096 -             85     4e-06   26.8   0.0   1   1     3e-10   6.3e-06   26.2   0.0    68   145    17    84     1    85 0.76 Histidine phosphatase superfamily (branch 1)
Lar_restr_allev      PF14354.10    60 >LH00406:11:22GHGVLT3:1:1101:18984:18096 -             56     0.035   14.5   0.1   1   1   4.2e-06     0.044   14.2   0.1     2    18    27    43    26    49 0.84 Restriction alleviation protein Lar
DUF2162              PF09930.13   223 >LH00406:11:22GHGVLT3:1:1101:18984:18096 -             56     0.041   13.5   0.0   1   1     4e-06     0.042   13.5   0.0   100   115    26    41     5    45 0.79 Predicted transporter (DUF2162)
SusD_RagB            PF07980.15   295 >LH00406:11:22GHGVLT3:1:1101:30597:18096 -             51   4.6e-08   33.3   0.0   1   1   2.2e-12   4.6e-08   33.3   0.0   137   178     6    47     1    51 0.88 SusD family
Baculo_E56           PF04639.16   293 >LH00406:11:22GHGVLT3:1:1101:5937:18176 -             38       0.1   12.0   0.3   1   1   5.5e-06      0.11   11.9   0.3   131   154    10    33     7    37 0.85 Baculoviral E56 protein, specific to ODV envelope
HATPase_c            PF02518.30   111 >LH00406:11:22GHGVLT3:1:1101:40758:18176 -             87   1.9e-15   57.5   0.0   1   1   4.3e-19   2.2e-15   57.2   0.0     8    85    14    87     7    87 0.91 Histidine kinase-, DNA gyrase B-, and HSP90-like ATPase
HATPase_c_5          PF14501.10   102 >LH00406:11:22GHGVLT3:1:1101:40758:18176 -             87     0.002   18.3   0.0   1   1   4.7e-07    0.0024   18.0   0.0     9    80    15    87    11    87 0.81 GHKL domain
HATPase_c_3          PF13589.10   137 >LH00406:11:22GHGVLT3:1:1101:40758:18176 -             87      0.01   16.0   0.0   1   1   2.5e-06     0.013   15.7   0.0     6    61    15    71    11    77 0.75 Histidine kinase-, DNA gyrase B-, and HSP90-like ATPase
HATPase_c_2          PF13581.10   127 >LH00406:11:22GHGVLT3:1:1101:40758:18176 -             87     0.013   15.6   0.0   1   1     3e-06     0.016   15.4   0.0    43   109    23    86    15    87 0.82 Histidine kinase-like ATPase domain
Wound_ind            PF08186.15    44 >LH00406:11:22GHGVLT3:1:1101:42330:18176 -             74      0.14   12.8   3.3   1   1   9.4e-06      0.19   12.3   3.3     5    28    24    49    23    64 0.84 Wound-inducible basic protein family
DUF4143              PF13635.10   120 >LH00406:11:22GHGVLT3:1:1101:34184:18192 -             59   6.2e-10   39.3   0.0   1   1     3e-14   6.2e-10   39.3   0.0    65   107    11    56     1    59 0.83 Domain of unknown function (DUF4143)
TraF                 PF13728.10   224 >LH00406:11:22GHGVLT3:1:1101:36949:18240 -             82     0.097   12.6   0.1   1   1   6.1e-06      0.13   12.3   0.1   129   161     6    38     5    48 0.93 F plasmid transfer operon protein
Reg_prop             PF07494.15    24 >LH00406:11:22GHGVLT3:1:1101:11513:18256 -             69   1.2e-05   25.1   1.1   1   2   8.3e-07     0.017   15.4   0.1    10    23    14    27     5    28 0.78 Two component regulator propeller
Reg_prop             PF07494.15    24 >LH00406:11:22GHGVLT3:1:1101:11513:18256 -             69   1.2e-05   25.1   1.1   2   2   0.00017       3.5    8.4   0.1     4    19    54    69    51    69 0.86 Two component regulator propeller
Plug                 PF07715.19   107 >LH00406:11:22GHGVLT3:1:1101:49339:18304 -             56   1.9e-10   41.4   1.4   1   1   9.4e-15     2e-10   41.4   1.4    22    68     2    55     1    56 0.96 TonB-dependent Receptor Plug Domain
fn3                  PF00041.25    85 >LH00406:11:22GHGVLT3:1:1101:1518:18336 -             64   0.00063   20.2   0.4   1   2   1.6e-07    0.0032   17.9   0.0    59    84     1    27     1    28 0.88 Fibronectin type III domain
fn3                  PF00041.25    85 >LH00406:11:22GHGVLT3:1:1101:1518:18336 -             64   0.00063   20.2   0.4   2   2     0.039   8.2e+02    0.6   0.1    10    23    44    57    32    62 0.71 Fibronectin type III domain
CCSMST1              PF15013.10    74 >LH00406:11:22GHGVLT3:1:1101:11014:18352 -             81     0.037   14.4   0.1   1   2     1e-05      0.11   12.9   0.0    29    72    17    62     9    64 0.86 CCSMST1 family
CCSMST1              PF15013.10    74 >LH00406:11:22GHGVLT3:1:1101:11014:18352 -             81     0.037   14.4   0.1   2   2      0.24   2.5e+03   -1.1   0.0    51    61    68    78    65    80 0.82 CCSMST1 family
Sensor_TM1           PF13755.10    68 >LH00406:11:22GHGVLT3:1:1101:11014:18352 -             81      0.15   12.1   0.0   1   1   2.1e-05      0.22   11.5   0.0    23    39    25    41    19    49 0.87 Sensor N-terminal transmembrane domain
Cnn_1N               PF07989.15    74 >LH00406:11:22GHGVLT3:1:1101:22830:18352 -             77     0.008   16.5   1.0   1   1   2.7e-06     0.011   16.1   1.0    36    63    43    70    31    75 0.73 Centrosomin N-terminal motif 1
Sugarporin_N         PF11471.12    31 >LH00406:11:22GHGVLT3:1:1101:22830:18352 -             77     0.011   16.2   2.4   1   1     4e-06     0.017   15.6   2.4     5    23    58    76    57    77 0.87 Maltoporin periplasmic N-terminal extension
HTH_28               PF13518.10    52 >LH00406:11:22GHGVLT3:1:1101:22830:18352 -             77     0.037   14.3   0.0   1   1     2e-05     0.082   13.2   0.0    13    37     5    29     2    35 0.87 Helix-turn-helix domain
IFP_35_N             PF07334.17    76 >LH00406:11:22GHGVLT3:1:1101:22830:18352 -             77     0.058   13.7   1.6   1   2         3   1.3e+04   -3.4   0.0    10    16    33    39    27    42 0.50 Interferon-induced 35 kDa protein (IFP 35) N-terminus
IFP_35_N             PF07334.17    76 >LH00406:11:22GHGVLT3:1:1101:22830:18352 -             77     0.058   13.7   1.6   2   2   1.4e-05     0.059   13.6   0.6     4    27    47    70    45    74 0.91 Interferon-induced 35 kDa protein (IFP 35) N-terminus
HTH_23               PF13384.10    50 >LH00406:11:22GHGVLT3:1:1101:22830:18352 -             77      0.13   12.4   0.0   1   1     6e-05      0.25   11.4   0.0    18    42     5    29     2    34 0.88 Homeodomain-like domain
Sua5_C               PF03481.17   136 >LH00406:11:22GHGVLT3:1:1101:6788:18368 -             46     0.014   16.1   0.1   1   1   6.8e-07     0.014   16.1   0.1    39    77     1    42     1    46 0.89 Threonylcarbamoyl-AMP synthase, C-terminal domain
TPR_17               PF13431.10    34 >LH00406:11:22GHGVLT3:1:1101:39972:18416 -             60   1.3e-06   28.4   0.2   1   2   5.8e-05      0.11   13.0   0.0    11    33    10    32     2    33 0.92 Tetratricopeptide repeat
TPR_17               PF13431.10    34 >LH00406:11:22GHGVLT3:1:1101:39972:18416 -             60   1.3e-06   28.4   0.2   2   2   2.6e-05     0.049   14.1   0.1     2    24    35    57    34    60 0.88 Tetratricopeptide repeat
TPR_14               PF13428.10    45 >LH00406:11:22GHGVLT3:1:1101:39972:18416 -             60   1.1e-05   26.0   0.2   1   1   7.7e-09   1.5e-05   25.6   0.2     4    44    14    54    12    59 0.92 Tetratricopeptide repeat
TPR_1                PF00515.32    34 >LH00406:11:22GHGVLT3:1:1101:39972:18416 -             60   1.1e-05   25.2   0.4   1   2   1.2e-08   2.3e-05   24.2   0.1     2    33    13    44    12    45 0.95 Tetratricopeptide repeat
TPR_1                PF00515.32    34 >LH00406:11:22GHGVLT3:1:1101:39972:18416 -             60   1.1e-05   25.2   0.4   2   2       1.7   3.1e+03   -1.5   0.0     3    12    48    57    47    60 0.57 Tetratricopeptide repeat
TPR_2                PF07719.21    34 >LH00406:11:22GHGVLT3:1:1101:39972:18416 -             60   1.5e-05   25.0   0.4   1   2   2.8e-08   5.4e-05   23.2   0.1     2    33    13    44    12    45 0.94 Tetratricopeptide repeat
TPR_2                PF07719.21    34 >LH00406:11:22GHGVLT3:1:1101:39972:18416 -             60   1.5e-05   25.0   0.4   2   2      0.74   1.4e+03    0.1   0.0     2    13    47    58    46    60 0.67 Tetratricopeptide repeat
TPR_19               PF14559.10    68 >LH00406:11:22GHGVLT3:1:1101:39972:18416 -             60   0.00016   22.1   0.1   1   1   1.8e-07   0.00034   21.1   0.1    15    61     2    48     1    59 0.87 Tetratricopeptide repeat
TPR_12               PF13424.10    77 >LH00406:11:22GHGVLT3:1:1101:39972:18416 -             60   0.00034   20.9   0.1   1   1   2.2e-07   0.00041   20.7   0.1     3    52    12    58    10    59 0.79 Tetratricopeptide repeat
TPR_16               PF13432.10    68 >LH00406:11:22GHGVLT3:1:1101:39972:18416 -             60   0.00099   19.8   0.0   1   2   1.1e-06    0.0021   18.7   0.0    21    67     2    45     1    46 0.91 Tetratricopeptide repeat
TPR_16               PF13432.10    68 >LH00406:11:22GHGVLT3:1:1101:39972:18416 -             60   0.00099   19.8   0.0   2   2      0.26     5e+02    1.6   0.0    24    47    39    59    37    60 0.75 Tetratricopeptide repeat
TPR_8                PF13181.10    34 >LH00406:11:22GHGVLT3:1:1101:39972:18416 -             60    0.0018   18.5   0.5   1   2   2.2e-06    0.0042   17.3   0.1     2    32    13    43    12    45 0.94 Tetratricopeptide repeat
TPR_8                PF13181.10    34 >LH00406:11:22GHGVLT3:1:1101:39972:18416 -             60    0.0018   18.5   0.5   2   2       2.1   4.1e+03   -1.3   0.0     2     8    52    58    49    59 0.74 Tetratricopeptide repeat
ANAPC3               PF12895.11    82 >LH00406:11:22GHGVLT3:1:1101:39972:18416 -             60    0.0036   17.7   0.1   1   1     2e-06    0.0039   17.6   0.1    21    63     9    53     2    60 0.82 Anaphase-promoting complex, cyclosome, subunit 3
Staygreen            PF12638.11   147 >LH00406:11:22GHGVLT3:1:1101:39972:18416 -             60      0.11   12.6   0.1   1   1   6.6e-05      0.13   12.4   0.1    56    84     2    30     1    39 0.85 Staygreen protein
TPR_7                PF13176.10    36 >LH00406:11:22GHGVLT3:1:1101:39972:18416 -             60      0.11   12.8   0.2   1   2   0.00014      0.26   11.7   0.0     1    30    14    41    14    47 0.86 Tetratricopeptide repeat
TPR_7                PF13176.10    36 >LH00406:11:22GHGVLT3:1:1101:39972:18416 -             60      0.11   12.8   0.2   2   2       2.8   5.3e+03   -1.7   0.0     7    12    52    57    50    59 0.52 Tetratricopeptide repeat
LuxS                 PF02664.19   154 >LH00406:11:22GHGVLT3:1:1101:31568:18432 -             78   4.7e-10   39.6   0.0   1   1   3.1e-14   6.4e-10   39.2   0.0     1    37    43    78    43    78 0.97 S-Ribosylhomocysteinase (LuxS)
RoxA-like_Cyt-c      PF21419.1     39 >LH00406:11:22GHGVLT3:1:1101:6030:18464 -             72      0.19   11.6   0.0   1   1   1.5e-05       0.3   10.9   0.0    13    26    20    33    15    37 0.87 RoxA-like, cytochrome c-like
DUF4453              PF14627.10   107 >LH00406:11:22GHGVLT3:1:1101:12706:18464 -             45      0.23   11.8   0.0   1   1   1.2e-05      0.25   11.7   0.0    12    41    10    39     4    44 0.90 Domain of unknown function (DUF4453)
OrfB_IS605           PF01385.23   120 >LH00406:11:22GHGVLT3:1:1101:16053:18464 -             85   4.1e-10   40.1   0.2   1   1   3.1e-14   6.5e-10   39.5   0.2    21   101    10    84     4    85 0.87 Probable transposase
Chlorovi_GP_rpt      PF06598.15    34 >LH00406:11:22GHGVLT3:1:1101:42857:18512 -             74       1.5    9.2   3.8   1   2   2.4e-05      0.49   10.7   0.8     2    15    15    28    14    36 0.84 Chlorovirus glycoprotein repeat
Chlorovi_GP_rpt      PF06598.15    34 >LH00406:11:22GHGVLT3:1:1101:42857:18512 -             74       1.5    9.2   3.8   2   2      0.16   3.3e+03   -1.5   0.1    27    29    48    50    40    53 0.51 Chlorovirus glycoprotein repeat
DUF3427              PF11907.12   280 >LH00406:11:22GHGVLT3:1:1101:28701:18528 -             69   5.5e-09   35.9   0.0   1   1   2.8e-13   5.9e-09   35.8   0.0   166   237     1    69     1    69 0.93 Domain of unknown function (DUF3427)
ANAPC4_WD40          PF12894.11    91 >LH00406:11:22GHGVLT3:1:1101:12613:18560 -             57     0.067   13.6   0.0   1   1   3.3e-06     0.068   13.6   0.0    45    75    20    50     4    56 0.82 Anaphase-promoting complex subunit 4 WD40 domain
OEP                  PF02321.22   187 >LH00406:11:22GHGVLT3:1:1101:23653:18560 -             50   7.4e-06   26.1   0.6   1   1   3.7e-10   7.8e-06   26.0   0.6    68   116     1    49     1    50 0.97 Outer membrane efflux protein
DUF5686              PF18939.4    669 >LH00406:11:22GHGVLT3:1:1101:8794:18576 -             86   0.00021   20.1   0.1   1   1   1.1e-08   0.00022   20.0   0.1   233   278    19    64    11    77 0.81 Family of unknown function (DUF5686)
DUF5686              PF18939.4    669 >LH00406:11:22GHGVLT3:1:1101:36034:18576 -             86   0.00021   20.1   0.1   1   1     1e-08   0.00022   20.0   0.1   233   278    19    64    10    77 0.81 Family of unknown function (DUF5686)
AAA-ATPase_like      PF09820.13   279 >LH00406:11:22GHGVLT3:1:1101:46907:18576 -             85   6.7e-15   55.4   0.0   1   1   1.3e-18   6.8e-15   55.4   0.0   125   192    11    85     1    85 0.81 Predicted AAA-ATPase
DAP3                 PF10236.13   311 >LH00406:11:22GHGVLT3:1:1101:46907:18576 -             85     0.013   14.9   0.0   1   1   2.8e-06     0.014   14.8   0.0   131   201     2    72     1    83 0.81 Mitochondrial ribosomal death-associated protein 3
DUF512               PF04459.16   202 >LH00406:11:22GHGVLT3:1:1101:46907:18576 -             85     0.014   14.9   0.0   1   1   2.8e-06     0.015   14.8   0.0    33    93    16    75     3    85 0.82 Protein of unknown function (DUF512)
AAA_14               PF13173.10   130 >LH00406:11:22GHGVLT3:1:1101:46907:18576 -             85     0.097   12.9   0.1   1   1   4.1e-05      0.21   11.8   0.1    50    98    12    83     1    85 0.73 AAA domain
Glyco_hydro_127      PF07944.16   376 >LH00406:11:22GHGVLT3:1:1101:25373:18624 -             72   5.7e-05   22.5   0.0   1   1   2.8e-09   5.7e-05   22.5   0.0    40    92     3    50     1    68 0.88 Beta-L-arabinofuranosidase, GH127 catalytic domain
DUF3818              PF12825.11   338 >LH00406:11:22GHGVLT3:1:1101:42367:18624 -             86     0.048   12.9   1.3   1   1   4.6e-06     0.048   12.9   1.3   103   155    14    66     9    83 0.89 Domain of unknown function in PX-proteins (DUF3818)
MCM_C                PF21100.1     64 >LH00406:11:22GHGVLT3:1:1101:42367:18624 -             86     0.054   13.6   1.4   1   1   7.7e-06      0.08   13.0   1.4    27    49    26    48    17    60 0.91 MCM protein C-terminal winged helix-turn-helix domain
Flag1_repress        PF03614.17   170 >LH00406:11:22GHGVLT3:1:1101:16663:18689 -             82      0.18   11.8   0.0   1   1     9e-06      0.19   11.8   0.0    23    86     7    63     2    81 0.76 Repressor of phase-1 flagellin
Fn3-like             PF14310.10    71 >LH00406:11:22GHGVLT3:1:1101:11513:18705 -             60   5.9e-13   48.9   0.0   1   1   3.4e-17   7.2e-13   48.7   0.0    23    71     1    48     1    48 0.96 Fibronectin type III-like domain
CarbopepD_reg_2      PF13715.10    88 >LH00406:11:22GHGVLT3:1:1101:21277:18705 -             66   0.00029   21.0   0.0   1   1   2.8e-08   0.00029   21.0   0.0    26    66    18    57     1    66 0.79 CarboxypepD_reg-like domain
CarboxypepD_reg      PF13620.10    82 >LH00406:11:22GHGVLT3:1:1101:21277:18705 -             66     0.006   17.1   0.0   1   1     6e-07    0.0063   17.1   0.0    15    63     2    50     1    64 0.82 Carboxypeptidase regulatory-like domain
Toxin_35             PF10530.13    61 >LH00406:11:22GHGVLT3:1:1101:47036:18705 -             64     0.027   14.7   2.2   1   1   1.9e-06      0.04   14.1   2.2    26    41     3    18     2    25 0.86 Toxin with inhibitor cystine knot ICK or Knottin scaffold
CoxIIa               PF08113.15    33 >LH00406:11:22GHGVLT3:1:1101:22044:18785 -             70      0.79    9.8   7.6   1   1   7.2e-05       1.5    8.9   7.6    14    27     2    16     1    17 0.80 Cytochrome c oxidase subunit IIa family
TMEM208_SND2         PF05620.15   167 >LH00406:11:22GHGVLT3:1:1101:47711:18785 -             46    0.0039   17.2   0.5   1   1   1.9e-07    0.0039   17.2   0.5     3    38     3    38     1    46 0.89 SRP-independent targeting protein 2/TMEM208
Metallothio_6        PF05522.15    65 >LH00406:11:22GHGVLT3:1:1101:15664:18817 -             81     0.068   13.9  14.3   1   1   4.4e-06     0.091   13.5  14.3    14    58     8    52     4    54 0.92 Metallothionein
Adeno_E3B            PF03376.18    67 >LH00406:11:22GHGVLT3:1:1101:45936:18817 -             59     0.039   14.4   2.2   1   1   2.3e-06     0.048   14.1   2.2    16    43     7    34     3    42 0.88 Adenovirus E3B protein
Smr                  PF01713.25    77 >LH00406:11:22GHGVLT3:1:1101:7352:18833 -             83      0.21   12.0   0.0   1   1   1.1e-05      0.23   11.8   0.0    25    67    33    75    31    83 0.76 Smr domain
ResB                 PF05140.18   493 >LH00406:11:22GHGVLT3:1:1101:25142:18833 -             60     0.018   14.1   0.0   1   1   8.6e-07     0.018   14.1   0.0   155   194    14    53     6    60 0.85 ResB-like family
AHJR-like            PF18743.5    123 >LH00406:11:22GHGVLT3:1:1101:27416:18833 -             43     0.012   15.3   0.0   1   1   5.9e-07     0.012   15.3   0.0    34    63     3    32     1    42 0.84 REase_AHJR-like
LPG_synthase_C       PF09924.13   298 >LH00406:11:22GHGVLT3:1:1101:36819:18849 -             72     0.056   12.7   0.0   1   1     6e-06     0.062   12.5   0.0    26    82    14    71     9    72 0.89 Phosphatidylglycerol lysyltransferase, C-terminal
DUF3601              PF12208.12    79 >LH00406:11:22GHGVLT3:1:1101:36819:18849 -             72     0.094   13.1   0.5   1   2     0.047   4.9e+02    1.2   0.0    31    47    16    32     7    37 0.74 Domain of unknown function (DUF3601)
DUF3601              PF12208.12    79 >LH00406:11:22GHGVLT3:1:1101:36819:18849 -             72     0.094   13.1   0.5   2   2   4.2e-05      0.43   11.0   0.3    17    47    36    67    25    71 0.80 Domain of unknown function (DUF3601)
Fer4_21              PF14697.10    59 >LH00406:11:22GHGVLT3:1:1101:1962:18881 -             65     0.026   14.9   2.3   1   1   1.8e-06     0.037   14.4   2.3    33    56    35    58    29    61 0.85 4Fe-4S dicluster domain
2-Hacid_dh_C         PF02826.23   178 >LH00406:11:22GHGVLT3:1:1101:42210:18897 -             79    0.0084   15.7   0.1   1   1   4.5e-07    0.0094   15.5   0.1    60   120    10    68     2    72 0.82 D-isomer specific 2-hydroxyacid dehydrogenase, NAD binding domain
Polysacc_synt_C      PF14667.10   142 >LH00406:11:22GHGVLT3:1:1101:13029:18929 -             78   8.9e-11   42.3  14.6   1   1   9.4e-15   9.7e-11   42.2  14.6    59   139     1    77     1    78 0.88 Polysaccharide biosynthesis C-terminal domain
DUF5313              PF17240.6    123 >LH00406:11:22GHGVLT3:1:1101:13029:18929 -             78       8.3    7.0   7.6   1   1   0.00073       7.6    7.2   6.9    41    79    34    72    27    78 0.79 Family of unknown function (DUF5313)
DAGK_cat             PF00781.28   125 >LH00406:11:22GHGVLT3:1:1101:21286:18977 -             76   1.7e-06   27.9   0.0   1   1   9.3e-11   1.9e-06   27.7   0.0    83   123     1    41     1    43 0.94 Diacylglycerol kinase catalytic domain
PLDc_2               PF13091.10   132 >LH00406:11:22GHGVLT3:1:1101:23607:18993 -             70   2.3e-05   24.4   0.0   1   1   2.8e-09     3e-05   24.0   0.0    94   130     1    37     1    39 0.96 PLD-like domain
RE_NgoFVII           PF09565.14   162 >LH00406:11:22GHGVLT3:1:1101:23607:18993 -             70     0.018   14.6   0.0   1   1   1.8e-06     0.019   14.5   0.0   111   158     2    48     1    52 0.87 NgoFVII restriction endonuclease N-terminal PLD domain
PAN_2                PF08276.15    67 >LH00406:11:22GHGVLT3:1:1101:29413:19025 -             75     0.083   13.2   5.3   1   1   5.2e-06      0.11   12.9   5.3    29    46    58    75    48    75 0.88 PAN-like domain
Metallophos          PF00149.32   191 >LH00406:11:22GHGVLT3:1:1101:27610:19073 -             84     0.016   15.8   0.2   1   1   8.6e-07     0.018   15.7   0.2    50   116     8    75     2    83 0.65 Calcineurin-like phosphoesterase
AAA_14               PF13173.10   130 >LH00406:11:22GHGVLT3:1:1101:34434:19073 -             73   1.4e-09   38.2   0.0   1   1   8.2e-14   1.7e-09   38.0   0.0     4    48    21    70    18    72 0.90 AAA domain
GSK-3_bind           PF05350.16   238 >LH00406:11:22GHGVLT3:1:1101:13066:19089 -             76     0.044   13.4   0.0   1   1   2.5e-06     0.052   13.2   0.0   150   178    47    75    36    76 0.93 Glycogen synthase kinase-3 binding
DUF4781              PF16013.9    310 >LH00406:11:22GHGVLT3:1:1101:20417:19137 -             55      0.14   11.2   0.4   1   1   6.4e-06      0.13   11.2   0.4   105   146     8    49     1    54 0.83 Domain of unknown function (DUF4781)
MatE                 PF01554.22   161 >LH00406:11:22GHGVLT3:1:1101:42608:19137 -             69   3.5e-13   49.8   2.2   1   1   1.8e-17   3.7e-13   49.7   2.2    19    86     1    68     1    69 0.98 MatE
GIDA                 PF01134.26   391 >LH00406:11:22GHGVLT3:1:1101:1499:19169 -             68     4e-05   23.0   0.0   1   1   6.4e-09   4.4e-05   22.9   0.0    92   155     1    47     1    68 0.82 Glucose inhibited division protein A
IU_nuc_hydro         PF01156.23   297 >LH00406:11:22GHGVLT3:1:1101:1499:19169 -             68    0.0082   16.0   0.0   1   1   1.3e-06    0.0093   15.9   0.0    91   130    11    50     2    54 0.77 Inosine-uridine preferring nucleoside hydrolase
Aldo_ket_red         PF00248.25   291 >LH00406:11:22GHGVLT3:1:1101:1499:19169 -             68     0.034   13.4   0.0   1   1   5.4e-06     0.038   13.3   0.0   152   200     4    51     1    56 0.90 Aldo/keto reductase family
Peptidase_S8         PF00082.26   283 >LH00406:11:22GHGVLT3:1:1101:3885:19169 -             71   1.4e-07   31.3   0.0   1   1   6.9e-12   1.4e-07   31.3   0.0   216   261     6    55     1    71 0.70 Subtilase family
DUF4468              PF14730.10    92 >LH00406:11:22GHGVLT3:1:1101:21083:19201 -             50   4.3e-05   24.0   0.3   1   2      0.18   3.8e+03   -1.5   0.0    34    42     8    16     2    18 0.68 Domain of unknown function (DUF4468) with TBP-like fold
DUF4468              PF14730.10    92 >LH00406:11:22GHGVLT3:1:1101:21083:19201 -             50   4.3e-05   24.0   0.3   2   2   4.1e-09   8.6e-05   23.0   0.1     1    31    20    50    20    50 0.96 Domain of unknown function (DUF4468) with TBP-like fold
FrhB_FdhB_C          PF04432.17   151 >LH00406:11:22GHGVLT3:1:1101:9312:19217 -             84   1.6e-09   37.9   0.0   1   1     2e-13   2.1e-09   37.6   0.0     2    48    40    83    39    84 0.92 Coenzyme F420 hydrogenase/dehydrogenase, beta subunit C terminus
NTR                  PF01759.25   106 >LH00406:11:22GHGVLT3:1:1101:9312:19217 -             84      0.13   12.3   0.0   1   1   1.5e-05      0.16   12.0   0.0     8    67     2    63     1    65 0.93 UNC-6/NTR/C345C module
zinc_ribbon_12       PF11331.12    45 >LH00406:11:22GHGVLT3:1:1101:30782:19249 -             82     0.065   13.2   0.0   1   3      0.26   5.4e+03   -2.5   0.1     5     9    13    17    12    18 0.84 Probable zinc-ribbon domain
zinc_ribbon_12       PF11331.12    45 >LH00406:11:22GHGVLT3:1:1101:30782:19249 -             82     0.065   13.2   0.0   2   3   3.1e-06     0.065   13.2   0.0     6    19    42    55    39    59 0.89 Probable zinc-ribbon domain
zinc_ribbon_12       PF11331.12    45 >LH00406:11:22GHGVLT3:1:1101:30782:19249 -             82     0.065   13.2   0.0   3   3      0.34     7e+03   -2.9   0.0    23    32    68    77    64    78 0.51 Probable zinc-ribbon domain
SpoVT_C              PF15714.9    128 >LH00406:11:22GHGVLT3:1:1101:14888:19265 -             74   4.1e-14   52.9   0.3   1   1   5.2e-18   5.4e-14   52.5   0.3     2    45    31    74    30    74 0.97 Stage V sporulation protein T C-terminal, transcription factor
MazE_antitoxin       PF04014.22    47 >LH00406:11:22GHGVLT3:1:1101:14888:19265 -             74      0.15   12.1   0.0   1   1     2e-05      0.21   11.6   0.0    21    45     4    28     2    30 0.92 Antidote-toxin recognition MazE, bacterial antitoxin
Cas6b_N              PF17955.5    105 >LH00406:11:22GHGVLT3:1:1101:12826:19313 -             60     0.027   14.7   0.1   1   1   1.5e-06     0.031   14.6   0.1    50    64    24    38     9    45 0.85 Cas6b N-terminal domain
Mob_Pre              PF01076.23   196 >LH00406:11:22GHGVLT3:1:1101:34563:19329 -             46   0.00056   20.0   0.1   1   1   3.1e-08   0.00065   19.8   0.1   128   159     1    34     1    42 0.80 Plasmid recombination enzyme
Voldacs              PF03517.17   138 >LH00406:11:22GHGVLT3:1:1101:41960:19329 -             72      0.31   11.4   0.0   1   1   1.8e-05      0.36   11.1   0.0    19    47    26    52    17    57 0.79 Regulator of volume decrease after cellular swelling
HATPase_c_4          PF13749.10    89 >LH00406:11:22GHGVLT3:1:1101:14730:19345 -             44   2.8e-10   40.2   0.0   1   1   1.4e-14     3e-10   40.2   0.0     8    50     2    43     1    44 0.95 Putative ATP-dependent DNA helicase recG C-terminal
Peptidase_C69        PF03577.19   402 >LH00406:11:22GHGVLT3:1:1101:40860:19345 -             57   1.9e-13   50.4   0.0   1   1   9.7e-18     2e-13   50.3   0.0   140   188     2    57     1    57 0.95 Peptidase family C69
Bac_transf           PF02397.20   180 >LH00406:11:22GHGVLT3:1:1101:48442:19345 -             48   1.4e-11   44.4   0.1   1   1   6.9e-16   1.4e-11   44.4   0.1    28    64     1    37     1    48 0.84 Bacterial sugar transferase
DNA_pol3_beta_3      PF02768.19   121 >LH00406:11:22GHGVLT3:1:1101:31096:19474 -             57   4.4e-09   36.4   0.0   1   1   2.2e-13   4.6e-09   36.3   0.0    58   111     3    56     1    57 0.94 DNA polymerase III beta subunit, C-terminal domain
Glycos_transf_2      PF00535.30   168 >LH00406:11:22GHGVLT3:1:1101:41618:19474 -             86   1.8e-08   34.7   0.0   1   1   2.7e-12   1.9e-08   34.6   0.0    57   124     2    68     1    84 0.90 Glycosyl transferase family 2
Glyco_tranf_2_2      PF10111.13   276 >LH00406:11:22GHGVLT3:1:1101:41618:19474 -             86     0.015   15.0   0.0   1   1   2.6e-06     0.018   14.7   0.0    68   107     9    48     2    57 0.89 Glycosyltransferase like family 2
BLUF                 PF04940.16    92 >LH00406:11:22GHGVLT3:1:1101:41618:19474 -             86     0.035   14.5   0.0   1   1   6.4e-06     0.044   14.1   0.0    37    85    17    64     4    67 0.90 Sensors of blue-light using FAD
Glyco_hydro_92N      PF17678.5    236 >LH00406:11:22GHGVLT3:1:1101:9322:19522 -             68   7.5e-16   58.9   0.4   1   1   3.9e-20   8.1e-16   58.8   0.4     1    64     6    68     6    68 0.96 Glycosyl hydrolase family 92 N-terminal domain
CarbopepD_reg_2      PF13715.10    88 >LH00406:11:22GHGVLT3:1:1101:17606:19522 -             62   5.4e-15   55.4   1.2   1   1   1.1e-18     6e-15   55.2   1.2     2    55    10    61     9    62 0.93 CarboxypepD_reg-like domain
CarboxypepD_reg      PF13620.10    82 >LH00406:11:22GHGVLT3:1:1101:17606:19522 -             62   1.2e-09   38.6   0.3   1   1   2.7e-13   1.4e-09   38.4   0.3     3    59    10    61     9    62 0.92 Carboxypeptidase regulatory-like domain
CooC_C               PF15976.9     93 >LH00406:11:22GHGVLT3:1:1101:17606:19522 -             62     0.006   16.8   0.6   1   1   1.2e-06    0.0064   16.7   0.6    13    62     3    54     1    60 0.81 CS1-pili formation C-terminal
DUF2969              PF11184.12    71 >LH00406:11:22GHGVLT3:1:1101:17606:19522 -             62     0.018   15.8   0.5   1   1   4.3e-06     0.022   15.5   0.5    12    51    13    52    12    58 0.88 Protein of unknown function (DUF2969)
Somatomedin_B        PF01033.21    40 >LH00406:11:22GHGVLT3:1:1101:44910:19538 -             76     0.093   13.3   1.6   1   1   1.2e-05      0.13   12.8   1.6     3    33    20    53    18    55 0.90 Somatomedin B domain
WRC                  PF08879.14    43 >LH00406:11:22GHGVLT3:1:1101:44910:19538 -             76      0.45   10.4   0.3   1   3   4.4e-05      0.45   10.4   0.3    19    32    12    25    10    31 0.84 WRC
WRC                  PF08879.14    43 >LH00406:11:22GHGVLT3:1:1101:44910:19538 -             76      0.45   10.4   0.3   2   3    0.0074        77    3.3   3.1     8    28    31    51    24    55 0.75 WRC
WRC                  PF08879.14    43 >LH00406:11:22GHGVLT3:1:1101:44910:19538 -             76      0.45   10.4   0.3   3   3      0.47   4.9e+03   -2.5   0.1    33    39    65    71    63    73 0.56 WRC
Biotin_lipoyl_2      PF13533.10    50 >LH00406:11:22GHGVLT3:1:1101:12068:19570 -             42   4.8e-11   42.4   0.0   1   1   2.1e-14   5.4e-11   42.3   0.0     9    47     1    39     1    40 0.96 Biotin-lipoyl like
Biotin_lipoyl        PF00364.26    73 >LH00406:11:22GHGVLT3:1:1101:12068:19570 -             42    0.0013   18.7   0.0   1   1   5.2e-07    0.0013   18.7   0.0    16    41     5    30     1    39 0.83 Biotin-requiring enzyme
HlyD_3               PF13437.10   106 >LH00406:11:22GHGVLT3:1:1101:12068:19570 -             42     0.026   15.4   0.0   1   1     1e-05     0.027   15.3   0.0     8    40     3    32     1    41 0.81 HlyD family secretion protein
DUF2254              PF10011.13   368 >LH00406:11:22GHGVLT3:1:1101:12068:19570 -             42     0.028   13.5   0.0   1   1   1.1e-05     0.028   13.5   0.0   223   259     5    37     2    42 0.77 Predicted membrane protein (DUF2254)
HlyD_D23             PF16576.9    214 >LH00406:11:22GHGVLT3:1:1101:12068:19570 -             42     0.046   13.2   0.0   1   1   1.8e-05     0.046   13.2   0.0    28    58     3    32     1    41 0.83 Barrel-sandwich domain of CusB or HlyD membrane-fusion
PYNP_C               PF07831.17    75 >LH00406:11:22GHGVLT3:1:1101:12068:19570 -             42     0.065   13.1   0.0   1   1   2.6e-05     0.068   13.0   0.0    34    59     6    31     6    42 0.76 Pyrimidine nucleoside phosphorylase C-terminal domain
PTS_EIIA_1           PF00358.24   127 >LH00406:11:22GHGVLT3:1:1101:12068:19570 -             42     0.075   12.9   0.0   1   1   2.9e-05     0.075   12.9   0.0    85   114     7    36     2    41 0.85 phosphoenolpyruvate-dependent sugar phosphotransferase system, EIIA 1
YqfD                 PF06898.15   379 >LH00406:11:22GHGVLT3:1:1101:12068:19570 -             42     0.076   12.1   0.0   1   1   3.1e-05      0.08   12.0   0.0   206   225     9    28     7    40 0.73 Putative stage IV sporulation protein YqfD
DUF2961              PF11175.12   234 >LH00406:11:22GHGVLT3:1:1101:25715:19570 -             69   1.7e-20   73.8   0.0   1   1   8.7e-25   1.8e-20   73.7   0.0    33   100     3    69     1    69 0.96 Protein of unknown function (DUF2961)
DUF134               PF02001.20    98 >LH00406:11:22GHGVLT3:1:1101:6991:19586 -             70     0.062   14.1   0.0   1   1   6.3e-06     0.065   14.0   0.0    26    74     6    54     1    60 0.85 Protein of unknown function  DUF134
HTH_17               PF12728.11    51 >LH00406:11:22GHGVLT3:1:1101:6991:19586 -             70      0.16   12.4   0.0   1   1   2.4e-05      0.25   11.8   0.0    12    28    41    57    34    65 0.90 Helix-turn-helix domain
T2SSM                PF04612.16   159 >LH00406:11:22GHGVLT3:1:1101:13519:19586 -             89      0.18   12.1   0.0   1   1   9.4e-06      0.19   12.1   0.0   106   135    12    41     4    66 0.87 Type II secretion system (T2SS), protein M
YWFCY                PF14293.10   144 >LH00406:11:22GHGVLT3:1:1101:5309:19618 -             66   6.5e-06   26.4   0.1   1   1   6.8e-10   7.1e-06   26.3   0.1    61   116     2    58     1    64 0.85 YWFCY protein
DUF3112              PF11309.12   217 >LH00406:11:22GHGVLT3:1:1101:5309:19618 -             66    0.0069   16.1   0.4   1   1   7.7e-07     0.008   15.9   0.4   167   217     8    59     4    59 0.79 Protein of unknown function (DUF3112)
CTLH                 PF10607.13   146 >LH00406:11:22GHGVLT3:1:1101:47933:19650 -             62     0.097   12.9   0.0   1   1   6.3e-06      0.13   12.5   0.0    13    44    29    60    21    62 0.89 CTLH/CRA C-terminal to LisH motif domain
Dicty_CAR            PF05462.15   305 >LH00406:11:22GHGVLT3:1:1101:49024:19650 -             46   0.00024   20.6   0.2   1   1   1.1e-08   0.00024   20.6   0.2    88   122     7    41     1    46 0.87 Slime mold cyclic AMP receptor
Glycolytic           PF00274.23   349 >LH00406:11:22GHGVLT3:1:1101:50901:19666 -             88     0.085   11.8   0.2   1   1   4.6e-06     0.096   11.6   0.2   167   196    29    58    23    74 0.81 Fructose-bisphosphate aldolase class-I
Glyco_tran_WbsX      PF14307.10   350 >LH00406:11:22GHGVLT3:1:1101:48516:19698 -             59   3.7e-10   40.0   0.0   1   1   1.8e-14   3.8e-10   39.9   0.0   252   307     3    58     1    59 0.96 Glycosyltransferase WbsX
GATase               PF00117.32   190 >LH00406:11:22GHGVLT3:1:1101:38576:19810 -             87   3.9e-20   72.5   0.0   1   1     4e-24   4.2e-20   72.4   0.0    66   151     2    86     1    87 0.95 Glutamine amidotransferase class-I
Peptidase_C26        PF07722.17   219 >LH00406:11:22GHGVLT3:1:1101:38576:19810 -             87   0.00024   21.1   0.0   1   1   3.1e-07    0.0033   17.4   0.0   103   197     5    86     2    87 0.66 Peptidase C26
FloA                 PF12127.12   314 >LH00406:11:22GHGVLT3:1:1101:23884:19826 -             58   2.2e-21   76.4   0.1   1   1   1.2e-25   2.4e-21   76.3   0.1    32    89     1    58     1    58 0.98 Flotillin-like protein FloA
MDFI                 PF15316.10   172 >LH00406:11:22GHGVLT3:1:1101:20186:19858 -             74      0.26   11.5   3.6   1   1   1.4e-05      0.28   11.3   3.6    99   122    15    40    12    62 0.83 MyoD family inhibitor
ChlI                 PF13541.10   121 >LH00406:11:22GHGVLT3:1:1101:18309:19874 -             74   3.3e-28   98.2   0.0   1   1   1.7e-32   3.6e-28   98.1   0.0    21    92     1    74     1    74 0.97 Subunit ChlI of Mg-chelatase
SMC_N                PF02463.23   220 >LH00406:11:22GHGVLT3:1:1101:7777:19890 -             69   1.4e-05   24.8   0.1   1   1   1.2e-08   1.5e-05   24.8   0.1    22    48    17    43     8    57 0.83 RecF/RecN/SMC N terminal domain
AAA_29               PF13555.10    61 >LH00406:11:22GHGVLT3:1:1101:7777:19890 -             69   2.2e-05   24.3   0.1   1   1   2.2e-08   2.7e-05   24.0   0.1    14    46    14    43     6    51 0.78 P-loop containing region of AAA domain
AAA_15               PF13175.10   399 >LH00406:11:22GHGVLT3:1:1101:7777:19890 -             69   3.7e-05   23.7   0.0   1   1   3.1e-08   3.7e-05   23.7   0.0    19    49    17    45    10    65 0.80 AAA ATPase domain
AAA_23               PF13476.10   201 >LH00406:11:22GHGVLT3:1:1101:7777:19890 -             69   5.5e-05   24.0   0.0   1   1   4.5e-08   5.5e-05   24.0   0.0    21    40    21    40    10    62 0.86 AAA domain
ABC_tran             PF00005.31   137 >LH00406:11:22GHGVLT3:1:1101:7777:19890 -             69     7e-05   23.7   0.0   1   1   6.3e-08   7.7e-05   23.6   0.0    13    37    21    45    16    65 0.86 ABC transporter
AAA_21               PF13304.10   304 >LH00406:11:22GHGVLT3:1:1101:7777:19890 -             69    0.0009   19.4   0.1   1   1   7.8e-07   0.00096   19.4   0.1     1    19    21    39    21    57 0.81 AAA domain, putative AbiEii toxin, Type IV TA system
AAA_22               PF13401.10   130 >LH00406:11:22GHGVLT3:1:1101:7777:19890 -             69    0.0063   17.0   0.0   1   1   5.7e-06     0.007   16.9   0.0     7    31    21    45    18    68 0.77 AAA domain
FBPase_C             PF18913.4    128 >LH00406:11:22GHGVLT3:1:1101:7777:19890 -             69     0.018   15.1   0.0   1   1   1.6e-05      0.02   14.9   0.0    73   126    10    63     5    65 0.92 Fructose-1-6-bisphosphatase, C-terminal domain
AAA_16               PF13191.10   167 >LH00406:11:22GHGVLT3:1:1101:7777:19890 -             69     0.032   14.9   0.0   1   1   2.6e-05     0.032   14.9   0.0    24    61    19    56     8    69 0.67 AAA ATPase domain
YobI-ATPase          PF20693.1    363 >LH00406:11:22GHGVLT3:1:1101:7777:19890 -             69     0.047   13.4   0.1   1   1     4e-05     0.049   13.3   0.1    17    40    22    45     8    56 0.81 YobI-like P-loop NTPase
DUF2813              PF11398.12   372 >LH00406:11:22GHGVLT3:1:1101:7777:19890 -             69     0.054   13.1   0.0   1   1   4.4e-05     0.054   13.1   0.0    23    52    20    49    14    64 0.83 Protein of unknown function (DUF2813)
RsgA_GTPase          PF03193.20   174 >LH00406:11:22GHGVLT3:1:1101:7777:19890 -             69     0.072   13.1   0.1   1   1   6.1e-05     0.074   13.1   0.1   103   130    16    43     6    56 0.82 RsgA GTPase
AAA_30               PF13604.10   191 >LH00406:11:22GHGVLT3:1:1101:7777:19890 -             69      0.12   12.3   0.0   1   1   0.00011      0.14   12.1   0.0    20    61    21    62    12    65 0.87 AAA domain
FtsK_SpoIIIE         PF01580.22   221 >LH00406:11:22GHGVLT3:1:1101:7777:19890 -             69      0.15   11.6   0.1   1   1   0.00013      0.15   11.6   0.1    42    62    22    42     1    49 0.76 FtsK/SpoIIIE family
MMR_HSR1             PF01926.27   113 >LH00406:11:22GHGVLT3:1:1101:7777:19890 -             69      0.16   12.3   0.0   1   1   0.00015      0.18   12.1   0.0     3    28    23    49    21    66 0.82 50S ribosome-binding GTPase
AAA_19               PF13245.10   135 >LH00406:11:22GHGVLT3:1:1101:7777:19890 -             69      0.17   12.2   0.0   1   1   0.00015      0.18   12.1   0.0    11    40    19    48    13    64 0.82 AAA domain
NACHT                PF05729.16   167 >LH00406:11:22GHGVLT3:1:1101:7777:19890 -             69      0.25   11.4   0.0   1   1   0.00024       0.3   11.1   0.0     2    24    21    43    20    49 0.86 NACHT domain
FKBP_C               PF00254.32    94 >LH00406:11:22GHGVLT3:1:1101:6751:19906 -             81   7.9e-05   23.1   0.0   1   2   6.4e-09   0.00013   22.4   0.0    68    94     2    27     1    27 0.94 FKBP-type peptidyl-prolyl cis-trans isomerase
FKBP_C               PF00254.32    94 >LH00406:11:22GHGVLT3:1:1101:6751:19906 -             81   7.9e-05   23.1   0.0   2   2      0.88   1.8e+04   -3.7   0.0    36    44    38    46    33    48 0.45 FKBP-type peptidyl-prolyl cis-trans isomerase
BOFC_N               PF08977.14    51 >LH00406:11:22GHGVLT3:1:1101:19307:19906 -             68      0.15   12.3   0.0   1   1   1.2e-05      0.24   11.6   0.0    17    33    49    65    46    66 0.92 Bypass of Forespore C, N terminal
Hydrolase_3          PF08282.16   255 >LH00406:11:22GHGVLT3:1:1101:34268:19906 -             55   4.1e-06   26.9   0.8   1   1   2.1e-10   4.4e-06   26.8   0.8   210   255     1    46     1    46 0.96 haloacid dehalogenase-like hydrolase
FucT_N               PF18025.5     92 >LH00406:11:22GHGVLT3:1:1101:45927:19922 -             87    0.0084   16.7   0.0   1   1   5.1e-07     0.011   16.4   0.0    42    86    21    66     9    68 0.89 Alpha-(1,3)-fucosyltransferase FucT N-terminal domain
NRIP1_repr_3         PF15689.9     88 >LH00406:11:22GHGVLT3:1:1101:43135:19954 -             80     0.063   13.8   0.0   1   1   3.2e-06     0.067   13.7   0.0    15    59     7    51     2    69 0.89 Nuclear receptor-interacting protein 1 repression 3
TBCC_N               PF16752.9    115 >LH00406:11:22GHGVLT3:1:1101:17467:20018 -             86   0.00047   20.7   0.3   1   1   9.6e-08    0.0005   20.6   0.3    53    90    21    70     2    86 0.73 Tubulin-specific chaperone C N-terminal domain
Dynactin_p22         PF07426.15   168 >LH00406:11:22GHGVLT3:1:1101:17467:20018 -             86    0.0056   16.7   0.6   1   1   1.2e-06    0.0062   16.6   0.6    72   114    20    63     9    78 0.84 Dynactin subunit p22
Flg_hook             PF02120.20    85 >LH00406:11:22GHGVLT3:1:1101:17467:20018 -             86     0.094   12.7   0.3   1   1   2.4e-05      0.12   12.4   0.3    43    75    23    55    12    62 0.83 Flagellar hook-length control protein FliK
DUF4384              PF14326.10    81 >LH00406:11:22GHGVLT3:1:1101:17467:20018 -             86      0.15   12.4   0.0   1   1   4.6e-05      0.24   11.7   0.0    14    37    59    82    52    86 0.83 Domain of unknown function (DUF4384)
Salyut               PF19227.4     51 >LH00406:11:22GHGVLT3:1:1101:36089:20050 -             67    0.0086   16.4   0.5   1   2     0.022   4.6e+02    1.2   0.0    34    49    22    37    17    39 0.79 Salyut domain
Salyut               PF19227.4     51 >LH00406:11:22GHGVLT3:1:1101:36089:20050 -             67    0.0086   16.4   0.5   2   2   2.9e-06      0.06   13.7   0.3    33    45    43    55    37    61 0.85 Salyut domain
Malic_M              PF03949.19   258 >LH00406:11:22GHGVLT3:1:1101:37143:20050 -             49   1.8e-12   47.3   0.7   1   1   4.7e-16     2e-12   47.2   0.7     4    52     1    49     1    49 0.98 Malic enzyme, NAD binding domain
Methyltransf_16      PF10294.13   174 >LH00406:11:22GHGVLT3:1:1101:37143:20050 -             49     0.041   13.8   0.1   1   1   9.9e-06     0.041   13.8   0.1    24    67     2    45     1    49 0.82 Lysine methyltransferase
Shikimate_DH         PF01488.24   138 >LH00406:11:22GHGVLT3:1:1101:37143:20050 -             49     0.043   14.1   0.1   1   1   1.1e-05     0.047   14.0   0.1     5    34    15    44    11    48 0.80 Shikimate / quinate 5-dehydrogenase
Arb2                 PF09757.13   259 >LH00406:11:22GHGVLT3:1:1101:37143:20050 -             49      0.15   11.4   0.0   1   1     4e-05      0.17   11.2   0.0   144   165    22    43    15    48 0.84 Arb2 domain
PRTase_2             PF15609.10   189 >LH00406:11:22GHGVLT3:1:1101:37143:20050 -             49      0.17   11.6   0.1   1   1   4.1e-05      0.17   11.6   0.1    45    74    16    45     2    49 0.78 Phosphoribosyl transferase
CTP_transf_like      PF01467.30   133 >LH00406:11:22GHGVLT3:1:1101:11827:20082 -             72   0.00055   20.3   0.0   1   1   3.1e-08   0.00064   20.1   0.0     2    38    31    65    30    71 0.89 Cytidylyltransferase-like
UvrA_inter           PF17760.5    109 >LH00406:11:22GHGVLT3:1:1101:31919:20098 -             44   6.1e-14   52.0   0.0   1   1   3.1e-18   6.4e-14   51.9   0.0    13    56     1    44     1    44 0.97 UvrA interaction domain
DUF6364              PF19891.3     70 >LH00406:11:22GHGVLT3:1:1101:1231:20115 -             44     0.028   15.1   0.3   1   1   2.7e-06     0.028   15.1   0.3     9    34     2    27     1    44 0.82 Family of unknown function (DUF6364)
DUF6290              PF19807.3     72 >LH00406:11:22GHGVLT3:1:1101:1231:20115 -             44     0.048   14.0   0.1   1   1   5.7e-06     0.059   13.8   0.1    15    35     9    29     2    31 0.87 Family of unknown function (DUF6290)
HTH_18               PF12833.11    81 >LH00406:11:22GHGVLT3:1:1101:25918:20115 -             56   1.7e-08   34.9   0.0   1   1   2.6e-12   1.8e-08   34.8   0.0    38    80     2    44     1    45 0.95 Helix-turn-helix domain
HTH_AraC             PF00165.27    42 >LH00406:11:22GHGVLT3:1:1101:25918:20115 -             56   3.1e-08   33.7   0.0   1   2       1.9   1.3e+04   -3.4   0.0    15    21     5    11     3    12 0.71 Bacterial regulatory helix-turn-helix proteins, AraC family
HTH_AraC             PF00165.27    42 >LH00406:11:22GHGVLT3:1:1101:25918:20115 -             56   3.1e-08   33.7   0.0   2   2   7.2e-12     5e-08   33.1   0.0    14    41    15    43    13    44 0.95 Bacterial regulatory helix-turn-helix proteins, AraC family
DUF4287              PF14117.10    60 >LH00406:11:22GHGVLT3:1:1101:25918:20115 -             56     0.067   13.4   0.0   1   1   1.2e-05     0.085   13.1   0.0     1    29    23    51    23    54 0.89 Domain of unknown function (DUF4287)
Peptidase_A8         PF01252.22   142 >LH00406:11:22GHGVLT3:1:1101:1185:20131 -             80     5e-08   33.4   0.6   1   1   3.1e-12   6.5e-08   33.1   0.6    84   120     4    67     1    74 0.93 Signal peptidase (SPase) II
DEP                  PF00610.25    72 >LH00406:11:22GHGVLT3:1:1101:33722:20147 -             49     0.081   13.1   0.0   1   1   3.9e-06     0.081   13.1   0.0    14    32     3    21     1    40 0.84 Domain found in Dishevelled, Egl-10, and Pleckstrin (DEP)
Arc_MA               PF19284.3    108 >LH00406:11:22GHGVLT3:1:1101:3275:20163 -             82     0.012   15.9   0.3   1   1     2e-06     0.014   15.7   0.3    36    90    11    65     3    74 0.89 Arc MA domain
DUF1824              PF08854.14   125 >LH00406:11:22GHGVLT3:1:1101:3275:20163 -             82     0.019   15.1   0.1   1   1   3.4e-06     0.024   14.8   0.1    13    86     7    78     2    81 0.85 Domain of unknown function (DUF1824)
DNA_repr_REX1B       PF14966.10    94 >LH00406:11:22GHGVLT3:1:1101:3275:20163 -             82     0.026   15.3   0.1   1   1   4.3e-06      0.03   15.1   0.1    30    66     8    44     3    67 0.85 DNA repair REX1-B
FixS                 PF03597.19    44 >LH00406:11:22GHGVLT3:1:1101:41378:20179 -             68       1.9    8.5   7.9   1   1   0.00012       2.5    8.1   7.9     3    23    40    60    39    63 0.93 Cytochrome oxidase maturation protein cbb3-type
DUF3256              PF11644.12   195 >LH00406:11:22GHGVLT3:1:1101:38068:20211 -             80   5.1e-17   62.2   0.2   1   1   2.6e-21   5.4e-17   62.1   0.2   110   185     1    77     1    80 0.94 Protein of unknown function (DUF3256)
Lactonase            PF10282.13   344 >LH00406:11:22GHGVLT3:1:1101:38373:20227 -             80   2.1e-24   86.5   0.0   1   1   2.2e-28   2.3e-24   86.5   0.0   187   266     2    77     1    80 0.87 Lactonase, 7-bladed beta-propeller
SBP56                PF05694.15   453 >LH00406:11:22GHGVLT3:1:1101:38373:20227 -             80      0.11   11.4   0.0   1   1   1.4e-05      0.14   11.1   0.0   256   325    16    75     8    78 0.85 56kDa selenium binding protein (SBP56)
GldM_2nd             PF21601.1     98 >LH00406:11:22GHGVLT3:1:1101:42127:20227 -             87   2.4e-29  101.9   0.1   1   1   1.3e-33   2.6e-29  101.7   0.1    16    97     1    80     1    81 0.98 GldM second domain
DUF4421              PF14391.10   302 >LH00406:11:22GHGVLT3:1:1101:1509:20307 -             86   6.9e-17   62.0   3.2   1   1   3.6e-21   7.5e-17   61.9   3.2    90   172     3    81     1    85 0.84 Domain of unknown function (DUF4421)
RMMBL                PF07521.16    63 >LH00406:11:22GHGVLT3:1:1101:25826:20307 -             61    0.0078   16.4   0.0   1   1   5.8e-07     0.012   15.8   0.0    15    42     5    31     2    34 0.89 Zn-dependent metallo-hydrolase RNA specificity domain
Yae1_N               PF09811.13    39 >LH00406:11:22GHGVLT3:1:1101:9691:20323 -             77      0.38   10.7   3.4   1   1   3.4e-05      0.72    9.8   3.4     1    17    11    27    11    27 0.96 Essential protein Yae1, N terminal
Glyco_tran_WbsX      PF14307.10   350 >LH00406:11:22GHGVLT3:1:1101:14666:20323 -             67   1.7e-13   50.9   0.0   1   1   9.5e-18     2e-13   50.7   0.0   307   350     2    45     1    45 0.93 Glycosyltransferase WbsX
POTRA                PF07244.19    79 >LH00406:11:22GHGVLT3:1:1101:43588:20387 -             53     0.023   15.6   0.0   1   1   2.5e-06     0.026   15.4   0.0    29    61    10    44     5    52 0.80 Surface antigen variable number repeat
LacI                 PF00356.25    46 >LH00406:11:22GHGVLT3:1:1101:43588:20387 -             53     0.056   13.4   0.0   1   1   9.5e-06     0.099   12.7   0.0    25    44    15    34    11    35 0.90 Bacterial regulatory proteins, lacI family
His_Phos_1           PF00300.26   194 >LH00406:11:22GHGVLT3:1:1101:47869:20435 -             85   4.6e-15   56.0   0.0   1   1   5.3e-19   5.5e-15   55.7   0.0    48   126     1    82     1    83 0.95 Histidine phosphatase superfamily (branch 1)
bpX1                 PF19917.3     83 >LH00406:11:22GHGVLT3:1:1101:47869:20435 -             85       0.1   12.5   0.0   1   1   1.7e-05      0.18   11.7   0.0     3    23    50    70    48    79 0.83 MoxR-vWA-beta-propeller ternary system domain bpX1
Spc24                PF08286.15   109 >LH00406:11:22GHGVLT3:1:1101:8314:20467 -             65      0.18   12.2   0.0   1   1   9.6e-06       0.2   12.1   0.0    58   101    11    53     2    56 0.81 Spc24 subunit of Ndc80
HTH_AraC             PF00165.27    42 >LH00406:11:22GHGVLT3:1:1101:19566:20483 -             61       0.2   12.0   0.0   1   1   1.6e-05      0.34   11.3   0.0    11    30     1    20     1    21 0.90 Bacterial regulatory helix-turn-helix proteins, AraC family
DUF4861              PF16153.9    378 >LH00406:11:22GHGVLT3:1:1101:47360:20483 -             71      0.13   11.4   0.1   1   1   1.3e-05      0.13   11.4   0.1   117   149    33    65     4    67 0.76 Domain of unknown function (DUF4861)
WG_beta_rep          PF14903.10    35 >LH00406:11:22GHGVLT3:1:1101:47360:20483 -             71      0.17   12.2   1.2   1   3     0.009        94    3.4   0.1    24    34     7    18     3    18 0.81 WG containing repeat
WG_beta_rep          PF14903.10    35 >LH00406:11:22GHGVLT3:1:1101:47360:20483 -             71      0.17   12.2   1.2   2   3   0.00071       7.3    7.0   0.1     2    12    27    37    27    40 0.91 WG containing repeat
WG_beta_rep          PF14903.10    35 >LH00406:11:22GHGVLT3:1:1101:47360:20483 -             71      0.17   12.2   1.2   3   3      0.48     5e+03   -2.1   0.0    22    35    44    57    41    57 0.72 WG containing repeat
Phage_int_SAM_5      PF13102.10    99 >LH00406:11:22GHGVLT3:1:1101:4310:20515 -             78   4.2e-07   30.4   0.0   1   1   2.3e-11   4.7e-07   30.3   0.0    59    95    21    57     2    65 0.82 Phage integrase SAM-like domain
EPO_TPO              PF00758.22   158 >LH00406:11:22GHGVLT3:1:1101:10579:20547 -             87      0.12   12.7   0.0   1   1   6.7e-06      0.14   12.5   0.0     7    67    11    69     9    86 0.72 Erythropoietin/thrombopoietin
DUF4290              PF14123.10   174 >LH00406:11:22GHGVLT3:1:1101:40019:20547 -             47     0.005   16.6   0.0   1   1   4.9e-07    0.0051   16.6   0.0    20    57     4    41     2    47 0.89 Domain of unknown function (DUF4290)
ATP_bind_3           PF01171.24   182 >LH00406:11:22GHGVLT3:1:1101:40019:20547 -             47     0.007   16.3   0.1   1   1   9.7e-07      0.01   15.8   0.1   159   181     2    24     1    25 0.93 PP-loop family
OEP                  PF02321.22   187 >LH00406:11:22GHGVLT3:1:1101:31022:20563 -             83   1.8e-13   50.9   2.3   1   1   2.7e-17   1.9e-13   50.8   2.3    70   150     2    82     1    83 0.98 Outer membrane efflux protein
Lipoprotein_10       PF03202.17   129 >LH00406:11:22GHGVLT3:1:1101:31022:20563 -             83     0.027   15.1   0.8   1   1   4.6e-06     0.032   14.9   0.8    72   122    32    82    17    83 0.77 Putative mycoplasma lipoprotein, C-terminal region
Tantalus             PF15386.10    57 >LH00406:11:22GHGVLT3:1:1101:31022:20563 -             83      0.16   12.2   3.2   1   2   9.4e-05      0.65   10.2   2.7     3    40     7    41     5    59 0.80 Drosophila Tantalus-like
Tantalus             PF15386.10    57 >LH00406:11:22GHGVLT3:1:1101:31022:20563 -             83      0.16   12.2   3.2   2   2     0.072     5e+02    0.9   0.1     6    17    51    62    45    78 0.56 Drosophila Tantalus-like
NQRA                 PF05896.15   257 >LH00406:11:22GHGVLT3:1:1101:43920:20579 -             83   9.1e-16   58.3   0.0   1   1   4.7e-20   9.7e-16   58.3   0.0   140   221     3    83     1    83 0.93 Na(+)-translocating NADH-quinone reductase subunit A (NQRA)
Peptidase_C25        PF01364.22   374 >LH00406:11:22GHGVLT3:1:1101:1878:20595 -             84   0.00016   21.2   0.0   1   1   8.4e-09   0.00018   21.1   0.0   331   374     8    52     1    52 0.77 Peptidase family C25
Glyco_hydro_25       PF01183.24   180 >LH00406:11:22GHGVLT3:1:1101:25567:20627 -             40    0.0049   17.4   0.0   1   1   2.5e-07    0.0051   17.3   0.0   143   177     6    39     2    40 0.85 Glycosyl hydrolases family 25
SusD_RagB            PF07980.15   295 >LH00406:11:22GHGVLT3:1:1101:44558:20627 -             84   1.9e-16   60.8   0.0   1   1     1e-20   2.2e-16   60.6   0.0   125   192    14    83     9    84 0.92 SusD family
K_trans              PF02705.20   534 >LH00406:11:22GHGVLT3:1:1101:46269:20643 -             79      0.18   10.5   0.0   1   1   9.7e-06       0.2   10.3   0.0   264   290    26    52    16    56 0.85 K+ potassium transporter
Spore_III_AB         PF09548.14   170 >LH00406:11:22GHGVLT3:1:1101:24772:20659 -             68     0.055   13.6   0.0   1   1   2.8e-06     0.058   13.6   0.0    86   130     3    47     1    59 0.89 Stage III sporulation protein AB (spore_III_AB)
MIP-T3_C             PF17749.5    154 >LH00406:11:22GHGVLT3:1:1101:23098:20675 -             60     0.059   13.6   7.2   1   1   6.3e-06     0.065   13.5   7.2    95   140     6    51     3    58 0.94 Microtubule-binding protein MIP-T3 C-terminal region
DUF6681              PF20386.2    267 >LH00406:11:22GHGVLT3:1:1101:23098:20675 -             60     0.061   13.1   4.7   1   1   5.9e-06     0.061   13.1   4.7    93   149     5    59     1    60 0.79 Family of unknown function (DUF6681)
TPR_11               PF13414.10    42 >LH00406:11:22GHGVLT3:1:1101:49006:20675 -             81   2.7e-05   23.9   6.0   1   2     0.015        27    4.8   0.2    19    35    24    40    14    41 0.86 TPR repeat
TPR_11               PF13414.10    42 >LH00406:11:22GHGVLT3:1:1101:49006:20675 -             81   2.7e-05   23.9   6.0   2   2   7.1e-08   0.00012   21.8   1.6     3    33    42    72    40    73 0.90 TPR repeat
TPR_14               PF13428.10    45 >LH00406:11:22GHGVLT3:1:1101:49006:20675 -             81   0.00021   22.0   1.4   1   2   6.2e-05      0.11   13.6   0.0     5    43     2    40     1    42 0.92 Tetratricopeptide repeat
TPR_14               PF13428.10    45 >LH00406:11:22GHGVLT3:1:1101:49006:20675 -             81   0.00021   22.0   1.4   2   2   0.00055      0.96   10.6   0.7     4    44    35    75    34    76 0.92 Tetratricopeptide repeat
TPR_2                PF07719.21    34 >LH00406:11:22GHGVLT3:1:1101:49006:20675 -             81   0.00023   21.2   4.3   1   2     0.013        23    5.7   0.1     7    33     5    31     2    32 0.88 Tetratricopeptide repeat
TPR_2                PF07719.21    34 >LH00406:11:22GHGVLT3:1:1101:49006:20675 -             81   0.00023   21.2   4.3   2   2   3.1e-06    0.0053   17.0   1.1     1    34    33    66    33    66 0.95 Tetratricopeptide repeat
TPR_1                PF00515.32    34 >LH00406:11:22GHGVLT3:1:1101:49006:20675 -             81   0.00088   19.2   0.5   1   2      0.26   4.5e+02    1.1   0.3     7    22     5    20     2    32 0.61 Tetratricopeptide repeat
TPR_1                PF00515.32    34 >LH00406:11:22GHGVLT3:1:1101:49006:20675 -             81   0.00088   19.2   0.5   2   2   5.1e-07   0.00088   19.2   0.5     1    34    33    66    33    66 0.94 Tetratricopeptide repeat
TPR_17               PF13431.10    34 >LH00406:11:22GHGVLT3:1:1101:49006:20675 -             81   0.00091   19.5   3.2   1   3       1.3   2.2e+03   -0.4   0.1    19    31     3    17     2    19 0.49 Tetratricopeptide repeat
TPR_17               PF13431.10    34 >LH00406:11:22GHGVLT3:1:1101:49006:20675 -             81   0.00091   19.5   3.2   2   3   8.1e-05      0.14   12.7   0.1     4    33    24    53    22    54 0.93 Tetratricopeptide repeat
TPR_17               PF13431.10    34 >LH00406:11:22GHGVLT3:1:1101:49006:20675 -             81   0.00091   19.5   3.2   3   3    0.0084        15    6.4   0.1     2    18    56    72    56    78 0.90 Tetratricopeptide repeat
TPR_12               PF13424.10    77 >LH00406:11:22GHGVLT3:1:1101:49006:20675 -             81     0.002   18.5   1.6   1   1   1.3e-06    0.0023   18.3   1.6    24    76    13    64     2    65 0.91 Tetratricopeptide repeat
TPR_16               PF13432.10    68 >LH00406:11:22GHGVLT3:1:1101:49006:20675 -             81    0.0032   18.1   2.5   1   1   3.2e-06    0.0055   17.4   2.5    13    65    15    64     2    68 0.80 Tetratricopeptide repeat
TPR_6                PF13174.10    33 >LH00406:11:22GHGVLT3:1:1101:49006:20675 -             81    0.0038   18.0   1.5   1   2   9.9e-06     0.017   15.9   0.1     4    33     3    32     2    32 0.92 Tetratricopeptide repeat
TPR_6                PF13174.10    33 >LH00406:11:22GHGVLT3:1:1101:49006:20675 -             81    0.0038   18.0   1.5   2   2      0.47   8.2e+02    1.2   0.3    14    27    47    60    33    65 0.62 Tetratricopeptide repeat
YfiO                 PF13525.10   203 >LH00406:11:22GHGVLT3:1:1101:49006:20675 -             81    0.0041   17.1   0.2   1   1   2.7e-06    0.0047   17.0   0.2   103   146    12    57     5    74 0.82 Outer membrane lipoprotein
TPR_19               PF14559.10    68 >LH00406:11:22GHGVLT3:1:1101:49006:20675 -             81     0.019   15.5   2.8   1   2      0.01        18    5.9   0.1    29    64     3    38     1    40 0.77 Tetratricopeptide repeat
TPR_19               PF14559.10    68 >LH00406:11:22GHGVLT3:1:1101:49006:20675 -             81     0.019   15.5   2.8   2   2   0.00045      0.78   10.3   0.3     3    39    45    81    43    81 0.92 Tetratricopeptide repeat
TPR_9                PF13371.10    73 >LH00406:11:22GHGVLT3:1:1101:49006:20675 -             81     0.045   13.9   0.3   1   1   3.3e-05     0.058   13.6   0.3     9    66    13    70     5    77 0.88 Tetratricopeptide repeat
TPR_8                PF13181.10    34 >LH00406:11:22GHGVLT3:1:1101:49006:20675 -             81       0.2   12.1   3.1   1   2       0.5   8.7e+02    0.8   0.1     7    17     3    13     2    29 0.74 Tetratricopeptide repeat
TPR_8                PF13181.10    34 >LH00406:11:22GHGVLT3:1:1101:49006:20675 -             81       0.2   12.1   3.1   2   2   0.00014      0.24   11.9   0.5     2    34    34    66    33    66 0.90 Tetratricopeptide repeat
Glycos_transf_1      PF00534.24   172 >LH00406:11:22GHGVLT3:1:1101:2433:20691 -             84   1.5e-05   24.8   0.0   1   1   1.7e-09   1.8e-05   24.6   0.0    25   100     2    78     1    80 0.92 Glycosyl transferases group 1
Glyco_trans_1_4      PF13692.10   137 >LH00406:11:22GHGVLT3:1:1101:2433:20691 -             84   0.00023   21.6   0.0   1   1   2.6e-08   0.00027   21.4   0.0    13    83     3    78     1    83 0.76 Glycosyl transferases group 1
Utp8                 PF10395.13   686 >LH00406:11:22GHGVLT3:1:1101:34480:20691 -             70      0.11   11.1   0.1   1   1   6.2e-06      0.13   10.9   0.1   110   163    10    66     4    69 0.74 Utp8 family
AAA_14               PF13173.10   130 >LH00406:11:22GHGVLT3:1:1101:35534:20691 -             63   4.7e-08   33.3   0.0   1   1     1e-11   5.3e-08   33.2   0.0     3    41    22    58    20    63 0.90 AAA domain
TniB                 PF05621.15   189 >LH00406:11:22GHGVLT3:1:1101:35534:20691 -             63    0.0053   16.4   0.0   1   1     1e-06    0.0054   16.4   0.0    25    60    10    46     3    61 0.81 Bacterial TniB protein
AAA_16               PF13191.10   167 >LH00406:11:22GHGVLT3:1:1101:35534:20691 -             63     0.031   15.0   0.0   1   1   6.1e-06     0.032   14.9   0.0    20    51    17    48     3    61 0.76 AAA ATPase domain
AAA_22               PF13401.10   130 >LH00406:11:22GHGVLT3:1:1101:35534:20691 -             63     0.088   13.3   0.0   1   1   2.2e-05      0.12   12.9   0.0     4    45    20    58    17    62 0.88 AAA domain
RNPP_C               PF18768.5    213 >LH00406:11:22GHGVLT3:1:1101:22303:20707 -             87     0.034   13.8   3.1   1   1   3.3e-06     0.035   13.8   3.1    71   148     8    82     2    87 0.84 RNPP family C-terminal domain
TPR_10               PF13374.10    42 >LH00406:11:22GHGVLT3:1:1101:22303:20707 -             87       0.1   12.9   0.1   1   1     2e-05       0.2   11.9   0.1     8    30    23    45    19    48 0.91 Tetratricopeptide repeat
PhosphMutase         PF10143.13   171 >LH00406:11:22GHGVLT3:1:1101:9053:20723 -             58    0.0023   18.1   0.0   1   1   2.4e-07    0.0025   17.9   0.0   146   171    19    44     3    44 0.79 2,3-bisphosphoglycerate-independent phosphoglycerate mutase
MCM_C                PF21100.1     64 >LH00406:11:22GHGVLT3:1:1101:9053:20723 -             58     0.088   12.9   0.0   1   1   1.5e-05      0.16   12.1   0.0    22    47     5    30     3    41 0.90 MCM protein C-terminal winged helix-turn-helix domain
T2SS-T3SS_pil_N      PF13629.10    72 >LH00406:11:22GHGVLT3:1:1101:12946:20739 -             40   0.00012   21.9   0.1   1   1     2e-08   0.00014   21.7   0.1    41    71     1    30     1    31 0.94 Pilus formation protein N terminal region
Big_2                PF02368.22    79 >LH00406:11:22GHGVLT3:1:1101:12946:20739 -             40   0.00015   21.8   0.2   1   1   2.4e-08   0.00017   21.7   0.2    53    74     3    24     1    30 0.85 Bacterial Ig-like domain (group 2)
Big_6                PF17936.5     83 >LH00406:11:22GHGVLT3:1:1101:12946:20739 -             40     0.023   15.2   0.1   1   1   3.4e-06     0.023   15.1   0.1    17    36     4    23     1    33 0.86 Bacterial Ig domain
Metallophos          PF00149.32   191 >LH00406:11:22GHGVLT3:1:1101:41775:20803 -             47    0.0023   18.6   0.1   1   1   3.6e-07    0.0025   18.5   0.1     1    35    14    47    14    47 0.86 Calcineurin-like phosphoesterase
NinG                 PF05766.16   193 >LH00406:11:22GHGVLT3:1:1101:41775:20803 -             47     0.025   14.6   0.1   1   1   3.7e-06     0.025   14.6   0.1    53    91     3    41     1    46 0.86 Bacteriophage Lambda NinG protein
Metallophos_2        PF12850.11   151 >LH00406:11:22GHGVLT3:1:1101:41775:20803 -             47     0.041   14.1   0.1   1   1     6e-06     0.042   14.1   0.1     2    26    15    39    14    47 0.86 Calcineurin-like phosphoesterase superfamily domain
ABC_tran             PF00005.31   137 >LH00406:11:22GHGVLT3:1:1101:4560:20819 -             70     3e-10   41.1   0.0   1   1   1.5e-14   3.2e-10   41.0   0.0    83   134    21    70     4    70 0.77 ABC transporter
DUF3918              PF13056.10    43 >LH00406:11:22GHGVLT3:1:1101:29940:20836 -             73      0.11   12.4   0.0   1   1   7.2e-06      0.15   11.9   0.0    17    38     9    30     7    34 0.86 Protein of unknown function (DUF3918)
Cellulase            PF00150.22   272 >LH00406:11:22GHGVLT3:1:1101:46583:20836 -             56   1.1e-16   61.4   0.4   1   1     1e-20   1.1e-16   61.4   0.4    73   132     2    53     1    56 0.95 Cellulase (glycosyl hydrolase family 5)
DUF4973              PF16343.9    129 >LH00406:11:22GHGVLT3:1:1101:46583:20836 -             56     0.039   14.1   0.1   1   1   3.8e-06     0.039   14.1   0.1    53    93     4    44     1    54 0.87 Domain of unknown function (DUF4973)
LytB_SH3             PF18342.5     66 >LH00406:11:22GHGVLT3:1:1101:9016:20852 -             49    0.0027   17.8   0.2   1   1   1.5e-07    0.0032   17.6   0.2     5    30    12    37     8    47 0.83 Endo-beta-N-acetylglucosaminidase LytB SH3 domain
HIGH_NTase1          PF05636.15   400 >LH00406:11:22GHGVLT3:1:1101:15193:20852 -             59     0.034   13.6   0.0   1   1   5.2e-06     0.036   13.5   0.0   124   172     1    49     1    55 0.86 HIGH Nucleotidyl Transferase
GCV_T                PF01571.25   255 >LH00406:11:22GHGVLT3:1:1101:15193:20852 -             59     0.055   12.9   0.0   1   1   7.9e-06     0.055   12.9   0.0   168   196    29    57     8    59 0.84 Aminomethyltransferase folate-binding domain
CRIM1_C              PF19442.3    130 >LH00406:11:22GHGVLT3:1:1101:15193:20852 -             59      0.17   12.0   0.0   1   1   2.5e-05      0.17   12.0   0.0    76   102    18    45     1    55 0.71 Cysteine-rich motor neuron 1 protein C-terminal
Exo_endo_phos        PF03372.27   225 >LH00406:11:22GHGVLT3:1:1101:18679:20932 -             75     0.031   14.2   0.0   1   1   1.5e-06     0.031   14.2   0.0    67   111     3    47     1    72 0.85 Endonuclease/Exonuclease/phosphatase family
Angiomotin_C         PF12240.12   200 >LH00406:11:22GHGVLT3:1:1101:13954:20948 -             86      0.08   12.7   0.1   1   1   8.4e-06     0.087   12.5   0.1   113   170     1    68     1    77 0.81 Angiomotin C terminal
SAWADEE              PF16719.9    125 >LH00406:11:22GHGVLT3:1:1101:13954:20948 -             86     0.087   13.1   0.1   1   1   1.1e-05      0.11   12.8   0.1    16    59     3    52     2    76 0.81 SAWADEE domain
Transposon_TraM      PF12508.12   194 >LH00406:11:22GHGVLT3:1:1101:32058:20948 -             77   2.6e-12   46.9   2.2   1   1   1.4e-16   2.9e-12   46.8   2.2   136   194     1    59     1    59 0.98 Conjugative transposon, TraM
IBR                  PF01485.25    65 >LH00406:11:22GHGVLT3:1:1101:35682:20948 -             45    0.0052   17.0   4.5   1   1   5.3e-07    0.0056   16.9   4.5    37    59    11    33     4    39 0.70 IBR domain, a half RING-finger domain
zf-ribbon_3          PF13248.10    27 >LH00406:11:22GHGVLT3:1:1101:35682:20948 -             45       4.6    7.0   9.9   1   2   8.6e-05       0.9    9.3   0.6     2    10    15    23    14    25 0.76 zinc-ribbon domain
zf-ribbon_3          PF13248.10    27 >LH00406:11:22GHGVLT3:1:1101:35682:20948 -             45       4.6    7.0   9.9   2   2    0.0085        89    2.9   3.1     3     9    24    30    23    39 0.78 zinc-ribbon domain
Glycos_transf_2      PF00535.30   168 >LH00406:11:22GHGVLT3:1:1101:12706:20964 -             38   0.00064   19.9   0.2   1   1   3.1e-08   0.00064   19.9   0.2    15    45     3    34     1    38 0.87 Glycosyl transferase family 2
CTD11                PF20277.2    140 >LH00406:11:22GHGVLT3:1:1101:30994:20964 -             49   5.9e-12   46.5   2.1   1   1   3.1e-16   6.4e-12   46.4   2.1   100   140     1    40     1    40 0.95 C-terminal domain 11 of the ABC-three component (ABC-3C) systems
TrkA_TMD             PF18613.5     22 >LH00406:11:22GHGVLT3:1:1101:6224:20980 -             59      0.54   10.3   1.8   1   1   4.2e-05      0.87    9.6   1.8    11    22     2    13     1    13 0.92 Tyrosine kinase receptor A trans-membrane domain
DUF6274              PF19790.3     77 >LH00406:11:22GHGVLT3:1:1101:22405:20980 -             68      0.23   12.2   1.0   1   1   1.3e-05      0.26   12.0   1.0    18    35    24    41     9    53 0.75 Family of unknown function (DUF6274)
DUF3188              PF11384.12    50 >LH00406:11:22GHGVLT3:1:1101:42506:20980 -             86      0.18   11.7   0.0   1   1   1.1e-05      0.22   11.4   0.0     1    25    56    82    56    84 0.88 Protein of unknown function (DUF3188)
DUF2441              PF10386.13   141 >LH00406:11:22GHGVLT3:1:1101:15082:21012 -             79     0.023   14.9   0.0   1   1   1.6e-06     0.033   14.4   0.0    88   131     3    44     1    48 0.80 Protein of unknown function (DUF2441)
TonB_dep_Rec         PF00593.28   436 >LH00406:11:22GHGVLT3:1:1101:19243:21076 -             74   0.00029   21.0   0.4   1   1   1.4e-08    0.0003   21.0   0.4   312   355     6    57     1    69 0.75 TonB dependent receptor
RGL11_C              PF21348.1    490 >LH00406:11:22GHGVLT3:1:1101:37199:21076 -             61    0.0013   17.9   0.0   1   1   6.1e-08    0.0013   17.9   0.0   287   343     1    54     1    61 0.87 Rhamnogalacturonan lyase family 11, C-terminal domain
FecR_C               PF16344.9     70 >LH00406:11:22GHGVLT3:1:1101:51512:21076 -             88   4.5e-05   23.5   0.0   1   1   3.1e-09   6.4e-05   23.1   0.0     1    24    65    88    65    88 0.96 FecR, C-terminal
Reovirus_L2_GTase    PF21063.1    247 >LH00406:11:22GHGVLT3:1:1101:27841:21108 -             84     0.047   13.1   0.1   1   1   2.2e-06     0.047   13.1   0.1   107   149    21    64     3    81 0.86 Reovirus core-spike protein lambda-2 (L2), GTase domain
Exonuc_VII_L         PF02601.19   315 >LH00406:11:22GHGVLT3:1:1101:17800:21140 -             67   2.4e-15   57.1   0.3   1   1   2.4e-19   2.5e-15   57.0   0.3   112   177     1    66     1    67 0.98 Exonuclease VII, large subunit
FOXP-CC              PF16159.9     69 >LH00406:11:22GHGVLT3:1:1101:17800:21140 -             67      0.13   13.0   1.7   1   1   1.9e-05      0.19   12.4   1.7    40    63    39    62    22    66 0.87 FOXP coiled-coil domain
Glyco_hydro_28       PF00295.21   324 >LH00406:11:22GHGVLT3:1:1101:28100:21140 -             45      0.01   15.1   0.0   1   1   5.1e-07     0.011   15.1   0.0    40    78     4    42     1    44 0.87 Glycosyl hydrolases family 28
Transposase_20       PF02371.20    87 >LH00406:11:22GHGVLT3:1:1101:30800:21140 -             89   5.9e-06   26.7   0.0   1   1   4.2e-10   8.8e-06   26.2   0.0    39    86     1    49     1    50 0.98 Transposase IS116/IS110/IS902 family
Thioredoxin_7        PF13899.10    83 >LH00406:11:22GHGVLT3:1:1101:25364:21172 -             67   9.9e-05   22.6   0.1   1   1   1.9e-08   0.00013   22.2   0.1     2    42    26    66    25    67 0.93 Thioredoxin-like
Thioredox_DsbH       PF03190.19   163 >LH00406:11:22GHGVLT3:1:1101:25364:21172 -             67   0.00018   21.7   0.0   1   1   2.8e-08   0.00019   21.6   0.0    12    53    16    57     7    66 0.88 Protein of unknown function, DUF255
TXD17-like_Trx       PF06110.15   119 >LH00406:11:22GHGVLT3:1:1101:25364:21172 -             67      0.38   10.6   1.9   1   2     0.001       7.1    6.5   0.0    48    67    30    49    21    51 0.90 Thioredoxin domain-containing protein 17-like, thioredoxin domain
TXD17-like_Trx       PF06110.15   119 >LH00406:11:22GHGVLT3:1:1101:25364:21172 -             67      0.38   10.6   1.9   2   2    0.0031        21    5.0   0.8    34    48    49    63    49    67 0.76 Thioredoxin domain-containing protein 17-like, thioredoxin domain
ResIII               PF04851.19   164 >LH00406:11:22GHGVLT3:1:1101:49995:21172 -             77   0.00074   19.7   0.0   1   1   7.8e-08   0.00081   19.5   0.0     2    63    22    76    21    77 0.87 Type III restriction enzyme, res subunit
DEAD                 PF00270.33   166 >LH00406:11:22GHGVLT3:1:1101:49995:21172 -             77      0.19   11.7   0.0   1   1   2.1e-05      0.21   11.5   0.0     2    55    26    76    25    77 0.73 DEAD/DEAH box helicase
Methylase_S          PF01420.23   168 >LH00406:11:22GHGVLT3:1:1101:7028:21188 -             68   1.2e-06   29.0   3.1   1   1   1.2e-10   1.3e-06   28.9   3.1   118   160     1    44     1    59 0.86 Type I restriction modification DNA specificity domain
LIDHydrolase         PF10230.13   262 >LH00406:11:22GHGVLT3:1:1101:7028:21188 -             68      0.12   12.3   0.1   1   1   1.3e-05      0.14   12.1   0.1    48    84    25    61    18    67 0.77 Lipid-droplet associated hydrolase
GNVR                 PF13807.10    82 >LH00406:11:22GHGVLT3:1:1101:5799:21204 -             87     0.016   15.3   0.9   1   2   3.2e-05      0.34   11.1   0.1    55    80     4    29     3    31 0.90 G-rich domain on putative tyrosine kinase
GNVR                 PF13807.10    82 >LH00406:11:22GHGVLT3:1:1101:5799:21204 -             87     0.016   15.3   0.9   2   2    0.0057        59    3.9   0.1    35    63    50    78    28    80 0.70 G-rich domain on putative tyrosine kinase
rOmpB                PF12334.12   317 >LH00406:11:22GHGVLT3:1:1101:5799:21204 -             87     0.081   12.3   0.1   1   1   9.5e-06     0.099   12.1   0.1    11    77     6    77     4    83 0.87 Rickettsia outer membrane protein B
MOZART1              PF12554.12    47 >LH00406:11:22GHGVLT3:1:1101:31337:21204 -             52     0.071   13.1   0.1   1   1   4.3e-06      0.09   12.7   0.1    18    40     7    29     4    32 0.90 Mitotic-spindle organizing gamma-tubulin ring associated
OMP_b-brl_3          PF14905.10   408 >LH00406:11:22GHGVLT3:1:1101:45280:21204 -             63    0.0025   17.2   0.3   1   1   2.5e-07    0.0026   17.1   0.3   303   352    12    63     2    63 0.76 Outer membrane protein beta-barrel family
DUF382               PF04037.17   127 >LH00406:11:22GHGVLT3:1:1101:45280:21204 -             63      0.08   13.3   0.1   1   1   9.5e-06     0.099   13.0   0.1     8    48    13    50    11    56 0.86 Domain of unknown function (DUF382)
DUF2777              PF10949.12   182 >LH00406:11:22GHGVLT3:1:1101:35876:21220 -             84     0.012   15.5   0.1   1   1   6.9e-07     0.014   15.2   0.1   104   149    35    81    27    83 0.85 Protein of unknown function (DUF2777)
DUF5542              PF17696.5     68 >LH00406:11:22GHGVLT3:1:1101:38521:21220 -             69      0.18   12.2   2.6   1   1   1.2e-05      0.26   11.7   2.6    14    38    10    34     5    37 0.87 Family of unknown function (DUF5542)
YARHG                PF13308.10    84 >LH00406:11:22GHGVLT3:1:1101:35664:21236 -             41   2.4e-09   37.2   0.0   1   1   1.2e-13   2.5e-09   37.1   0.0     9    48     2    41     1    41 0.91 YARHG domain
Filament_head        PF04732.18    84 >LH00406:11:22GHGVLT3:1:1101:30014:21252 -             52      0.15   13.1   0.0   1   1   8.5e-06      0.18   12.9   0.0    53    84     8    40     2    40 0.83 Intermediate filament head (DNA binding) region
PEP-utilizers_C      PF02896.22   293 >LH00406:11:22GHGVLT3:1:1101:28942:21316 -             56     4e-22   78.9   0.0   1   1   4.1e-26   4.2e-22   78.8   0.0    58   113     1    56     1    56 0.98 PEP-utilising enzyme, PEP-binding domain
Thioredoxin_6        PF13848.10   184 >LH00406:11:22GHGVLT3:1:1101:28942:21316 -             56      0.18   11.9   0.0   1   1   1.9e-05      0.19   11.8   0.0   110   157     4    51     2    55 0.87 Thioredoxin-like domain
CarbopepD_reg_2      PF13715.10    88 >LH00406:11:22GHGVLT3:1:1101:4791:21348 -             84   6.3e-16   58.4   2.1   1   1   2.8e-19   8.4e-16   58.0   2.1     1    59    28    83    28    84 0.91 CarboxypepD_reg-like domain
CarboxypepD_reg      PF13620.10    82 >LH00406:11:22GHGVLT3:1:1101:4791:21348 -             84   3.7e-13   49.9   1.9   1   1   1.7e-16     5e-13   49.4   1.9     2    63    28    83    27    84 0.94 Carboxypeptidase regulatory-like domain
CooC_C               PF15976.9     93 >LH00406:11:22GHGVLT3:1:1101:4791:21348 -             84   1.6e-05   25.1   0.2   1   1   6.7e-09     2e-05   24.8   0.2    15    60    24    71    12    79 0.81 CS1-pili formation C-terminal
Big_1                PF02369.20    64 >LH00406:11:22GHGVLT3:1:1101:4791:21348 -             84   0.00095   19.3   3.0   1   1   7.4e-07    0.0022   18.2   2.9     8    50    27    64    23    67 0.85 Bacterial Ig-like domain (group 1)
DUF1416              PF07210.16    97 >LH00406:11:22GHGVLT3:1:1101:4791:21348 -             84    0.0043   17.1   0.1   1   1   1.8e-06    0.0054   16.8   0.1     7    67    13    70     7    77 0.81 Protein of unknown function (DUF1416)
Dioxygenase_C        PF00775.25   182 >LH00406:11:22GHGVLT3:1:1101:4791:21348 -             84     0.031   13.9   0.3   1   2    0.0001       0.3   10.7   0.1    32    51    28    47    19    53 0.91 Dioxygenase
Dioxygenase_C        PF00775.25   182 >LH00406:11:22GHGVLT3:1:1101:4791:21348 -             84     0.031   13.9   0.3   2   2      0.06   1.8e+02    1.7   0.0    76    90    52    66    49    82 0.81 Dioxygenase
DUF6795              PF20598.2    103 >LH00406:11:22GHGVLT3:1:1101:4791:21348 -             84      0.11   13.1   0.2   1   1     6e-05      0.18   12.3   0.2     1    47    28    68    28    83 0.76 Domain of unknown function (DUF6795)
DXPR_C               PF13288.10   115 >LH00406:11:22GHGVLT3:1:1101:13556:21348 -             74   2.5e-09   37.6   0.0   1   1   1.3e-13   2.8e-09   37.5   0.0    65   114     1    50     1    51 0.97 DXP reductoisomerase C-terminal domain
DUF1294              PF06961.17    55 >LH00406:11:22GHGVLT3:1:1101:24855:21348 -             51   9.8e-17   61.2   0.2   1   1   5.9e-21   1.2e-16   60.8   0.2     1    38    14    51    14    51 0.99 Protein of unknown function (DUF1294)
UPF0181              PF03701.18    50 >LH00406:11:22GHGVLT3:1:1101:46602:21412 -             60     0.021   14.6   2.1   1   1   1.5e-06      0.03   14.1   2.1    10    35     7    32     4    33 0.93 Uncharacterised protein family (UPF0181)
DUF2080              PF09853.13    50 >LH00406:11:22GHGVLT3:1:1101:50707:21412 -             83      0.12   12.3   0.0   1   1   7.5e-06      0.16   12.0   0.0    21    38    60    77    59    80 0.91 Putative transposon-encoded protein (DUF2080)
HTH_53               PF18606.5     62 >LH00406:11:22GHGVLT3:1:1101:36995:21428 -             41     0.037   13.9   0.0   1   1   3.9e-06     0.041   13.8   0.0    34    50    21    37     5    40 0.83 Zap  helix turn helix N-terminal domain
DmpG_comm            PF07836.15    63 >LH00406:11:22GHGVLT3:1:1101:36995:21428 -             41     0.097   12.5   0.0   1   1   9.5e-06     0.098   12.4   0.0    25    47    11    33     6    37 0.88 DmpG-like communication domain
Porph_ging           PF09697.14    81 >LH00406:11:22GHGVLT3:1:1101:22617:21444 -             56     0.045   14.5   0.7   1   3      0.17   3.6e+03   -1.2   0.0    10    16     4    10     1    16 0.74 Protein of unknown function (Porph_ging)
Porph_ging           PF09697.14    81 >LH00406:11:22GHGVLT3:1:1101:22617:21444 -             56     0.045   14.5   0.7   2   3    0.0041        85    4.0   0.0     1    21    18    39    18    45 0.78 Protein of unknown function (Porph_ging)
Porph_ging           PF09697.14    81 >LH00406:11:22GHGVLT3:1:1101:22617:21444 -             56     0.045   14.5   0.7   3   3   0.00012       2.5    8.9   0.2    53    66    43    56    38    56 0.84 Protein of unknown function (Porph_ging)
Virulence_RhuM       PF13310.10   253 >LH00406:11:22GHGVLT3:1:1101:6964:21460 -             56   3.7e-21   75.8   0.9   1   1   1.9e-25   3.9e-21   75.7   0.9    57   111     1    55     1    56 0.97 Virulence protein RhuM family
Cas9_PI              PF16595.9    265 >LH00406:11:22GHGVLT3:1:1101:23163:21524 -             63   2.1e-11   44.3   0.0   1   1   1.1e-15   2.3e-11   44.2   0.0    83   141     6    60     1    61 0.94 PAM-interacting domain of CRISPR-associated endonuclease Cas9
DUF4176              PF13780.10    74 >LH00406:11:22GHGVLT3:1:1101:24531:21557 -             82     0.063   13.5   0.2   1   2   1.2e-05      0.26   11.6   0.1    29    54     8    33     2    47 0.83 Domain of unknown function (DUF4176)
DUF4176              PF13780.10    74 >LH00406:11:22GHGVLT3:1:1101:24531:21557 -             82     0.063   13.5   0.2   2   2     0.047   9.8e+02    0.1   0.0    40    57    42    59    36    64 0.80 Domain of unknown function (DUF4176)
PLDc_N               PF13396.10    42 >LH00406:11:22GHGVLT3:1:1101:34443:21557 -             88   1.2e-12   47.8   0.6   1   1   2.3e-16   1.6e-12   47.4   0.6    12    42     2    33     1    33 0.93 Phospholipase_D-nuclease N-terminal
DUF6249              PF19762.3    104 >LH00406:11:22GHGVLT3:1:1101:34443:21557 -             88      0.06   13.5   0.1   1   1   8.8e-06     0.061   13.5   0.1     4    30    13    40    10    79 0.77 Domain of unknown function (DUF6249)
HPIH                 PF13323.10   155 >LH00406:11:22GHGVLT3:1:1101:34443:21557 -             88     0.078   13.1   0.0   1   1   1.8e-05      0.12   12.4   0.0    15    62     5    52     4    64 0.79 N-terminal domain with HPIH motif
fn3                  PF00041.25    85 >LH00406:11:22GHGVLT3:1:1101:18290:21605 -             60     0.016   15.7   0.1   1   1   8.7e-07     0.018   15.5   0.1     1    27    21    47    21    53 0.86 Fibronectin type III domain
Condensation         PF00668.24   456 >LH00406:11:22GHGVLT3:1:1101:13908:21637 -             74   6.3e-10   38.5   0.0   1   1     3e-14   6.3e-10   38.5   0.0   132   203     4    70     1    74 0.89 Condensation domain
DUF3389              PF11869.12    75 >LH00406:11:22GHGVLT3:1:1101:46935:21669 -             69      0.13   12.6   0.0   1   1   7.5e-06      0.16   12.4   0.0    41    74    12    45     4    46 0.83 Protein of unknown function (DUF3389)
COG3_N               PF04136.19   147 >LH00406:11:22GHGVLT3:1:1101:42792:21701 -             79   4.1e-05   23.7   0.7   1   1   2.8e-08   4.5e-05   23.6   0.7    13    73     3    67     1    77 0.85 Conserved oligomeric Golgi complex subunit 3, N-terminal
DUF948               PF06103.15    89 >LH00406:11:22GHGVLT3:1:1101:42792:21701 -             79    0.0035   17.7   1.6   1   1   2.9e-06    0.0046   17.3   1.6    25    77     7    59     3    62 0.90 Bacterial protein of unknown function (DUF948)
SseC                 PF04888.16   312 >LH00406:11:22GHGVLT3:1:1101:42792:21701 -             79    0.0063   16.3   1.0   1   1   4.7e-06    0.0076   16.1   1.0   255   290    23    58    17    63 0.89 Secretion system effector C (SseC) like family
TMP_3                PF20155.3    192 >LH00406:11:22GHGVLT3:1:1101:42792:21701 -             79    0.0078   16.2   1.2   1   1   5.5e-06    0.0088   16.0   1.2    68   117     9    58     5    64 0.90 Tape measure protein
EAP30                PF04157.20   219 >LH00406:11:22GHGVLT3:1:1101:42792:21701 -             79     0.017   15.0   1.3   1   1   1.3e-05     0.021   14.7   1.3     3    50    17    64    15    65 0.90 EAP30/Vps36 family
DUF1664              PF07889.16   124 >LH00406:11:22GHGVLT3:1:1101:42792:21701 -             79      0.02   15.1   0.7   1   1   1.6e-05     0.025   14.8   0.7    60   118     6    64     3    67 0.91 Protein of unknown function (DUF1664)
DUF6301              PF19818.3    139 >LH00406:11:22GHGVLT3:1:1101:42792:21701 -             79     0.027   14.9   0.1   1   1   1.9e-05      0.03   14.7   0.1    55   102     5    51     1    58 0.86 Family of unknown function (DUF6301)
DUF6468              PF20072.3     76 >LH00406:11:22GHGVLT3:1:1101:42792:21701 -             79     0.031   14.6   1.7   1   1   2.5e-05      0.04   14.2   1.7     5    52     7    54     5    65 0.91 Domain of unknown function (DUF6468)
FAM219A              PF15260.10   124 >LH00406:11:22GHGVLT3:1:1101:42792:21701 -             79     0.036   14.5   0.2   1   1   2.8e-05     0.045   14.2   0.2    45    96     9    59     5    65 0.89 Protein family FAM219A
HR1                  PF02185.20    67 >LH00406:11:22GHGVLT3:1:1101:42792:21701 -             79     0.043   14.0   1.5   1   1   3.5e-05     0.056   13.6   1.5    23    62    14    55     6    59 0.84 Hr1 repeat
LUC7                 PF03194.19   246 >LH00406:11:22GHGVLT3:1:1101:42792:21701 -             79     0.059   13.3   1.2   1   1   4.3e-05     0.068   13.1   1.2    93   144     3    54     1    58 0.92 LUC7 N_terminus
CoV_S2               PF01601.20   525 >LH00406:11:22GHGVLT3:1:1101:42792:21701 -             79      0.06   12.2   0.7   1   1   4.3e-05     0.068   12.0   0.7   436   488     5    59     2    63 0.85 Coronavirus spike glycoprotein S2
SAM_LFY              PF01698.20    80 >LH00406:11:22GHGVLT3:1:1101:42792:21701 -             79     0.076   13.2   1.2   1   2       0.5     8e+02    0.3   0.0    39    51     8    20     2    29 0.82 Floricaula / Leafy protein SAM domain
SAM_LFY              PF01698.20    80 >LH00406:11:22GHGVLT3:1:1101:42792:21701 -             79     0.076   13.2   1.2   2   2   0.00014      0.23   11.7   0.4    19    49    31    60    28    67 0.89 Floricaula / Leafy protein SAM domain
Endonuclease_NS      PF01223.27   223 >LH00406:11:22GHGVLT3:1:1101:50735:21781 -             81   8.3e-15   55.2   0.0   1   1   4.3e-19   8.9e-15   55.1   0.0   124   210     1    81     1    81 0.93 DNA/RNA non-specific endonuclease
DUF3868              PF12984.11   109 >LH00406:11:22GHGVLT3:1:1101:1795:21829 -             79     0.028   14.8   0.3   1   1   2.2e-06     0.046   14.2   0.3     4    23    58    77    55    78 0.92 Domain of unknown function (DUF3868)
Xlink                PF00193.21    92 >LH00406:11:22GHGVLT3:1:1101:33602:21829 -             70     0.098   13.1   0.0   1   1   4.8e-06     0.099   13.1   0.0    47    71    16    41     7    61 0.83 Extracellular link domain
Sensor               PF13796.10   162 >LH00406:11:22GHGVLT3:1:1101:37818:21829 -             62      0.12   12.6   0.1   1   1   1.2e-05      0.13   12.5   0.1    20    49     1    30     1    42 0.84 Putative sensor
Mon2_C               PF16206.9    819 >LH00406:11:22GHGVLT3:1:1101:37818:21829 -             62      0.17   10.1   0.0   1   1   1.7e-05      0.18   10.1   0.0   555   596     3    45     1    58 0.77 C-terminal region of Mon2 protein
AAA_19               PF13245.10   135 >LH00406:11:22GHGVLT3:1:1101:13935:21845 -             61     0.014   15.7   0.2   1   2      0.24     5e+03   -2.2   0.0    69    69    19    19     4    39 0.53 AAA domain
AAA_19               PF13245.10   135 >LH00406:11:22GHGVLT3:1:1101:13935:21845 -             61     0.014   15.7   0.2   2   2   1.1e-06     0.024   15.0   0.1     1    21    41    61    41    61 0.96 AAA domain
VapE-like_dom        PF05272.15   217 >LH00406:11:22GHGVLT3:1:1101:14712:21845 -             65   8.9e-09   35.3   0.0   1   1   4.8e-13     1e-08   35.1   0.0   143   204     5    65     3    65 0.89 Virulence-associated protein E-like domain
YceG                 PF02618.20   275 >LH00406:11:22GHGVLT3:1:1101:46556:21845 -             62   1.5e-20   74.0   0.1   1   1   7.8e-25   1.6e-20   73.9   0.1   192   252     1    62     1    62 0.97 YceG-like family
B3_4                 PF03483.21   174 >LH00406:11:22GHGVLT3:1:1101:2137:21877 -             69   7.7e-10   38.8   0.0   1   1   3.7e-14   7.8e-10   38.8   0.0    20    81     2    65     1    69 0.92 B3/4 domain
TonB_C               PF03544.18    79 >LH00406:11:22GHGVLT3:1:1101:44300:21877 -             82     1e-10   42.2   0.1   1   2      0.89   9.3e+03   -2.6   0.0    69    78     7    16     3    17 0.61 Gram-negative bacterial TonB protein C-terminal
TonB_C               PF03544.18    79 >LH00406:11:22GHGVLT3:1:1101:44300:21877 -             82     1e-10   42.2   0.1   2   2   1.8e-14   1.9e-10   41.3   0.1     2    46    38    81    37    82 0.93 Gram-negative bacterial TonB protein C-terminal
TonB_2               PF13103.10    85 >LH00406:11:22GHGVLT3:1:1101:44300:21877 -             82     0.032   14.5   0.5   1   2      0.18   1.9e+03   -0.7   0.0    66    76    19    30     4    39 0.64 TonB C terminal
TonB_2               PF13103.10    85 >LH00406:11:22GHGVLT3:1:1101:44300:21877 -             82     0.032   14.5   0.5   2   2   5.8e-06      0.06   13.6   0.2    20    56    45    81    27    82 0.77 TonB C terminal
DDE_Tnp_1_6          PF13751.10   125 >LH00406:11:22GHGVLT3:1:1101:47906:21877 -             77   5.7e-20   72.0   0.0   1   1     3e-24   6.1e-20   71.9   0.0    31   107     1    77     1    77 0.98 Transposase DDE domain
Glyco_hydro_2        PF00703.25   109 >LH00406:11:22GHGVLT3:1:1101:3839:21909 -             80    0.0047   17.9   0.1   1   1     6e-07    0.0062   17.5   0.1    84   109     2    27     1    27 0.98 Glycosyl hydrolases family 2
Glyco_hydro_2_C      PF02836.21   302 >LH00406:11:22GHGVLT3:1:1101:3839:21909 -             80     0.008   15.5   0.3   1   1   9.6e-07      0.01   15.2   0.3     6    51    35    80    29    80 0.95 Glycosyl hydrolases family 2, TIM barrel domain
PylC-like_N          PF21360.1     96 >LH00406:11:22GHGVLT3:1:1101:14065:21909 -             72     0.059   13.7   0.0   1   1     4e-06     0.084   13.2   0.0    58    83     7    32     2    37 0.90 PylC-like, N-terminal domain
MCR                  PF18509.5     30 >LH00406:11:22GHGVLT3:1:1101:42025:21909 -             74    0.0097   15.7   0.0   1   2   4.7e-07    0.0097   15.7   0.0    10    26     6    19     2    22 0.83 Magnetochrome domain
MCR                  PF18509.5     30 >LH00406:11:22GHGVLT3:1:1101:42025:21909 -             74    0.0097   15.7   0.0   2   2      0.47   9.8e+03   -3.5   0.6    23    25    55    57    55    57 0.82 Magnetochrome domain
EPSP_synthase        PF00275.24   417 >LH00406:11:22GHGVLT3:1:1101:14129:21925 -             66   3.6e-09   36.0   0.0   1   1     2e-13   4.1e-09   35.9   0.0    67   122    16    66     5    66 0.84 EPSP synthase (3-phosphoshikimate 1-carboxyvinyltransferase)
NAD-GH               PF10712.13   576 >LH00406:11:22GHGVLT3:1:1101:23986:21925 -             78    0.0022   16.8   0.0   1   1   1.3e-07    0.0026   16.5   0.0   202   248     8    53     5    58 0.90 NAD-specific glutamate dehydrogenase
zf-ribbon_3          PF13248.10    27 >LH00406:11:22GHGVLT3:1:1101:37966:21925 -             89      0.52   10.0   7.5   1   3   0.00037       7.7    6.3   0.7     4    17     2    13     1    15 0.83 zinc-ribbon domain
zf-ribbon_3          PF13248.10    27 >LH00406:11:22GHGVLT3:1:1101:37966:21925 -             89      0.52   10.0   7.5   2   3   0.00012       2.6    7.8   0.1     3    10    21    28    19    31 0.85 zinc-ribbon domain
zf-ribbon_3          PF13248.10    27 >LH00406:11:22GHGVLT3:1:1101:37966:21925 -             89      0.52   10.0   7.5   3   3      0.36   7.6e+03   -3.2   0.1    23    24    86    87    85    88 0.57 zinc-ribbon domain
YopE_N               PF09020.14   126 >LH00406:11:22GHGVLT3:1:1101:36237:21941 -             72      0.25   11.8   1.9   1   1   4.5e-05      0.31   11.5   1.9    87   125    13    51     2    52 0.82 YopE, N terminal
PLRV_ORF5            PF01690.21   524 >LH00406:11:22GHGVLT3:1:1101:36237:21941 -             72         1    8.2   7.1   1   1   0.00016       1.1    8.0   7.1     3    17    13    27    11    44 0.66 Potato leaf roll virus readthrough protein
TALPID3              PF15324.10  1261 >LH00406:11:22GHGVLT3:1:1101:36237:21941 -             72       2.2    6.2   5.5   1   1   0.00028         2    6.3   5.5   946   998     4    56     1    71 0.66 Hedgehog signalling target
Fimbrillin_C         PF15495.10    84 >LH00406:11:22GHGVLT3:1:1101:43190:21941 -             87   2.9e-05   24.6   1.4   1   2   1.1e-08   0.00022   21.8   0.4    28    50     6    28     1    34 0.88 Major fimbrial subunit protein type IV, Fimbrillin, C-terminal
Fimbrillin_C         PF15495.10    84 >LH00406:11:22GHGVLT3:1:1101:43190:21941 -             87   2.9e-05   24.6   1.4   2   2     0.016   3.3e+02    2.0   0.0    70    83    33    46    30    47 0.85 Major fimbrial subunit protein type IV, Fimbrillin, C-terminal
Pirin_C              PF05726.17   103 >LH00406:11:22GHGVLT3:1:1101:3792:21957 -             48     0.075   13.6   0.0   1   1     4e-06     0.082   13.5   0.0     6    44     7    44     4    47 0.89 Pirin C-terminal cupin domain
DUF2142              PF09913.13   390 >LH00406:11:22GHGVLT3:1:1101:30708:21973 -             86   1.3e-07   30.9   1.9   1   1   6.6e-12   1.4e-07   30.9   1.9   166   245     1    78     1    86 0.88 Predicted membrane protein (DUF2142)
TonB_dep_Rec         PF00593.28   436 >LH00406:11:22GHGVLT3:1:1101:14952:22037 -             80   0.00087   19.4   0.4   1   1   4.4e-08   0.00092   19.4   0.4   235   296    11    79     3    80 0.67 TonB dependent receptor
BT4734-like_N        PF08800.14   134 >LH00406:11:22GHGVLT3:1:1101:42728:22037 -             37     0.057   13.7   0.0   1   1   2.8e-06     0.058   13.7   0.0     2    32     5    35     4    37 0.91 BT4734-like, N-terminal domain
TnpW                 PF14202.10    35 >LH00406:11:22GHGVLT3:1:1101:14240:22053 -             60      0.16   12.0   0.3   1   1   1.2e-05      0.24   11.4   0.3     2    14    13    25    12    26 0.89 Transposon-encoded protein TnpW
SusD_RagB            PF07980.15   295 >LH00406:11:22GHGVLT3:1:1101:36302:22053 -             74   1.5e-14   54.6   0.3   1   1   1.5e-18   1.5e-14   54.5   0.3   153   214     2    74     1    74 0.88 SusD family
DUF354               PF04007.16   349 >LH00406:11:22GHGVLT3:1:1101:36302:22053 -             74      0.11   11.7   0.0   1   1   1.2e-05      0.12   11.6   0.0   204   243    24    63     9    70 0.85 Protein of unknown function (DUF354)
pulA_all-beta        PF21653.1     60 >LH00406:11:22GHGVLT3:1:1101:48719:22101 -             83     0.049   13.4   0.2   1   2   3.3e-06     0.069   12.9   0.0    11    46    20    57     8    62 0.77 Pullulanase, all-beta domain
pulA_all-beta        PF21653.1     60 >LH00406:11:22GHGVLT3:1:1101:48719:22101 -             83     0.049   13.4   0.2   2   2      0.21   4.4e+03   -2.5   0.0     1    15    69    83    69    83 0.77 Pullulanase, all-beta domain
PAN_2                PF08276.15    67 >LH00406:11:22GHGVLT3:1:1101:49302:22117 -             44     0.025   14.9   1.9   1   1   1.5e-06     0.032   14.5   1.9    35    61     3    28     2    34 0.78 PAN-like domain
Fer4_7               PF12838.11    52 >LH00406:11:22GHGVLT3:1:1101:49320:22117 -             85   9.2e-12   45.4  11.9   1   1   1.2e-14   1.5e-11   44.8  11.8     2    52     1    46     1    46 0.96 4Fe-4S dicluster domain
Fer4                 PF00037.31    24 >LH00406:11:22GHGVLT3:1:1101:49320:22117 -             85     1e-10   41.2  15.8   1   2   4.5e-07   0.00055   19.8   1.6     8    24     1    17     1    17 0.97 4Fe-4S binding domain
Fer4                 PF00037.31    24 >LH00406:11:22GHGVLT3:1:1101:49320:22117 -             85     1e-10   41.2  15.8   2   2   2.6e-09   3.2e-06   26.9   6.8     2    23    26    47    25    48 0.92 4Fe-4S binding domain
Fer4_10              PF13237.10    56 >LH00406:11:22GHGVLT3:1:1101:49320:22117 -             85   4.2e-10   39.7  22.8   1   2     2e-10   2.4e-07   30.8  10.2     9    56     1    43     1    43 0.96 4Fe-4S dicluster domain
Fer4_10              PF13237.10    56 >LH00406:11:22GHGVLT3:1:1101:49320:22117 -             85   4.2e-10   39.7  22.8   2   2   3.6e-07   0.00044   20.4   4.7     1    23    24    46    24    71 0.75 4Fe-4S dicluster domain
Fer4_9               PF13187.10    50 >LH00406:11:22GHGVLT3:1:1101:49320:22117 -             85   7.2e-10   38.9  15.1   1   1   7.8e-13   9.6e-10   38.5  15.1     2    49     1    46     1    47 0.96 4Fe-4S dicluster domain
Fer4_21              PF14697.10    59 >LH00406:11:22GHGVLT3:1:1101:49320:22117 -             85   1.9e-09   37.7  13.4   1   1     2e-12   2.4e-09   37.3  13.4     8    59     1    49     1    49 0.92 4Fe-4S dicluster domain
Fer4_16              PF13484.10    67 >LH00406:11:22GHGVLT3:1:1101:49320:22117 -             85   3.1e-08   34.5  10.0   1   2   5.5e-06    0.0067   17.4   1.1     2    25     1    25     1    30 0.78 4Fe-4S double cluster binding domain
Fer4_16              PF13484.10    67 >LH00406:11:22GHGVLT3:1:1101:49320:22117 -             85   3.1e-08   34.5  10.0   2   2   1.7e-07   0.00021   22.3   2.2     1    32    31    60    31    81 0.84 4Fe-4S double cluster binding domain
Fer4_2               PF12797.11    22 >LH00406:11:22GHGVLT3:1:1101:49320:22117 -             85   1.1e-06   28.4  15.2   1   2    0.0042       5.1    7.5   4.0    13    21     4    12     1    13 0.87 4Fe-4S binding domain
Fer4_2               PF12797.11    22 >LH00406:11:22GHGVLT3:1:1101:49320:22117 -             85   1.1e-06   28.4  15.2   2   2   3.4e-09   4.1e-06   26.6   3.5     3    22    25    44    23    44 0.92 4Fe-4S binding domain
Fer4_6               PF12837.11    24 >LH00406:11:22GHGVLT3:1:1101:49320:22117 -             85   1.9e-06   27.8  18.0   1   2   0.00015      0.18   12.1   2.9    12    24     4    16     1    16 0.90 4Fe-4S binding domain
Fer4_6               PF12837.11    24 >LH00406:11:22GHGVLT3:1:1101:49320:22117 -             85   1.9e-06   27.8  18.0   2   2   1.5e-07   0.00019   21.5   7.3     3    22    26    45    26    47 0.91 4Fe-4S binding domain
Fer4_8               PF13183.10    70 >LH00406:11:22GHGVLT3:1:1101:49320:22117 -             85   0.00045   20.9  13.5   1   2    0.0026       3.2    8.6  15.6     5    69     1    45     1    46 0.72 4Fe-4S dicluster domain
Fer4_8               PF13183.10    70 >LH00406:11:22GHGVLT3:1:1101:49320:22117 -             85   0.00045   20.9  13.5   2   2   6.5e-05     0.079   13.7   5.8     3    17    30    44    28    81 0.76 4Fe-4S dicluster domain
Fer4_17              PF13534.10    61 >LH00406:11:22GHGVLT3:1:1101:49320:22117 -             85   0.00073   20.2  13.2   1   2     8e-05     0.098   13.4   1.4    46    59     1    14     1    16 0.92 4Fe-4S dicluster domain
Fer4_17              PF13534.10    61 >LH00406:11:22GHGVLT3:1:1101:49320:22117 -             85   0.00073   20.2  13.2   2   2   9.4e-05      0.12   13.1   4.5    28    58    15    44    13    47 0.73 4Fe-4S dicluster domain
Fer4_11              PF13247.10   100 >LH00406:11:22GHGVLT3:1:1101:49320:22117 -             85    0.0014   19.0   2.7   1   1   1.3e-06    0.0015   18.8   2.7    17    64     6    52     1    67 0.89 4Fe-4S dicluster domain
Fer4_3               PF12798.11    15 >LH00406:11:22GHGVLT3:1:1101:49320:22117 -             85    0.0018   19.1  22.6   1   2   3.2e-06     0.004   18.1   4.1     1    15     1    15     1    15 0.95 4Fe-4S binding domain
Fer4_3               PF12798.11    15 >LH00406:11:22GHGVLT3:1:1101:49320:22117 -             85    0.0018   19.1  22.6   2   2     0.012        15    6.9  10.6     1    13    32    44    32    46 0.93 4Fe-4S binding domain
Fer4_22              PF17179.8     95 >LH00406:11:22GHGVLT3:1:1101:49320:22117 -             85    0.0068   17.4  11.9   1   3    0.0012       1.4   10.0   0.9    81    93     1    13     1    16 0.76 4Fe-4S dicluster domain
Fer4_22              PF17179.8     95 >LH00406:11:22GHGVLT3:1:1101:49320:22117 -             85    0.0068   17.4  11.9   2   3   0.00074      0.91   10.6   4.9    73    94    24    45    14    47 0.79 4Fe-4S dicluster domain
Fer4_22              PF17179.8     95 >LH00406:11:22GHGVLT3:1:1101:49320:22117 -             85    0.0068   17.4  11.9   3   3    0.0004      0.48   11.5   4.2     1    26    31    55    31    63 0.79 4Fe-4S dicluster domain
Fer4_13              PF13370.10    58 >LH00406:11:22GHGVLT3:1:1101:49320:22117 -             85    0.0094   16.8   2.7   1   3      0.14   1.8e+02    3.1   0.8     6    18     1    13     1    14 0.90 4Fe-4S single cluster domain of Ferredoxin I
Fer4_13              PF13370.10    58 >LH00406:11:22GHGVLT3:1:1101:49320:22117 -             85    0.0094   16.8   2.7   2   3      0.15   1.9e+02    3.0   2.2    49    57     9    17     4    18 0.82 4Fe-4S single cluster domain of Ferredoxin I
Fer4_13              PF13370.10    58 >LH00406:11:22GHGVLT3:1:1101:49320:22117 -             85    0.0094   16.8   2.7   3   3   7.7e-06    0.0094   16.8   2.7     1    18    27    44    27    61 0.89 4Fe-4S single cluster domain of Ferredoxin I
Fer4_4               PF12800.11    17 >LH00406:11:22GHGVLT3:1:1101:49320:22117 -             85     0.015   15.9  18.5   1   2   0.00081      0.99   10.2   3.3     4    16     1    13     1    14 0.85 4Fe-4S binding domain
Fer4_4               PF12800.11    17 >LH00406:11:22GHGVLT3:1:1101:49320:22117 -             85     0.015   15.9  18.5   2   2   0.00035      0.43   11.3   7.4     2    16    30    44    29    48 0.93 4Fe-4S binding domain
RMF                  PF04957.16    54 >LH00406:11:22GHGVLT3:1:1101:49320:22117 -             85      0.21   12.0   1.5   1   2      0.12   1.5e+02    2.9   0.1    23    35     5    17     3    26 0.73 Ribosome modulation factor
RMF                  PF04957.16    54 >LH00406:11:22GHGVLT3:1:1101:49320:22117 -             85      0.21   12.0   1.5   2   2    0.0023       2.8    8.4   0.1    26    43    39    56    31    62 0.87 Ribosome modulation factor
Fer4_15              PF13459.10    66 >LH00406:11:22GHGVLT3:1:1101:49320:22117 -             85      0.31   12.0  14.0   1   3       5.4   6.6e+03   -1.9   0.2     8    14     1     7     1     9 0.88 4Fe-4S single cluster domain
Fer4_15              PF13459.10    66 >LH00406:11:22GHGVLT3:1:1101:49320:22117 -             85      0.31   12.0  14.0   2   3     0.076        93    4.0   0.5    57    66     9    18     6    18 0.90 4Fe-4S single cluster domain
Fer4_15              PF13459.10    66 >LH00406:11:22GHGVLT3:1:1101:49320:22117 -             85      0.31   12.0  14.0   3   3   5.7e-05      0.07   14.0   4.6     2    20    26    44    26    84 0.80 4Fe-4S single cluster domain
Fer4_7               PF12838.11    52 >LH00406:11:22GHGVLT3:1:1101:7334:22133 -             85   8.5e-10   39.2   9.7   1   1     1e-12   1.3e-09   38.6   9.5     6    52     5    46     1    46 0.93 4Fe-4S dicluster domain
Fer4                 PF00037.31    24 >LH00406:11:22GHGVLT3:1:1101:7334:22133 -             85     5e-09   35.8  10.4   1   2   0.00039      0.47   10.5   0.1    12    24     5    17     5    17 0.95 4Fe-4S binding domain
Fer4                 PF00037.31    24 >LH00406:11:22GHGVLT3:1:1101:7334:22133 -             85     5e-09   35.8  10.4   2   2   2.6e-09   3.2e-06   26.9   6.8     2    23    26    47    25    48 0.92 4Fe-4S binding domain
Fer4_10              PF13237.10    56 >LH00406:11:22GHGVLT3:1:1101:7334:22133 -             85   2.4e-08   34.0  20.1   1   2   1.2e-08   1.4e-05   25.2   7.5     9    56     1    43     1    43 0.92 4Fe-4S dicluster domain
Fer4_10              PF13237.10    56 >LH00406:11:22GHGVLT3:1:1101:7334:22133 -             85   2.4e-08   34.0  20.1   2   2   3.6e-07   0.00044   20.4   4.7     1    23    24    46    24    71 0.75 4Fe-4S dicluster domain
Fer4_9               PF13187.10    50 >LH00406:11:22GHGVLT3:1:1101:7334:22133 -             85   2.6e-08   33.9  11.3   1   1   2.8e-11   3.4e-08   33.6  11.3     6    49     5    46     1    47 0.93 4Fe-4S dicluster domain
Fer4_21              PF14697.10    59 >LH00406:11:22GHGVLT3:1:1101:7334:22133 -             85   3.2e-08   33.8   9.6   1   1   3.3e-11     4e-08   33.5   9.6     8    59     1    49     1    49 0.89 4Fe-4S dicluster domain
Fer4_16              PF13484.10    67 >LH00406:11:22GHGVLT3:1:1101:7334:22133 -             85   5.1e-07   30.6   6.9   1   2   0.00041       0.5   11.4   0.2     6    25     5    25     1    30 0.75 4Fe-4S double cluster binding domain
Fer4_16              PF13484.10    67 >LH00406:11:22GHGVLT3:1:1101:7334:22133 -             85   5.1e-07   30.6   6.9   2   2   1.7e-07   0.00021   22.3   2.2     1    32    31    60    31    81 0.84 4Fe-4S double cluster binding domain
Fer4_6               PF12837.11    24 >LH00406:11:22GHGVLT3:1:1101:7334:22133 -             85   2.8e-06   27.2  12.1   1   2    0.0023       2.8    8.3   0.2    13    24     5    16     5    16 0.95 4Fe-4S binding domain
Fer4_6               PF12837.11    24 >LH00406:11:22GHGVLT3:1:1101:7334:22133 -             85   2.8e-06   27.2  12.1   2   2   1.5e-07   0.00019   21.5   7.3     3    22    26    45    26    47 0.91 4Fe-4S binding domain
Fer4_2               PF12797.11    22 >LH00406:11:22GHGVLT3:1:1101:7334:22133 -             85   3.2e-06   26.9  10.6   1   2     0.033        40    4.7   0.7    14    21     5    12     1    13 0.90 4Fe-4S binding domain
Fer4_2               PF12797.11    22 >LH00406:11:22GHGVLT3:1:1101:7334:22133 -             85   3.2e-06   26.9  10.6   2   2   3.4e-09   4.1e-06   26.6   3.5     3    22    25    44    23    44 0.92 4Fe-4S binding domain
Fer4_11              PF13247.10   100 >LH00406:11:22GHGVLT3:1:1101:7334:22133 -             85   0.00053   20.3   1.5   1   1   4.8e-07   0.00058   20.2   1.5    17    64     6    52     1    68 0.89 4Fe-4S dicluster domain
Fer4_13              PF13370.10    58 >LH00406:11:22GHGVLT3:1:1101:7334:22133 -             85     0.005   17.6   8.6   1   2     0.048        58    4.6   0.4    49    57     9    17     6    18 0.87 4Fe-4S single cluster domain of Ferredoxin I
Fer4_13              PF13370.10    58 >LH00406:11:22GHGVLT3:1:1101:7334:22133 -             85     0.005   17.6   8.6   2   2   7.7e-06    0.0094   16.8   2.7     1    18    27    44    27    61 0.89 4Fe-4S single cluster domain of Ferredoxin I
Fer4_17              PF13534.10    61 >LH00406:11:22GHGVLT3:1:1101:7334:22133 -             85    0.0086   16.7   9.9   1   2    0.0044       5.4    7.8   0.2    46    59     1    14     1    16 0.85 4Fe-4S dicluster domain
Fer4_17              PF13534.10    61 >LH00406:11:22GHGVLT3:1:1101:7334:22133 -             85    0.0086   16.7   9.9   2   2    0.0001      0.13   13.0   4.6    28    58    15    44    13    47 0.73 4Fe-4S dicluster domain
Fer4_4               PF12800.11    17 >LH00406:11:22GHGVLT3:1:1101:7334:22133 -             85     0.012   16.1  12.0   1   2    0.0091        11    6.9   0.1     8    16     5    13     4    14 0.89 4Fe-4S binding domain
Fer4_4               PF12800.11    17 >LH00406:11:22GHGVLT3:1:1101:7334:22133 -             85     0.012   16.1  12.0   2   2   0.00035      0.43   11.3   7.4     2    16    30    44    29    48 0.93 4Fe-4S binding domain
Fer4_8               PF13183.10    70 >LH00406:11:22GHGVLT3:1:1101:7334:22133 -             85     0.019   15.7  11.5   1   2     0.027        33    5.3   0.3    56    68     1    13     1    15 0.68 4Fe-4S dicluster domain
Fer4_8               PF13183.10    70 >LH00406:11:22GHGVLT3:1:1101:7334:22133 -             85     0.019   15.7  11.5   2   2   0.00011      0.13   13.0   6.5     3    17    30    44    28    80 0.76 4Fe-4S dicluster domain
Fer4_15              PF13459.10    66 >LH00406:11:22GHGVLT3:1:1101:7334:22133 -             85     0.039   14.9  10.4   1   2     0.064        78    4.3   0.3    57    66     9    18     6    18 0.90 4Fe-4S single cluster domain
Fer4_15              PF13459.10    66 >LH00406:11:22GHGVLT3:1:1101:7334:22133 -             85     0.039   14.9  10.4   2   2   5.7e-05      0.07   14.0   4.6     2    20    26    44    26    84 0.80 4Fe-4S single cluster domain
RMF                  PF04957.16    54 >LH00406:11:22GHGVLT3:1:1101:7334:22133 -             85      0.11   12.9   1.2   1   2     0.078        95    3.5   0.1    22    35     4    17     3    26 0.73 Ribosome modulation factor
RMF                  PF04957.16    54 >LH00406:11:22GHGVLT3:1:1101:7334:22133 -             85      0.11   12.9   1.2   2   2    0.0023       2.8    8.4   0.1    26    43    39    56    31    62 0.87 Ribosome modulation factor
Fer4_22              PF17179.8     95 >LH00406:11:22GHGVLT3:1:1101:7334:22133 -             85      0.12   13.4   9.1   1   3     0.094   1.1e+02    3.9   0.2    81    94     1    14     1    16 0.71 4Fe-4S dicluster domain
Fer4_22              PF17179.8     95 >LH00406:11:22GHGVLT3:1:1101:7334:22133 -             85      0.12   13.4   9.1   2   3   0.00087       1.1   10.4   5.2    72    94    23    45    13    46 0.78 4Fe-4S dicluster domain
Fer4_22              PF17179.8     95 >LH00406:11:22GHGVLT3:1:1101:7334:22133 -             85      0.12   13.4   9.1   3   3   0.00043      0.53   11.4   4.2     1    26    31    55    31    62 0.79 4Fe-4S dicluster domain
Fer4_3               PF12798.11    15 >LH00406:11:22GHGVLT3:1:1101:7334:22133 -             85      0.15   13.2  18.0   1   2   0.00069      0.85   10.8   0.7     5    15     5    15     1    15 0.84 4Fe-4S binding domain
Fer4_3               PF12798.11    15 >LH00406:11:22GHGVLT3:1:1101:7334:22133 -             85      0.15   13.2  18.0   2   2     0.012        15    6.9  10.6     1    13    32    44    32    46 0.93 4Fe-4S binding domain
Mfa_like_1           PF13149.10   247 >LH00406:11:22GHGVLT3:1:1101:11430:22149 -             74   6.7e-13   49.4   0.7   1   1   3.4e-17     7e-13   49.4   0.7   110   179     2    69     1    74 0.91 Fimbrillin-like
DUF4248              PF14053.10    68 >LH00406:11:22GHGVLT3:1:1101:24679:22165 -             63   5.4e-05   23.4   0.0   1   1   3.1e-09   6.4e-05   23.1   0.0    49    68     4    23     1    23 0.93 Domain of unknown function (DUF4248)
Chromate_transp      PF02417.19   166 >LH00406:11:22GHGVLT3:1:1101:31836:22165 -             54   2.4e-07   31.1   3.1   1   1   1.2e-11   2.6e-07   31.0   3.1    57    98     2    52     1    54 0.92 Chromate transporter
DNA_pol_A_exo1       PF01612.24   173 >LH00406:11:22GHGVLT3:1:1101:35932:22213 -             53      0.11   12.5   0.0   1   1   5.4e-06      0.11   12.5   0.0    70   110     6    47     1    53 0.85 3'-5' exonuclease
POTRA_TamA_1         PF17243.6     74 >LH00406:11:22GHGVLT3:1:1101:48691:22213 -             35     0.094   13.0   0.0   1   1   4.5e-06     0.094   13.0   0.0    40    61    12    33     2    35 0.84 POTRA domain TamA domain 1
LysE                 PF01810.22   193 >LH00406:11:22GHGVLT3:1:1101:29136:22229 -             70     0.091   12.4   0.3   1   1   4.4e-06     0.091   12.4   0.3   130   168     7    45     1    55 0.83 LysE type translocator
MukE                 PF04288.17   229 >LH00406:11:22GHGVLT3:1:1101:13464:22278 -             78      0.13   11.4   0.0   1   1   6.6e-06      0.14   11.3   0.0    98   136    11    49     9    68 0.93 MukE-like family
Y_Y_Y                PF07495.17    65 >LH00406:11:22GHGVLT3:1:1101:50892:22310 -             78   3.1e-10   40.0   1.2   1   2       1.6   1.1e+04   -3.5   0.0    28    32    15    20     6    23 0.53 Y_Y_Y domain
Y_Y_Y                PF07495.17    65 >LH00406:11:22GHGVLT3:1:1101:50892:22310 -             78   3.1e-10   40.0   1.2   2   2   6.2e-14   4.3e-10   39.5   0.9     2    53    25    78    24    78 0.94 Y_Y_Y domain
DUF2888              PF11135.12   144 >LH00406:11:22GHGVLT3:1:1101:50892:22310 -             78     0.092   12.9   0.0   1   1   1.6e-05      0.11   12.7   0.0    13    71     9    71     3    76 0.82 Protein of unknown function (DUF2888)
Por_Secre_tail       PF18962.4     75 >LH00406:11:22GHGVLT3:1:1101:50892:22310 -             78      0.11   13.0   0.1   1   1   2.2e-05      0.15   12.6   0.1     5    67    10    74     9    77 0.81 Secretion system C-terminal sorting domain
VapE-like_dom        PF05272.15   217 >LH00406:11:22GHGVLT3:1:1101:9645:22326 -             54   5.5e-05   22.9   0.0   1   1     5e-08   5.5e-05   22.9   0.0    35    80     2    52     1    54 0.79 Virulence-associated protein E-like domain
Rad17                PF03215.19   186 >LH00406:11:22GHGVLT3:1:1101:9645:22326 -             54    0.0031   17.7   0.0   1   1   3.1e-06    0.0034   17.6   0.0    29    78     5    54     4    54 0.84 Rad17 P-loop domain
RsgA_GTPase          PF03193.20   174 >LH00406:11:22GHGVLT3:1:1101:9645:22326 -             54    0.0038   17.3   0.0   1   1   3.5e-06    0.0038   17.3   0.0   106   130    20    44     6    50 0.83 RsgA GTPase
AAA_25               PF13481.10   194 >LH00406:11:22GHGVLT3:1:1101:9645:22326 -             54     0.011   15.6   0.0   1   1   1.1e-05     0.012   15.5   0.0    23    53     9    40     3    47 0.78 AAA domain
AAA_33               PF13671.10   143 >LH00406:11:22GHGVLT3:1:1101:9645:22326 -             54     0.016   15.7   0.0   1   1   1.7e-05     0.019   15.4   0.0     3    21    24    42    22    52 0.81 AAA domain
AAA_22               PF13401.10   130 >LH00406:11:22GHGVLT3:1:1101:9645:22326 -             54     0.018   15.5   0.0   1   1   1.7e-05     0.018   15.5   0.0     4    28    19    43     8    53 0.84 AAA domain
NACHT                PF05729.16   167 >LH00406:11:22GHGVLT3:1:1101:9645:22326 -             54     0.023   14.7   0.0   1   1   2.9e-05     0.032   14.3   0.0     4    21    24    41    21    50 0.89 NACHT domain
AAA_29               PF13555.10    61 >LH00406:11:22GHGVLT3:1:1101:9645:22326 -             54     0.029   14.3   0.0   1   1     3e-05     0.033   14.1   0.0    23    38    20    36     4    48 0.71 P-loop containing region of AAA domain
nSTAND3              PF20720.1    155 >LH00406:11:22GHGVLT3:1:1101:9645:22326 -             54      0.03   14.2   0.0   1   1   2.8e-05      0.03   14.2   0.0    11    42    13    45     5    53 0.79 Novel STAND NTPase 3
ABC_tran             PF00005.31   137 >LH00406:11:22GHGVLT3:1:1101:9645:22326 -             54     0.052   14.4   0.0   1   1     5e-05     0.055   14.3   0.0    13    29    22    38    10    47 0.78 ABC transporter
RNA_helicase         PF00910.26   105 >LH00406:11:22GHGVLT3:1:1101:9645:22326 -             54     0.058   14.1   0.0   1   1   6.8e-05     0.075   13.7   0.0     2    21    24    43    23    53 0.80 RNA helicase
DUF5906              PF19263.3    113 >LH00406:11:22GHGVLT3:1:1101:9645:22326 -             54     0.078   13.8   0.0   1   1   8.6e-05     0.094   13.6   0.0     1    19    25    42    25    53 0.79 Family of unknown function (DUF5906)
AAA_5                PF07728.18   139 >LH00406:11:22GHGVLT3:1:1101:9645:22326 -             54       0.1   12.8   0.0   1   1   0.00011      0.12   12.5   0.0     3    19    24    40    23    49 0.90 AAA domain (dynein-related subfamily)
AAA_18               PF13238.10   128 >LH00406:11:22GHGVLT3:1:1101:9645:22326 -             54      0.12   13.1   0.0   1   1   0.00013      0.15   12.8   0.0     3    21    25    43    24    54 0.72 AAA domain
AAA_7                PF12775.11   181 >LH00406:11:22GHGVLT3:1:1101:9645:22326 -             54      0.16   11.7   0.0   1   1   0.00014      0.16   11.7   0.0    26    55    13    42     4    54 0.72 P-loop containing dynein motor region
AAA_24               PF13479.10   195 >LH00406:11:22GHGVLT3:1:1101:9645:22326 -             54      0.17   11.8   0.0   1   1   0.00017      0.19   11.7   0.0     6    23    24    42    19    51 0.82 AAA domain
AAA_14               PF13173.10   130 >LH00406:11:22GHGVLT3:1:1101:9645:22326 -             54      0.18   12.1   0.0   1   1   0.00018       0.2   11.9   0.0     4    30    22    46    19    53 0.82 AAA domain
Ras                  PF00071.26   162 >LH00406:11:22GHGVLT3:1:1101:9645:22326 -             54      0.19   11.5   0.0   1   1   0.00021      0.24   11.2   0.0     3    25    24    46    23    53 0.85 Ras family
AAA_15               PF13175.10   399 >LH00406:11:22GHGVLT3:1:1101:9645:22326 -             54      0.23   11.2   0.0   1   1   0.00023      0.25   11.1   0.0    25    40    22    37    11    41 0.85 AAA ATPase domain
GH43_C2              PF17851.5    203 >LH00406:11:22GHGVLT3:1:1101:42534:22342 -             74   0.00084   19.3   0.0   1   1   4.1e-08   0.00086   19.3   0.0    54   136     1    71     1    74 0.69 Beta xylosidase C-terminal Concanavalin A-like domain
Ala_racemase_N       PF01168.24   220 >LH00406:11:22GHGVLT3:1:1101:3413:22358 -             79   1.9e-10   41.0   0.0   1   1     1e-14   2.1e-10   40.9   0.0   155   220     1    65     1    65 0.90 Alanine racemase, N-terminal domain
ROK                  PF00480.24   294 >LH00406:11:22GHGVLT3:1:1101:36699:22390 -             75   1.1e-12   48.3   0.0   1   1   5.6e-17   1.2e-12   48.2   0.0    80   141    13    75     6    75 0.93 ROK family
Peptidase_M19        PF01244.25   319 >LH00406:11:22GHGVLT3:1:1101:10302:22406 -             43   1.2e-07   31.4   0.0   1   1   6.1e-12   1.3e-07   31.3   0.0   125   167     2    43     1    43 0.94 Membrane dipeptidase (Peptidase family M19)
HTH_18               PF12833.11    81 >LH00406:11:22GHGVLT3:1:1101:21397:22406 -             74   5.3e-14   52.5   0.0   1   1   5.5e-18   5.7e-14   52.4   0.0     2    72     4    73     3    74 0.96 Helix-turn-helix domain
HTH_AraC             PF00165.27    42 >LH00406:11:22GHGVLT3:1:1101:21397:22406 -             74     0.011   16.0   0.0   1   2   0.00011       1.1    9.6   0.0    18    42     7    31     4    31 0.90 Bacterial regulatory helix-turn-helix proteins, AraC family
HTH_AraC             PF00165.27    42 >LH00406:11:22GHGVLT3:1:1101:21397:22406 -             74     0.011   16.0   0.0   2   2    0.0042        44    4.5   0.0     2    23    43    62    42    74 0.72 Bacterial regulatory helix-turn-helix proteins, AraC family
Herpes_UL7           PF01677.20   213 >LH00406:11:22GHGVLT3:1:1101:33750:22406 -             70      0.14   12.1   0.0   1   1   1.5e-05      0.16   11.9   0.0   104   141    13    50     5    51 0.90 Herpesvirus UL7 like
HTH_23               PF13384.10    50 >LH00406:11:22GHGVLT3:1:1101:33750:22406 -             70       0.2   11.8   0.7   1   3      0.96     1e+04   -3.2   0.0    27    32    11    16    10    17 0.77 Homeodomain-like domain
HTH_23               PF13384.10    50 >LH00406:11:22GHGVLT3:1:1101:33750:22406 -             70       0.2   11.8   0.7   2   3     4e-05      0.42   10.7   0.0    21    41    28    48    26    51 0.86 Homeodomain-like domain
HTH_23               PF13384.10    50 >LH00406:11:22GHGVLT3:1:1101:33750:22406 -             70       0.2   11.8   0.7   3   3      0.47   4.9e+03   -2.2   0.0    10    17    61    68    59    69 0.78 Homeodomain-like domain
Phage_int_SAM_5      PF13102.10    99 >LH00406:11:22GHGVLT3:1:1101:22728:22438 -             87   1.4e-06   28.8   0.1   1   1   2.7e-10   1.9e-06   28.4   0.1    52    93     1    53     1    60 0.91 Phage integrase SAM-like domain
DUF2686              PF10887.12   285 >LH00406:11:22GHGVLT3:1:1101:22728:22438 -             87     0.026   13.6   0.0   1   1   3.8e-06     0.026   13.6   0.0   109   157    26    75     9    86 0.86 Protein of unknown function (DUF2686)
EME1-MUS81_C         PF21292.1     74 >LH00406:11:22GHGVLT3:1:1101:22728:22438 -             87     0.036   14.5   0.1   1   1   7.2e-06      0.05   14.0   0.1    11    53    23    63    20    80 0.82 EME1/MUS81, C-terminal
Glyco_hydro_115      PF15979.9    335 >LH00406:11:22GHGVLT3:1:1101:19686:22454 -             39   2.1e-09   37.5   0.2   1   1     1e-13   2.1e-09   37.5   0.2    98   134     3    39     1    39 0.95 Glycosyl hydrolase family 115
CTP_transf_3         PF02348.23   217 >LH00406:11:22GHGVLT3:1:1101:14139:22486 -             80   1.2e-11   45.1   0.1   1   1   6.3e-16   1.3e-11   44.9   0.1   146   217     2    75     1    75 0.88 Cytidylyltransferase
Peptidase_M56        PF05569.15   296 >LH00406:11:22GHGVLT3:1:1101:23292:22550 -             70      0.14   11.5   1.2   1   1   8.7e-06      0.18   11.1   1.2   207   231    15    39    14    45 0.89 BlaR1 peptidase M56
TrkH                 PF02386.20   502 >LH00406:11:22GHGVLT3:1:1101:31337:22550 -             86   4.6e-07   28.9   2.8   1   1   2.2e-11   4.6e-07   28.8   2.8   395   476     7    86     1    86 0.84 Cation transport protein
DUF3645              PF12359.12    33 >LH00406:11:22GHGVLT3:1:1101:42561:22550 -             44      0.11   12.1   0.1   1   1   6.7e-06      0.14   11.7   0.1     5    22    26    43    22    43 0.91 Protein of unknown function (DUF3645)
Glyco_hydro_109_C    PF21252.1    187 >LH00406:11:22GHGVLT3:1:1101:2239:22566 -             87   6.2e-10   38.9   0.0   1   1     3e-14   6.2e-10   38.8   0.0   126   165     1    40     1    69 0.89 Glycosyl hydrolase 109, C-terminal domain
CNK2_3_dom           PF06663.17   212 >LH00406:11:22GHGVLT3:1:1101:38206:22566 -             79      0.11   12.3   0.0   1   1   6.4e-06      0.13   12.0   0.0     7    54     5    53     2    60 0.84 Connector enhancer of kinase suppressor of ras 2/3 domain
Phage_Mu_F           PF04233.18   112 >LH00406:11:22GHGVLT3:1:1101:42256:22598 -             82   4.6e-06   27.5   0.2   1   1   2.7e-10   5.5e-06   27.3   0.2    45   111     3    70     1    71 0.86 Phage Mu protein F like protein
RecR_ZnF             PF02132.19    21 >LH00406:11:22GHGVLT3:1:1101:16570:22662 -             66      0.17   11.9   0.5   1   1     2e-05      0.41   10.7   0.5     4    13     1    10     1    12 0.90 RecR, Cys4-zinc finger motif
PEMT                 PF04191.17   105 >LH00406:11:22GHGVLT3:1:1101:38151:22662 -             83       0.1   13.2   0.0   1   1   1.2e-05      0.12   13.0   0.0    11    71    12    72     3    80 0.87 Phospholipid methyltransferase
HTH_AraC             PF00165.27    42 >LH00406:11:22GHGVLT3:1:1101:38151:22662 -             83      0.18   12.2   0.0   1   1   2.8e-05      0.29   11.5   0.0    18    39    36    57    35    58 0.94 Bacterial regulatory helix-turn-helix proteins, AraC family
DUF6621              PF20326.2    190 >LH00406:11:22GHGVLT3:1:1101:47443:22710 -             72      0.13   12.1   0.1   1   1   6.4e-06      0.13   12.1   0.1     9    52     4    47     1    66 0.91 Family of unknown function (DUF6621)
Ectatomin            PF06457.15    34 >LH00406:11:22GHGVLT3:1:1101:36006:22726 -             76      0.21   11.8   0.0   1   1   2.1e-05      0.43   10.7   0.0    15    26    21    32    19    33 0.90 Ectatomin
DUF498               PF04430.18   109 >LH00406:11:22GHGVLT3:1:1101:29099:22742 -             68     0.069   13.4   0.0   1   1   6.9e-06     0.072   13.3   0.0    46    85    25    64     7    67 0.87 Protein of unknown function (DUF498/DUF598)
RTT107_BRCT_5        PF16770.9    100 >LH00406:11:22GHGVLT3:1:1101:29099:22742 -             68      0.21   11.7   0.0   1   1   2.4e-05      0.25   11.4   0.0    12    46    26    61    19    64 0.85 Regulator of Ty1 transposition protein 107 BRCT domain
YfbK_C               PF12034.12   182 >LH00406:11:22GHGVLT3:1:1101:20102:22758 -             65      0.12   12.6   0.1   1   1     7e-06      0.15   12.4   0.1    14    29    29    44    25    46 0.92 Uncharacterized protein YfbK, C-terminal
SHNi-TPR             PF10516.13    38 >LH00406:11:22GHGVLT3:1:1101:43828:22758 -             74    0.0047   16.6   0.0   1   1   4.5e-07    0.0093   15.7   0.0     3    25    46    68    45    69 0.91 SHNi-TPR
DegT_DnrJ_EryC1      PF01041.21   360 >LH00406:11:22GHGVLT3:1:1101:29469:22774 -             36   4.1e-06   26.5   0.0   1   1     2e-10   4.1e-06   26.4   0.0    22    56     2    36     1    36 0.95 DegT/DnrJ/EryC1/StrS aminotransferase family
RuvA_N               PF01330.25    61 >LH00406:11:22GHGVLT3:1:1101:11319:22822 -             73   1.6e-12   47.5   0.3   1   1   9.5e-17     2e-12   47.2   0.3     1    45    29    73    29    73 0.97 RuvA N terminal domain
DUF1846_C            PF20921.1    153 >LH00406:11:22GHGVLT3:1:1101:24402:22838 -             49   4.6e-18   65.6   0.0   1   1   2.3e-22   4.8e-18   65.5   0.0    99   146     1    48     1    49 0.98 Domain of unknown function DUF1846, C-terminal
DUF4836              PF16120.9    481 >LH00406:11:22GHGVLT3:1:1101:32908:22838 -             70   2.8e-06   26.8   0.0   1   1   1.5e-10   3.1e-06   26.7   0.0    38    99     7    69     3    70 0.88 Domain of unknown function (DUF4836)
FliG_C               PF01706.20   108 >LH00406:11:22GHGVLT3:1:1101:9358:22854 -             78     0.085   13.3   0.1   1   2     0.078   1.6e+03   -0.4   0.0    35    49    12    26     7    35 0.78 FliG C-terminal domain
FliG_C               PF01706.20   108 >LH00406:11:22GHGVLT3:1:1101:9358:22854 -             78     0.085   13.3   0.1   2   2   1.3e-05      0.27   11.7   0.1     7    39    33    65    29    71 0.86 FliG C-terminal domain
Thioredox_DsbH       PF03190.19   163 >LH00406:11:22GHGVLT3:1:1101:24291:22870 -             37   1.4e-05   25.3   0.0   1   1   2.7e-09   1.4e-05   25.3   0.0    47    81     2    36     1    37 0.94 Protein of unknown function, DUF255
Thioredoxin_7        PF13899.10    83 >LH00406:11:22GHGVLT3:1:1101:24291:22870 -             37     2e-05   24.9   0.0   1   1   3.8e-09     2e-05   24.9   0.0    26    60     1    35     1    37 0.94 Thioredoxin-like
Thioredoxin_2        PF13098.10   104 >LH00406:11:22GHGVLT3:1:1101:24291:22870 -             37   0.00014   22.3   0.1   1   1   2.7e-08   0.00014   22.3   0.1    15    51     2    36     1    37 0.88 Thioredoxin-like domain
Thioredoxin          PF00085.24   103 >LH00406:11:22GHGVLT3:1:1101:24291:22870 -             37   0.00042   20.5   0.1   1   1   8.2e-08   0.00043   20.5   0.1    27    58     1    35     1    37 0.67 Thioredoxin
OEP                  PF02321.22   187 >LH00406:11:22GHGVLT3:1:1101:37014:22870 -             62   0.00031   20.8   6.6   1   1   4.7e-08   0.00033   20.7   6.6    90   151     1    62     1    62 0.97 Outer membrane efflux protein
Peptidase_S13        PF02113.19   444 >LH00406:11:22GHGVLT3:1:1101:37014:22870 -             62     0.021   13.8   0.3   1   1     3e-06     0.021   13.8   0.3   232   279     2    49     1    61 0.88 D-Ala-D-Ala carboxypeptidase 3 (S13) family
DUF3847              PF12958.11    81 >LH00406:11:22GHGVLT3:1:1101:37014:22870 -             62     0.037   14.4   0.1   1   1   7.4e-06     0.051   14.0   0.0     8    46    19    57    10    60 0.87 Protein of unknown function (DUF3847)
2TM                  PF13239.10    79 >LH00406:11:22GHGVLT3:1:1101:20630:22902 -             59    0.0087   16.3   0.2   1   1   1.3e-06    0.0087   16.3   0.2    18    59     2    42     1    59 0.74 2TM domain
7tm_2                PF00002.28   250 >LH00406:11:22GHGVLT3:1:1101:20630:22902 -             59     0.063   12.7   0.1   1   1   9.1e-06     0.063   12.7   0.1   116   149    21    55     3    59 0.72 7 transmembrane receptor (Secretin family)
DUF2061              PF09834.13    52 >LH00406:11:22GHGVLT3:1:1101:20630:22902 -             59     0.091   13.4   0.3   1   1   2.1e-05      0.14   12.8   0.3     1    22    24    45    24    52 0.88 Predicted membrane protein (DUF2061)
Tox-REase-7          PF15649.10    84 >LH00406:11:22GHGVLT3:1:1101:28627:22918 -             35     0.041   14.4   0.1   1   1   2.2e-06     0.045   14.2   0.1    48    71     3    26     2    30 0.91 Restriction endonuclease fold toxin 7
Aldo_ket_red         PF00248.25   291 >LH00406:11:22GHGVLT3:1:1101:38188:22918 -             70   0.00018   20.9   0.0   1   1   9.3e-09   0.00019   20.8   0.0   245   290     2    45     1    46 0.95 Aldo/keto reductase family
Asparaginase         PF00710.24   192 >LH00406:11:22GHGVLT3:1:1101:39390:22918 -             69   2.3e-09   37.2   0.0   1   1   2.4e-13   2.5e-09   37.1   0.0     8    74     1    68     1    69 0.91 Asparaginase, N-terminal
Aquarius_N_3rd       PF21144.1     96 >LH00406:11:22GHGVLT3:1:1101:39390:22918 -             69      0.13   13.2   0.1   1   1   1.5e-05      0.16   12.9   0.1    13    40    18    45    17    55 0.92 Intron-binding protein aquarius insert domain
Methyltr_RsmB-F      PF01189.21   199 >LH00406:11:22GHGVLT3:1:1101:35423:22934 -             59    0.0028   17.5   0.0   1   1   1.3e-07    0.0028   17.5   0.0    27    62     3    38     1    59 0.79 16S rRNA methyltransferase RsmB/F
WYL                  PF13280.10   172 >LH00406:11:22GHGVLT3:1:1101:40407:22950 -             77     0.055   13.6   0.0   1   1     3e-06     0.062   13.5   0.0   150   171     2    23     1    24 0.92 WYL domain
BacA                 PF02673.22   256 >LH00406:11:22GHGVLT3:1:1101:7611:22966 -             74   3.1e-21   76.4   0.4   1   1   1.6e-25   3.3e-21   76.3   0.4     3    73     1    70     1    74 0.91 Bacitracin resistance protein BacA
PV_NSP1              PF12433.12    82 >LH00406:11:22GHGVLT3:1:1101:15932:22966 -             49      0.22   12.1   0.2   1   1   1.2e-05      0.25   11.9   0.1    40    57    10    27     4    43 0.80 Parvovirus non-structural protein 1
PsbH                 PF00737.24    52 >LH00406:11:22GHGVLT3:1:1101:18854:22966 -             56      0.92    9.4   2.6   1   1   6.4e-05       1.3    8.9   2.6    19    26     7    14     4    18 0.87 Photosystem II 10 kDa phosphoprotein
TMEM156              PF15106.10   226 >LH00406:11:22GHGVLT3:1:1101:31290:23015 -             86      0.12   11.9   2.3   1   1   7.9e-06      0.16   11.4   2.3   168   190    14    36    10    38 0.85 TMEM156 protein family
zf-CCHC_2            PF13696.10    21 >LH00406:11:22GHGVLT3:1:1101:27583:23031 -             85     0.026   14.5   2.2   1   1   2.2e-06     0.045   13.8   2.2     6    21    58    74    58    74 0.97 Zinc knuckle
Sigma70_r4           PF04545.20    50 >LH00406:11:22GHGVLT3:1:1101:32899:23047 -             44     2e-06   27.4   0.0   1   1   2.8e-10   2.9e-06   26.9   0.0     2    33    13    44    12    44 0.96 Sigma-70, region 4
Sigma70_r4_2         PF08281.16    54 >LH00406:11:22GHGVLT3:1:1101:32899:23047 -             44   7.6e-05   22.5   0.1   1   1   8.4e-09   8.8e-05   22.3   0.1     3    39     8    44     2    44 0.94 Sigma-70, region 4
Peptidase_A2_2       PF12382.12   137 >LH00406:11:22GHGVLT3:1:1101:47508:23047 -             87     0.037   14.3   0.0   1   1   1.8e-06     0.037   14.3   0.0    42    86    37    80     2    86 0.72 Retrotransposon peptidase
Casc1_N              PF15927.9    201 >LH00406:11:22GHGVLT3:1:1101:30634:23063 -             73      0.63    9.9  15.7   1   1   6.8e-05       0.7    9.8  15.7     3    52     7    56     5    63 0.68 Cancer susceptibility candidate 1 N-terminus
DUF4337              PF14235.10   160 >LH00406:11:22GHGVLT3:1:1101:30634:23063 -             73       2.6    8.4   5.7   1   1   0.00029         3    8.2   5.7    79   116     7    44     2    49 0.89 Domain of unknown function (DUF4337)
GldM_3rd             PF21602.1     82 >LH00406:11:22GHGVLT3:1:1101:32899:23079 -             80   2.4e-25   88.8   0.1   1   1   1.3e-29   2.7e-25   88.7   0.1    12    82     1    72     1    72 0.99 GldM third domain
Glyco_hydro_36N      PF16875.9    254 >LH00406:11:22GHGVLT3:1:1101:43125:23079 -             62   5.6e-09   36.1   0.1   1   1     3e-13   6.2e-09   35.9   0.1   173   228     1    58     1    61 0.91 Glycosyl hydrolase family 36 N-terminal domain
PLDc_2               PF13091.10   132 >LH00406:11:22GHGVLT3:1:1101:16672:23095 -             60      0.15   12.1   0.1   1   1   7.2e-06      0.15   12.1   0.1    81   123     3    45     1    54 0.78 PLD-like domain
CarbopepD_reg_2      PF13715.10    88 >LH00406:11:22GHGVLT3:1:1101:19252:23111 -             60     3e-12   46.6   0.7   1   1   6.9e-16   3.6e-12   46.3   0.7     1    45    14    58    14    60 0.92 CarboxypepD_reg-like domain
CarboxypepD_reg      PF13620.10    82 >LH00406:11:22GHGVLT3:1:1101:19252:23111 -             60   9.5e-07   29.3   0.6   1   1   2.4e-10   1.3e-06   28.9   0.6     1    45    13    53    13    59 0.92 Carboxypeptidase regulatory-like domain
CooC_C               PF15976.9     93 >LH00406:11:22GHGVLT3:1:1101:19252:23111 -             60   0.00024   21.3   0.3   1   1   4.9e-08   0.00025   21.2   0.3     6    60     1    58     1    60 0.84 CS1-pili formation C-terminal
Chlorosome_CsmC      PF11098.12   139 >LH00406:11:22GHGVLT3:1:1101:19252:23111 -             60    0.0078   16.4   1.4   1   1   1.6e-06    0.0085   16.3   1.4    29    91     1    59     1    60 0.91 Chlorosome envelope protein C
DUF5090              PF17009.9    187 >LH00406:11:22GHGVLT3:1:1101:36930:23111 -             70     0.033   14.3   4.6   1   1   1.9e-06      0.04   14.1   4.6   134   172    25    64    20    64 0.84 Domain of unknown function (DUF5090)
UBAP-1_UBA2          PF21267.1     39 >LH00406:11:22GHGVLT3:1:1101:15285:23127 -             59      0.16   12.0   0.0   1   1     1e-05      0.21   11.6   0.0    24    35    10    21     3    21 0.85 Ubiquitin-associated protein 1, UBA2 domain
DUF3918              PF13056.10    43 >LH00406:11:22GHGVLT3:1:1101:29043:23127 -             82      0.12   12.3   0.0   1   1     9e-06      0.19   11.6   0.0    17    38    39    60    37    64 0.86 Protein of unknown function (DUF3918)
TOBE_2               PF08402.14    76 >LH00406:11:22GHGVLT3:1:1101:47554:23127 -             63   0.00075   19.8   0.0   1   1   4.1e-08   0.00086   19.6   0.0    17    75     4    56     1    57 0.88 TOBE domain
TNFR_16_TM           PF18422.5     38 >LH00406:11:22GHGVLT3:1:1101:42330:23143 -             57     0.086   13.3   0.6   1   2   1.6e-05      0.32   11.4   0.1     3    19    11    27    10    41 0.89 Tumor necrosis factor receptor member 16 trans-membrane domain
TNFR_16_TM           PF18422.5     38 >LH00406:11:22GHGVLT3:1:1101:42330:23143 -             57     0.086   13.3   0.6   2   2     0.041   8.6e+02    0.5   0.1     8    14    46    52    40    55 0.72 Tumor necrosis factor receptor member 16 trans-membrane domain
Quaking_NLS          PF16551.9     30 >LH00406:11:22GHGVLT3:1:1101:8748:23175 -             72      0.07   13.0   1.1   1   1   7.8e-06      0.16   11.8   1.1    14    22    64    72    62    72 0.88 Putative nuclear localisation signal of quaking
CobU                 PF02283.20   168 >LH00406:11:22GHGVLT3:1:1101:19196:23175 -             84   1.3e-07   31.5   0.1   1   2   1.2e-11   2.4e-07   30.7   0.0    22    66     6    51     1    63 0.84 Cobinamide kinase / cobinamide phosphate guanyltransferase
CobU                 PF02283.20   168 >LH00406:11:22GHGVLT3:1:1101:19196:23175 -             84   1.3e-07   31.5   0.1   2   2     0.071   1.5e+03   -1.2   0.0    63    82    67    83    53    84 0.62 Cobinamide kinase / cobinamide phosphate guanyltransferase
RuvA_C               PF07499.17    47 >LH00406:11:22GHGVLT3:1:1101:27795:23175 -             58   4.7e-09   36.8   0.6   1   1   7.2e-13     5e-09   36.7   0.6     2    45     4    46     3    48 0.94 RuvA, C-terminal domain
WIYLD                PF10440.13    61 >LH00406:11:22GHGVLT3:1:1101:27795:23175 -             58    0.0023   17.9   0.0   1   1   4.8e-07    0.0034   17.4   0.0    11    38     8    35     6    40 0.92 Ubiquitin-binding WIYLD domain
HEAT_2               PF13646.10    88 >LH00406:11:22GHGVLT3:1:1101:27795:23175 -             58     0.049   14.1   0.1   1   1   8.1e-06     0.056   13.9   0.1    44    87     1    44     1    49 0.72 HEAT repeats
ACR_tran             PF00873.23  1021 >LH00406:11:22GHGVLT3:1:1101:10209:23207 -             84   4.2e-15   54.8   0.0   1   1   2.2e-19   4.5e-15   54.7   0.0   729   811     1    83     1    84 0.98 AcrB/AcrD/AcrF family
HD                   PF01966.26   116 >LH00406:11:22GHGVLT3:1:1101:14647:23207 -             53     0.086   13.3   0.0   1   1   4.6e-06     0.096   13.2   0.0    11    47     7    42     4    52 0.84 HD domain
Asp_Glu_race         PF01177.26   211 >LH00406:11:22GHGVLT3:1:1101:40444:23207 -             81   7.1e-10   39.3   0.3   1   1   1.8e-13   7.7e-10   39.2   0.3   110   185     3    81     1    81 0.94 Asp/Glu/Hydantoin racemase
NA37                 PF04245.17   310 >LH00406:11:22GHGVLT3:1:1101:40444:23207 -             81     0.043   13.5   0.1   1   1   1.1e-05     0.045   13.4   0.1   199   233    29    63    13    75 0.82 37-kD nucleoid-associated bacterial protein
Gly_acyl_tr_C        PF08444.14    89 >LH00406:11:22GHGVLT3:1:1101:40444:23207 -             81       0.1   13.1   0.0   1   1   2.7e-05      0.11   12.9   0.0     2    53     5    56     4    75 0.87 Aralkyl acyl-CoA:amino acid N-acyltransferase, C-terminal region
HU-CCDC81_euk_1      PF14908.10    89 >LH00406:11:22GHGVLT3:1:1101:40444:23207 -             81      0.11   12.8   0.1   1   1   3.3e-05      0.14   12.5   0.1    30    54    39    63    16    80 0.84 CCDC81 eukaryotic HU domain 1
Asparaginase         PF00710.24   192 >LH00406:11:22GHGVLT3:1:1101:40444:23207 -             81      0.12   12.0   0.2   1   1   3.2e-05      0.13   11.9   0.2     2    61     4    58     3    76 0.80 Asparaginase, N-terminal
Glyco_trans_1_2      PF13524.10    92 >LH00406:11:22GHGVLT3:1:1101:39177:23223 -             72      0.14   12.6   0.0   1   1   7.7e-06      0.16   12.4   0.0    48    91    12    55     6    56 0.90 Glycosyl transferases group 1
DUF1771              PF08590.14    64 >LH00406:11:22GHGVLT3:1:1101:43893:23223 -             49     0.063   13.8   0.1   1   2      0.53   1.1e+04   -3.0   0.1    21    27     7    13     6    15 0.68 Domain of unknown function (DUF1771)
DUF1771              PF08590.14    64 >LH00406:11:22GHGVLT3:1:1101:43893:23223 -             49     0.063   13.8   0.1   2   2   4.9e-06       0.1   13.1   0.0    23    42    29    48    28    49 0.95 Domain of unknown function (DUF1771)
HU-HIG               PF18291.5    125 >LH00406:11:22GHGVLT3:1:1101:34480:23255 -             71    0.0022   18.2   0.1   1   1   1.3e-07    0.0026   18.0   0.1     4    43    31    69    30    71 0.94 HU domain fused to wHTH, Ig, or Glycine-rich motif
Fic-like_C           PF21247.1     64 >LH00406:11:22GHGVLT3:1:1101:37901:23255 -             82   4.3e-18   65.1   0.0   1   1   2.7e-22   5.5e-18   64.8   0.0     1    61    22    82    22    82 0.99 Filamentation induced by cAMP protein Fic-like, C-terminal domain
Glyco_hydro_125      PF06824.15   413 >LH00406:11:22GHGVLT3:1:1101:6141:23271 -             62   9.7e-28   97.4   0.1   1   1     5e-32     1e-27   97.3   0.1   262   323     1    62     1    62 0.98 Metal-independent alpha-mannosidase (GH125)
Radical_SAM          PF04055.25   167 >LH00406:11:22GHGVLT3:1:1101:17874:23319 -             79   3.6e-07   30.7   0.0   1   1   3.9e-11   4.1e-07   30.5   0.0    62   136     7    78     2    79 0.83 Radical SAM superfamily
His_biosynth         PF00977.25   228 >LH00406:11:22GHGVLT3:1:1101:17874:23319 -             79    0.0093   15.6   0.0   1   1   9.3e-07    0.0097   15.6   0.0    60   102    10    52     3    71 0.87 Histidine biosynthesis protein
DUF4143              PF13635.10   120 >LH00406:11:22GHGVLT3:1:1101:37051:23319 -             83   6.9e-05   23.0   0.0   1   1   3.9e-09   8.1e-05   22.8   0.0    29    85    10    78     2    83 0.79 Domain of unknown function (DUF4143)
DDR_swiveling        PF18427.5    162 >LH00406:11:22GHGVLT3:1:1101:24272:23351 -             45   1.5e-12   48.0   0.1   1   1   7.6e-17   1.6e-12   48.0   0.1    47    92     2    45     1    45 0.94 DD-reactivating factor swiveling domain
DUF4494              PF14902.10   139 >LH00406:11:22GHGVLT3:1:1101:14962:23399 -             75    0.0013   18.9   0.1   1   1   8.1e-08    0.0017   18.4   0.1   116   139     2    25     1    25 0.95 Domain of unknown function (DUF4494)
EnY2                 PF10163.13    83 >LH00406:11:22GHGVLT3:1:1101:46371:23447 -             79     0.023   15.2   0.1   1   1   1.3e-06     0.028   14.9   0.1    27    59    26    58    21    77 0.75 Transcription factor e(y)2
RHH_7                PF16777.9     74 >LH00406:11:22GHGVLT3:1:1101:2664:23463 -             52     0.054   14.1   0.0   1   1   2.9e-06      0.06   13.9   0.0    35    63    10    38     9    45 0.89 Transcriptional regulator, RHH-like, CopG
ThiS                 PF02597.24    76 >LH00406:11:22GHGVLT3:1:1101:9044:23463 -             59     1e-07   32.6   0.1   1   1   5.4e-12   1.1e-07   32.4   0.1    23    76     2    51     1    51 0.97 ThiS family
DNA_binding_1        PF01035.24    81 >LH00406:11:22GHGVLT3:1:1101:47767:23527 -             72      0.22   11.6   0.3   1   2   0.00019       3.9    7.6   0.0    45    55    10    20     5    24 0.84 6-O-methylguanine DNA methyltransferase, DNA binding domain
DNA_binding_1        PF01035.24    81 >LH00406:11:22GHGVLT3:1:1101:47767:23527 -             72      0.22   11.6   0.3   2   2    0.0077   1.6e+02    2.4   0.1    41    56    49    64    40    71 0.85 6-O-methylguanine DNA methyltransferase, DNA binding domain
NifQ                 PF04891.16   159 >LH00406:11:22GHGVLT3:1:1101:42571:23559 -             80      0.07   13.8   0.1   1   1   3.6e-06     0.074   13.7   0.1    44    97    27    80     7    80 0.84 NifQ
Lactonase            PF10282.13   344 >LH00406:11:22GHGVLT3:1:1101:25780:23591 -             84   2.8e-10   40.1   0.0   1   1   5.6e-14   2.9e-10   40.1   0.0   218   295     3    83     1    84 0.85 Lactonase, 7-bladed beta-propeller
SGL                  PF08450.16   246 >LH00406:11:22GHGVLT3:1:1101:25780:23591 -             84      0.01   15.6   0.0   1   1   2.2e-06     0.011   15.5   0.0   124   170    22    68     5    72 0.89 SMP-30/Gluconolactonase/LRE-like region
Arylesterase         PF01731.24    86 >LH00406:11:22GHGVLT3:1:1101:25780:23591 -             84     0.025   15.0   0.0   1   1   5.7e-06      0.03   14.7   0.0    51    84    29    62    12    64 0.89 Arylesterase
ROS_MUCR             PF05443.15   121 >LH00406:11:22GHGVLT3:1:1101:25780:23591 -             84     0.064   13.5   0.1   1   1   1.5e-05     0.079   13.2   0.1    31    78    13    61    11    69 0.86 ROS/MUCR transcriptional regulator protein
S-methyl_trans       PF02574.20   284 >LH00406:11:22GHGVLT3:1:1101:27056:23591 -             73   1.5e-23   84.3   0.1   1   1   7.8e-28   1.6e-23   84.1   0.1   203   275     1    73     1    73 0.98 Homocysteine S-methyltransferase
FecR_C               PF16344.9     70 >LH00406:11:22GHGVLT3:1:1101:35636:23591 -             87     0.021   15.0   0.0   1   1   1.3e-06     0.028   14.6   0.0    33    62     3    31     1    34 0.90 FecR, C-terminal
Peptidase_M3         PF01432.24   457 >LH00406:11:22GHGVLT3:1:1101:28193:23607 -             40   0.00027   20.6   0.0   1   1   1.3e-08   0.00027   20.6   0.0   415   445     4    34     1    39 0.87 Peptidase family M3
Glyco_hydro_92N      PF17678.5    236 >LH00406:11:22GHGVLT3:1:1101:16644:23623 -             54   1.1e-09   38.7   0.0   1   1   5.4e-14   1.1e-09   38.7   0.0    63   121     3    54     1    54 0.94 Glycosyl hydrolase family 92 N-terminal domain
YjbE                 PF11106.12    79 >LH00406:11:22GHGVLT3:1:1101:26639:23639 -             85      0.22   12.0   1.1   1   1   1.3e-05      0.26   11.8   1.1     2    38    31    68    30    80 0.81 Exopolysaccharide production protein YjbE
HTH_18               PF12833.11    81 >LH00406:11:22GHGVLT3:1:1101:19150:23671 -             74   4.6e-11   43.1   0.2   1   1   5.3e-15   5.5e-11   42.8   0.2    26    81     1    55     1    55 0.96 Helix-turn-helix domain
HTH_AraC             PF00165.27    42 >LH00406:11:22GHGVLT3:1:1101:19150:23671 -             74   3.1e-10   40.1   0.0   1   1   4.3e-14   4.5e-10   39.6   0.0    10    41    21    53    14    54 0.92 Bacterial regulatory helix-turn-helix proteins, AraC family
Abi_2                PF07751.15   181 >LH00406:11:22GHGVLT3:1:1101:24402:23703 -             69   6.8e-08   33.2   0.6   1   1   3.3e-12   6.9e-08   33.2   0.6    76   142     4    67     1    69 0.78 Abi-like protein
BPD_transp_1         PF00528.26   184 >LH00406:11:22GHGVLT3:1:1101:14037:23720 -             69   2.1e-13   50.6   0.4   1   1   3.1e-17   2.1e-13   50.6   0.4    61   127     2    68     1    69 0.93 Binding-protein-dependent transport system inner membrane component
TadB_TadC_N          PF19360.3    143 >LH00406:11:22GHGVLT3:1:1101:14037:23720 -             69     0.015   15.3   0.0   1   1   2.4e-06     0.017   15.1   0.0    51   110    12    69     6    69 0.91 TadB/TadC N-terminal domain
PEPCK_GTP            PF00821.22   357 >LH00406:11:22GHGVLT3:1:1101:14037:23720 -             69      0.15   11.0   0.0   1   1   2.2e-05      0.15   11.0   0.0   158   197    26    65    11    69 0.86 Phosphoenolpyruvate carboxykinase C-terminal P-loop domain
Glyco_hydro_92N      PF17678.5    236 >LH00406:11:22GHGVLT3:1:1101:32270:23720 -             81   9.1e-13   48.8   0.0   1   1   1.5e-16     1e-12   48.6   0.0    87   160     5    73     2    80 0.87 Glycosyl hydrolase family 92 N-terminal domain
Csd3_N               PF18059.5     83 >LH00406:11:22GHGVLT3:1:1101:32270:23720 -             81     0.018   15.6   0.0   1   1     3e-06     0.021   15.4   0.0    12    63    11    64     6    77 0.81 Csd3 N-terminal
Staphostatin_B       PF09023.14   105 >LH00406:11:22GHGVLT3:1:1101:32270:23720 -             81     0.024   14.9   0.1   1   1   4.1e-06     0.028   14.6   0.1    35    98     7    71     3    80 0.91 Staphostatin B
TMEM237              PF15383.10   247 >LH00406:11:22GHGVLT3:1:1101:12807:23736 -             78    0.0065   15.9   1.3   1   1   3.4e-07    0.0071   15.8   1.3   150   187     6    43     2    63 0.89 Transmembrane protein 237
DUF6056              PF19528.3    438 >LH00406:11:22GHGVLT3:1:1101:16275:23752 -             64     0.018   14.0   1.4   1   1     9e-07     0.019   13.9   1.4   218   272     5    62     1    64 0.77 Family of unknown function (DUF6056)
ACR_tran             PF00873.23  1021 >LH00406:11:22GHGVLT3:1:1101:26168:23752 -             63   2.5e-09   35.6   0.0   1   1   1.3e-13   2.7e-09   35.5   0.0   756   818     1    63     1    63 0.96 AcrB/AcrD/AcrF family
Polysacc_syn_2C      PF08485.14    48 >LH00406:11:22GHGVLT3:1:1101:38761:23752 -             68     0.082   12.9   0.5   1   2     4e-06     0.082   12.9   0.5     8    30     3    25     1    29 0.91 Polysaccharide biosynthesis protein C-terminal
Polysacc_syn_2C      PF08485.14    48 >LH00406:11:22GHGVLT3:1:1101:38761:23752 -             68     0.082   12.9   0.5   2   2       0.6   1.3e+04   -3.7   0.1     5     7    57    59    56    60 0.72 Polysaccharide biosynthesis protein C-terminal
Pyridox_ox_2         PF12900.11   141 >LH00406:11:22GHGVLT3:1:1101:23440:23768 -             70   9.9e-08   32.3   0.0   1   1   9.8e-12     1e-07   32.2   0.0     9    62     1    57     1    68 0.86 Pyridoxamine 5'-phosphate oxidase
Putative_PNPOx       PF01243.24    88 >LH00406:11:22GHGVLT3:1:1101:23440:23768 -             70   1.7e-06   28.3   0.0   1   1   1.7e-10   1.8e-06   28.2   0.0     9    70     1    61     1    69 0.93 Pyridoxamine 5'-phosphate oxidase
Lact_bio_phlase      PF09508.14   434 >LH00406:11:22GHGVLT3:1:1101:9756:23800 -             63   7.9e-25   87.4   0.1   1   1     4e-29   8.3e-25   87.3   0.1    10    71     2    63     1    63 0.97 Lacto-N-biose phosphorylase N-terminal TIM barrel domain
Response_reg         PF00072.28   111 >LH00406:11:22GHGVLT3:1:1101:2017:23816 -             79   6.5e-11   42.6   0.0   1   1   3.8e-15     8e-11   42.3   0.0    57   110     1    54     1    55 0.97 Response regulator receiver domain
MLANA                PF14991.10   117 >LH00406:11:22GHGVLT3:1:1101:2701:23816 -             84     0.056   13.9   0.1   1   1   3.3e-06     0.069   13.6   0.1    36    66    42    72    39    81 0.78 Protein melan-A
TIM                  PF00121.22   245 >LH00406:11:22GHGVLT3:1:1101:14213:23832 -             86   1.7e-20   73.7   0.0   1   1   9.3e-25   1.9e-20   73.6   0.0   182   244     1    64     1    65 0.97 Triosephosphate isomerase
Clp_N                PF02861.24    53 >LH00406:11:22GHGVLT3:1:1101:30218:23848 -             79   9.1e-15   54.8   0.4   1   1   1.2e-18   1.2e-14   54.3   0.4     1    52    21    71    21    72 0.97 Clp amino terminal domain, pathogenicity island component
Ank_2                PF12796.11    90 >LH00406:11:22GHGVLT3:1:1101:30218:23848 -             79     0.088   13.6   0.0   1   1   1.1e-05      0.11   13.2   0.0    27    72    31    74    10    77 0.75 Ankyrin repeats (3 copies)
ABC_tran             PF00005.31   137 >LH00406:11:22GHGVLT3:1:1101:34619:23848 -             86   4.1e-09   37.4   0.0   1   1   6.1e-12   4.2e-09   37.4   0.0     2    45     8    51     7    79 0.81 ABC transporter
AAA_21               PF13304.10   304 >LH00406:11:22GHGVLT3:1:1101:34619:23848 -             86   0.00055   20.1   0.0   1   1   8.6e-07    0.0006   20.0   0.0     2    48    20    60    19    78 0.75 AAA domain, putative AbiEii toxin, Type IV TA system
AAA_29               PF13555.10    61 >LH00406:11:22GHGVLT3:1:1101:34619:23848 -             86    0.0036   17.2   0.0   1   2   1.1e-05    0.0073   16.2   0.0    19    39    17    34     7    47 0.80 P-loop containing region of AAA domain
AAA_29               PF13555.10    61 >LH00406:11:22GHGVLT3:1:1101:34619:23848 -             86    0.0036   17.2   0.0   2   2       7.7   5.3e+03   -2.5   0.0     9    22    56    69    52    73 0.70 P-loop containing region of AAA domain
MMR_HSR1             PF01926.27   113 >LH00406:11:22GHGVLT3:1:1101:34619:23848 -             86    0.0047   17.2   0.2   1   1   7.7e-06    0.0054   17.0   0.2     2    24    20    43    19    77 0.82 50S ribosome-binding GTPase
AAA_23               PF13476.10   201 >LH00406:11:22GHGVLT3:1:1101:34619:23848 -             86    0.0075   17.1   0.0   1   1   1.1e-05    0.0075   17.1   0.0    23    43    21    38     7    84 0.73 AAA domain
DUF5906              PF19263.3    113 >LH00406:11:22GHGVLT3:1:1101:34619:23848 -             86     0.015   16.1   0.1   1   1   2.5e-05     0.017   15.9   0.1     1    25    22    43    22    79 0.76 Family of unknown function (DUF5906)
MeaB                 PF03308.20   273 >LH00406:11:22GHGVLT3:1:1101:34619:23848 -             86     0.019   14.2   0.0   1   1   3.3e-05     0.023   13.9   0.0    20    56     4    40     1    49 0.85 Methylmalonyl Co-A mutase-associated GTPase MeaB
AAA_22               PF13401.10   130 >LH00406:11:22GHGVLT3:1:1101:34619:23848 -             86     0.028   14.9   0.0   1   1   4.6e-05     0.032   14.8   0.0    10    32    22    44    20    84 0.77 AAA domain
SMC_N                PF02463.23   220 >LH00406:11:22GHGVLT3:1:1101:34619:23848 -             86     0.029   14.0   0.8   1   2   0.00025      0.17   11.4   0.5    27    44    20    37     7    45 0.82 RecF/RecN/SMC N terminal domain
SMC_N                PF02463.23   220 >LH00406:11:22GHGVLT3:1:1101:34619:23848 -             86     0.029   14.0   0.8   2   2      0.35   2.5e+02    1.1   0.0    35    65    45    76    42    82 0.69 RecF/RecN/SMC N terminal domain
AAA_15               PF13175.10   399 >LH00406:11:22GHGVLT3:1:1101:34619:23848 -             86     0.031   14.1   0.0   1   1   4.4e-05     0.031   14.1   0.0    25    43    19    37     2    82 0.83 AAA ATPase domain
AAA                  PF00004.33   131 >LH00406:11:22GHGVLT3:1:1101:34619:23848 -             86     0.039   14.6   0.0   1   1   6.3e-05     0.044   14.4   0.0     3    35    22    54    20    83 0.71 ATPase family associated with various cellular activities (AAA)
Dynamin_N            PF00350.27   168 >LH00406:11:22GHGVLT3:1:1101:34619:23848 -             86     0.041   14.1   0.1   1   1   8.4e-05     0.058   13.6   0.1     3    21    22    40    20    48 0.87 Dynamin family
NB-ARC               PF00931.26   248 >LH00406:11:22GHGVLT3:1:1101:34619:23848 -             86     0.045   13.2   0.0   1   1   6.5e-05     0.045   13.2   0.0    19    52    18    51     7    79 0.88 NB-ARC domain
AAA_24               PF13479.10   195 >LH00406:11:22GHGVLT3:1:1101:34619:23848 -             86     0.047   13.7   0.6   1   2   0.00011     0.079   12.9   0.2     4    22    19    37    16    52 0.86 AAA domain
AAA_24               PF13479.10   195 >LH00406:11:22GHGVLT3:1:1101:34619:23848 -             86     0.047   13.7   0.6   2   2       2.7   1.8e+03   -1.3   0.0   146   164    64    82    44    84 0.67 AAA domain
RsgA_GTPase          PF03193.20   174 >LH00406:11:22GHGVLT3:1:1101:34619:23848 -             86     0.051   13.6   0.0   1   1   7.3e-05     0.051   13.6   0.0   110   131    21    42     7    74 0.87 RsgA GTPase
DUF87                PF01935.21   220 >LH00406:11:22GHGVLT3:1:1101:34619:23848 -             86     0.051   13.9   0.0   1   1   0.00011     0.076   13.3   0.0    25    46    19    40    13    48 0.90 Helicase HerA, central domain
SpoIVA_ATPase        PF09547.14   237 >LH00406:11:22GHGVLT3:1:1101:34619:23848 -             86      0.07   12.7   0.0   1   1   0.00015       0.1   12.1   0.0    20    38    20    38    17    44 0.89 Stage IV sporulation protein A, ATPase domain
Septin               PF00735.22   280 >LH00406:11:22GHGVLT3:1:1101:34619:23848 -             86     0.093   12.2   0.0   1   1   0.00013     0.093   12.2   0.0     9    30    22    43    15    77 0.83 Septin
DUF815               PF05673.17   249 >LH00406:11:22GHGVLT3:1:1101:34619:23848 -             86     0.094   12.0   0.0   1   1   0.00016      0.11   11.8   0.0    58    79    22    43     7    53 0.87 Protein of unknown function (DUF815)
AAA_7                PF12775.11   181 >LH00406:11:22GHGVLT3:1:1101:34619:23848 -             86       0.1   12.3   0.0   1   1   0.00017      0.11   12.2   0.0    38    60    22    44     8    61 0.89 P-loop containing dynein motor region
RNA_helicase         PF00910.26   105 >LH00406:11:22GHGVLT3:1:1101:34619:23848 -             86      0.12   13.0   0.0   1   1   0.00021      0.15   12.8   0.0     3    23    22    42    20    75 0.83 RNA helicase
nSTAND3              PF20720.1    155 >LH00406:11:22GHGVLT3:1:1101:34619:23848 -             86      0.14   12.0   0.2   1   1   0.00033      0.23   11.4   0.2    22    40    22    40    18    81 0.91 Novel STAND NTPase 3
DO-GTPase1           PF19975.3    271 >LH00406:11:22GHGVLT3:1:1101:34619:23848 -             86      0.15   11.6   0.0   1   1   0.00025      0.17   11.4   0.0     2    31    22    51    21    61 0.90 Double-GTPase 1
TrwB_AAD_bind        PF10412.13   387 >LH00406:11:22GHGVLT3:1:1101:34619:23848 -             86      0.16   11.0   0.0   1   1   0.00029       0.2   10.7   0.0    17    40    19    42    13    51 0.89 Type IV secretion-system coupling protein DNA-binding domain
FtsK_SpoIIIE         PF01580.22   221 >LH00406:11:22GHGVLT3:1:1101:34619:23848 -             86      0.17   11.5   0.0   1   2   0.00046      0.32   10.6   0.0    39    60    18    38     3    41 0.75 FtsK/SpoIIIE family
FtsK_SpoIIIE         PF01580.22   221 >LH00406:11:22GHGVLT3:1:1101:34619:23848 -             86      0.17   11.5   0.0   2   2       4.8   3.3e+03   -2.5   0.0   168   181    68    81    58    83 0.61 FtsK/SpoIIIE family
MobB                 PF03205.18   134 >LH00406:11:22GHGVLT3:1:1101:34619:23848 -             86      0.17   12.0   0.0   1   1   0.00038      0.26   11.4   0.0     2    24    20    42    19    51 0.89 Molybdopterin guanine dinucleotide synthesis protein B
KAP_NTPase           PF07693.18   293 >LH00406:11:22GHGVLT3:1:1101:34619:23848 -             86      0.17   11.3   0.0   1   1   0.00026      0.18   11.2   0.0    24    66    21    63    15    82 0.80 KAP family P-loop domain
CLP1_P               PF16575.9    188 >LH00406:11:22GHGVLT3:1:1101:34619:23848 -             86      0.19   11.7   0.1   1   1   0.00037      0.26   11.3   0.1     1    17    24    40    24    47 0.90 mRNA cleavage and polyadenylation factor CLP1 P-loop
VapE-like_dom        PF05272.15   217 >LH00406:11:22GHGVLT3:1:1101:34619:23848 -             86       0.2   11.3   0.0   1   1   0.00035      0.24   11.0   0.0    56    75    22    40    12    53 0.84 Virulence-associated protein E-like domain
AAA_16               PF13191.10   167 >LH00406:11:22GHGVLT3:1:1101:34619:23848 -             86      0.22   12.2   0.0   1   1   0.00032      0.22   12.2   0.0    28    56    21    49     7    81 0.81 AAA ATPase domain
CarbopepD_reg_2      PF13715.10    88 >LH00406:11:22GHGVLT3:1:1101:30005:23864 -             85   6.3e-08   32.7   0.2   1   1   7.8e-12   8.1e-08   32.4   0.2    26    88    11    68     6    68 0.85 CarboxypepD_reg-like domain
CarboxypepD_reg      PF13620.10    82 >LH00406:11:22GHGVLT3:1:1101:30005:23864 -             85      0.01   16.4   0.0   1   1   1.3e-06     0.013   16.0   0.0    21    64     2    44     1    55 0.86 Carboxypeptidase regulatory-like domain
Peripla_BP_4         PF13407.10   258 >LH00406:11:22GHGVLT3:1:1101:45252:23880 -             83   0.00062   19.6   0.0   1   1   1.4e-07   0.00071   19.4   0.0    11    89     1    78     1    82 0.94 Periplasmic binding protein domain
PIR2-like_helical    PF20235.2    116 >LH00406:11:22GHGVLT3:1:1101:45252:23880 -             83     0.016   15.7   0.0   1   1   3.5e-06     0.018   15.4   0.0    49    93    15    60     3    67 0.79 PIR2-like, helical domain
GCP5-Mod21_C         PF20685.1     69 >LH00406:11:22GHGVLT3:1:1101:45252:23880 -             83     0.093   13.2   0.1   1   1   2.5e-05      0.13   12.8   0.1    15    69     7    66     5    66 0.76 Gamma-Tubulin ring complex non-core subunit mod21, C-terminal
Peripla_BP_1         PF00532.25   281 >LH00406:11:22GHGVLT3:1:1101:45252:23880 -             83      0.16   11.6   0.0   1   1   3.4e-05      0.18   11.5   0.0    14    89     1    77     1    81 0.83 Periplasmic binding proteins and sugar binding domain of LacI family
DUF5811              PF19128.4    103 >LH00406:11:22GHGVLT3:1:1101:8684:23896 -             53      0.22   12.0   0.0   1   1   1.1e-05      0.23   11.9   0.0     6    31     5    30     2    47 0.90 Family of unknown function (DUF5811)
PfaD_N               PF18328.5     62 >LH00406:11:22GHGVLT3:1:1101:35534:23928 -             76       0.1   12.7   0.0   1   1     6e-06      0.12   12.5   0.0    18    30     6    18     4    38 0.82 Fatty acid synthase subunit PfaD N-terminal domain
UPF0193              PF05250.15   217 >LH00406:11:22GHGVLT3:1:1101:38613:23976 -             64      0.28   11.1   0.0   1   1   1.4e-05       0.3   11.0   0.0   173   199    19    45    17    55 0.86 Uncharacterised protein family (UPF0193)
Nitroreductase       PF00881.28   168 >LH00406:11:22GHGVLT3:1:1101:28951:24024 -             80   1.5e-06   28.7   0.0   1   1   8.3e-11   1.7e-06   28.5   0.0    78   140    23    75     2    77 0.84 Nitroreductase family
PAP2                 PF01569.25   130 >LH00406:11:22GHGVLT3:1:1101:14444:24040 -             64   7.4e-06   26.0   2.7   1   1     8e-10   8.3e-06   25.8   2.7    53   106    12    64     6    64 0.91 PAP2 superfamily
US30                 PF17624.6    282 >LH00406:11:22GHGVLT3:1:1101:14444:24040 -             64      0.25   10.6   1.9   1   1   2.4e-05      0.25   10.6   1.9   142   187    12    58     5    64 0.86 Family of unknown function
SusD_RagB            PF07980.15   295 >LH00406:11:22GHGVLT3:1:1101:38058:24040 -             76     1e-11   45.2   0.1   1   1   5.2e-16   1.1e-11   45.2   0.1   204   257     4    60     1    73 0.74 SusD family
zf-Mss51             PF13824.10    55 >LH00406:11:22GHGVLT3:1:1101:36422:24056 -             42     0.033   14.6   0.5   1   1   6.4e-06     0.045   14.1   0.5    13    37    12    36     7    41 0.84 Zinc-finger of mitochondrial splicing suppressor 51
DUF6199              PF19701.3     64 >LH00406:11:22GHGVLT3:1:1101:36422:24056 -             42      0.17   11.9   1.4   1   1   2.9e-05       0.2   11.6   1.4    16    33    14    34     4    39 0.83 Family of unknown function (DUF6199)
zf-nanos             PF05741.17    54 >LH00406:11:22GHGVLT3:1:1101:36422:24056 -             42       0.3   11.6   2.2   1   1   5.1e-05      0.35   11.3   1.8    26    37     6    17     3    29 0.94 Nanos RNA binding domain
Adipokin_hormo       PF06377.15    51 >LH00406:11:22GHGVLT3:1:1101:29043:24088 -             67     0.081   13.6   0.0   1   1   4.6e-06     0.095   13.4   0.0     1    27    16    41    16    50 0.82 Adipokinetic hormone
Cytidylate_kin       PF02224.22   211 >LH00406:11:22GHGVLT3:1:1101:43726:24088 -             85   6.9e-10   39.2   0.0   1   1   3.6e-14   7.6e-10   39.1   0.0    31   104     1    84     1    85 0.81 Cytidylate kinase
ENOD40               PF08247.15    12 >LH00406:11:22GHGVLT3:1:1101:3977:24104 -             84    0.0085   16.2   0.4   1   1   1.7e-06     0.036   14.3   0.4     1    10     2    11     2    11 0.99 ENOD40 protein
DUF4143              PF13635.10   120 >LH00406:11:22GHGVLT3:1:1101:28664:24104 -             45     0.022   14.9   0.0   1   1   1.1e-06     0.022   14.9   0.0    30    65     2    38     1    45 0.82 Domain of unknown function (DUF4143)
HD_5                 PF13487.10   170 >LH00406:11:22GHGVLT3:1:1101:39334:24104 -             64     1e-05   25.6   0.0   1   1   5.4e-10   1.1e-05   25.5   0.0    69   119     2    53     1    58 0.91 HD domain
TonB_dep_Rec         PF00593.28   436 >LH00406:11:22GHGVLT3:1:1101:28951:24120 -             64   0.00011   22.4   0.0   1   1   5.4e-09   0.00011   22.4   0.0   262   311     2    53     1    64 0.85 TonB dependent receptor
ADDB_N               PF21445.1    290 >LH00406:11:22GHGVLT3:1:1101:14740:24168 -             83   1.4e-18   67.4   0.3   1   1   6.9e-23   1.4e-18   67.3   0.3    72   158     1    82     1    83 0.93 ADDB, N-terminal
AAA-ATPase_like      PF09820.13   279 >LH00406:11:22GHGVLT3:1:1101:32862:24168 -             57    0.0036   17.0   0.0   1   1   1.7e-07    0.0036   16.9   0.0    78   118     7    46     1    56 0.86 Predicted AAA-ATPase
Arg_repressor_C      PF02863.22    68 >LH00406:11:22GHGVLT3:1:1101:11883:24184 -             48   1.9e-07   31.0   0.1   1   1   1.1e-11   2.2e-07   30.8   0.1    39    67     1    29     1    30 0.94 Arginine repressor, C-terminal domain
DASH_Ask1            PF08655.14    64 >LH00406:11:22GHGVLT3:1:1101:50957:24184 -             72     0.091   12.9   0.1   1   2    0.0001       1.1    9.5   0.0    28    58     6    36     4    39 0.91 DASH complex subunit Ask1
DASH_Ask1            PF08655.14    64 >LH00406:11:22GHGVLT3:1:1101:50957:24184 -             72     0.091   12.9   0.1   2   2     0.029     3e+02    1.6   0.0    12    25    45    58    37    66 0.78 DASH complex subunit Ask1
DUF4899              PF16240.9    283 >LH00406:11:22GHGVLT3:1:1101:50957:24184 -             72      0.14   11.5   0.0   1   1   1.4e-05      0.14   11.5   0.0    64   107    14    57     1    63 0.83 Domain of unknown function (DUF4899)
DUF4042              PF13251.10   182 >LH00406:11:22GHGVLT3:1:1101:28535:24200 -             85       0.1   12.5   0.1   1   1     6e-06      0.13   12.2   0.1    98   148     8    57     5    65 0.90 Domain of unknown function (DUF4042)
bPH_3                PF14470.10    95 >LH00406:11:22GHGVLT3:1:1101:46583:24200 -             76    0.0083   16.8   0.2   1   1   4.4e-07    0.0093   16.6   0.2    25    62     3    40     1    74 0.78 Bacterial PH domain
HMGL-like            PF00682.23   264 >LH00406:11:22GHGVLT3:1:1101:38641:24216 -             89   5.8e-09   36.1   0.0   1   1   3.1e-13   6.5e-09   35.9   0.0   199   263     1    65     1    66 0.94 HMGL-like
DUF2586              PF10758.13   386 >LH00406:11:22GHGVLT3:1:1101:46343:24232 -             62   2.5e-05   23.9   0.0   1   1   1.3e-09   2.6e-05   23.8   0.0     1    44    15    61    15    62 0.90 Protein of unknown function (DUF2586)
NTP_transf_5         PF14907.10   249 >LH00406:11:22GHGVLT3:1:1101:1888:24264 -             39     0.067   12.9   0.1   1   1   3.2e-06     0.067   12.9   0.1   171   196    13    38     2    39 0.81 Uncharacterised nucleotidyltransferase
Ketoacyl-synt_C      PF02801.26   119 >LH00406:11:22GHGVLT3:1:1101:46593:24312 -             79   7.9e-13   48.7   0.0   1   1   4.4e-17   9.1e-13   48.5   0.0    69   118     3    50     1    51 0.92 Beta-ketoacyl synthase, C-terminal domain
Asp_Glu_race         PF01177.26   211 >LH00406:11:22GHGVLT3:1:1101:21240:24344 -             62     0.019   15.0   0.0   1   1     1e-06     0.021   14.9   0.0    93   129    15    54    10    60 0.88 Asp/Glu/Hydantoin racemase
HIGH_NTase1          PF05636.15   400 >LH00406:11:22GHGVLT3:1:1101:42275:24360 -             75   1.5e-33  116.8   0.3   1   1   1.6e-37   1.7e-33  116.7   0.3    16    88     1    74     1    75 0.96 HIGH Nucleotidyl Transferase
CTP_transf_like      PF01467.30   133 >LH00406:11:22GHGVLT3:1:1101:42275:24360 -             75    0.0017   18.8   0.0   1   1   1.8e-07    0.0019   18.6   0.0    12    57     1    48     1    59 0.88 Cytidylyltransferase-like
Glycos_transf_1      PF00534.24   172 >LH00406:11:22GHGVLT3:1:1101:12234:24376 -             55     0.014   15.2   0.1   1   1   6.5e-07     0.014   15.2   0.1     5    42    13    50     9    55 0.85 Glycosyl transferases group 1
Glyco_hydro_25       PF01183.24   180 >LH00406:11:22GHGVLT3:1:1101:2794:24392 -             72     1e-06   29.4   2.3   1   1   6.7e-11   1.4e-06   29.0   2.3   145   180     1    33     1    33 0.91 Glycosyl hydrolases family 25
Acyl_transf_3        PF01757.26   326 >LH00406:11:22GHGVLT3:1:1101:7722:24408 -             75   5.8e-14   52.1   1.7   1   1   5.9e-18   6.1e-14   52.0   1.7    18    96     1    66     1    74 0.91 Acyltransferase family
ABC2_membrane        PF01061.28   211 >LH00406:11:22GHGVLT3:1:1101:7722:24408 -             75     0.011   15.4   0.4   1   1   1.2e-06     0.012   15.3   0.4   165   207    17    60     2    63 0.87 ABC-2 type transporter
DUF6704              PF20447.2     68 >LH00406:11:22GHGVLT3:1:1101:14351:24457 -             88      0.14   12.6   0.0   1   1   8.8e-06      0.18   12.2   0.0    10    62    23    75    18    80 0.92 Family of unknown function (DUF6704)
FrhB_FdhB_C          PF04432.17   151 >LH00406:11:22GHGVLT3:1:1101:26168:24457 -             82     4e-09   36.7   0.0   1   1   2.2e-13   4.6e-09   36.5   0.0    90   139    15    74     3    80 0.88 Coenzyme F420 hydrogenase/dehydrogenase, beta subunit C terminus
Phage_spike_2        PF18781.5     76 >LH00406:11:22GHGVLT3:1:1101:35571:24505 -             55     0.089   13.4   0.0   1   1   5.1e-06      0.11   13.1   0.0     8    30    28    50    22    55 0.87 Phage spike trimer
Penicillinase_R      PF03965.20   115 >LH00406:11:22GHGVLT3:1:1101:47073:24537 -             66      0.12   12.9   0.0   1   1   5.9e-06      0.12   12.9   0.0    53    95    22    64     7    66 0.92 Penicillinase repressor
CarbopepD_reg_2      PF13715.10    88 >LH00406:11:22GHGVLT3:1:1101:12003:24585 -             71   2.6e-13   50.0   1.4   1   2       2.9   8.7e+03   -3.0   0.0    47    56     1    10     1    12 0.77 CarboxypepD_reg-like domain
CarbopepD_reg_2      PF13715.10    88 >LH00406:11:22GHGVLT3:1:1101:12003:24585 -             71   2.6e-13   50.0   1.4   2   2   9.4e-17   2.8e-13   49.9   0.8     1    58    14    70    14    71 0.92 CarboxypepD_reg-like domain
CarboxypepD_reg      PF13620.10    82 >LH00406:11:22GHGVLT3:1:1101:12003:24585 -             71   2.7e-10   40.7   0.4   1   2      0.19   5.6e+02    1.2   0.0    51    63     1    13     1    15 0.85 Carboxypeptidase regulatory-like domain
CarboxypepD_reg      PF13620.10    82 >LH00406:11:22GHGVLT3:1:1101:12003:24585 -             71   2.7e-10   40.7   0.4   2   2   3.7e-13   1.1e-09   38.7   0.2     2    62    14    70    13    71 0.94 Carboxypeptidase regulatory-like domain
Big_1                PF02369.20    64 >LH00406:11:22GHGVLT3:1:1101:12003:24585 -             71   1.4e-05   25.2   4.7   1   1   1.2e-08   3.6e-05   23.9   4.7     1    55     6    56     6    62 0.91 Bacterial Ig-like domain (group 1)
CooC_C               PF15976.9     93 >LH00406:11:22GHGVLT3:1:1101:12003:24585 -             71    0.0014   18.8   0.1   1   1   5.4e-07    0.0016   18.7   0.1    19    66    14    64     2    70 0.81 CS1-pili formation C-terminal
Invasin_D3           PF09134.14    98 >LH00406:11:22GHGVLT3:1:1101:12003:24585 -             71     0.013   16.2   1.4   1   1   4.8e-06     0.014   16.0   1.4    14    72     4    58     1    69 0.79 Invasin, domain 3
Big_3_5              PF16640.9     90 >LH00406:11:22GHGVLT3:1:1101:12003:24585 -             71     0.024   15.0   1.0   1   1   9.6e-06     0.029   14.8   1.0     9    69    11    66     3    69 0.87 Bacterial Ig-like domain (group 3)
DUF1416              PF07210.16    97 >LH00406:11:22GHGVLT3:1:1101:12003:24585 -             71     0.093   12.9   0.1   1   1   3.8e-05      0.11   12.6   0.1    12    38     4    31     1    61 0.84 Protein of unknown function (DUF1416)
MTES_1575            PF18741.5     96 >LH00406:11:22GHGVLT3:1:1101:35164:24601 -             88   2.2e-05   24.7   0.1   1   2     0.003        21    5.5   0.0    37    53     4    20     2    30 0.82 REase_MTES_1575
MTES_1575            PF18741.5     96 >LH00406:11:22GHGVLT3:1:1101:35164:24601 -             88   2.2e-05   24.7   0.1   2   2   5.8e-07     0.004   17.4   0.1    52    96    41    85    34    85 0.92 REase_MTES_1575
Vsr                  PF03852.19    74 >LH00406:11:22GHGVLT3:1:1101:35164:24601 -             88   7.4e-05   22.7   0.2   1   2   3.3e-08   0.00023   21.2   0.2    52    73     1    22     1    23 0.95 DNA mismatch endonuclease Vsr
Vsr                  PF03852.19    74 >LH00406:11:22GHGVLT3:1:1101:35164:24601 -             88   7.4e-05   22.7   0.2   2   2      0.38   2.6e+03   -1.5   0.0    12    26    40    54    33    62 0.70 DNA mismatch endonuclease Vsr
DUF559               PF04480.16   109 >LH00406:11:22GHGVLT3:1:1101:35164:24601 -             88   0.00026   21.0   0.0   1   1   5.1e-08   0.00035   20.6   0.0    66   107    43    84    37    86 0.90 Protein of unknown function (DUF559)
DUF1016_N            PF17761.5    137 >LH00406:11:22GHGVLT3:1:1101:51271:24601 -             80   1.6e-12   47.9   0.0   1   1     9e-17   1.9e-12   47.7   0.0    82   137     2    56     1    56 0.98 DUF1016 N-terminal domain
OEP                  PF02321.22   187 >LH00406:11:22GHGVLT3:1:1101:33417:24649 -             73      0.13   12.2   6.7   1   1   8.2e-06      0.17   11.8   6.7   106   168     4    65     2    67 0.89 Outer membrane efflux protein
DUF5042              PF16445.9    434 >LH00406:11:22GHGVLT3:1:1101:34175:24649 -             61    0.0076   15.0   0.1   1   1   4.1e-07    0.0085   14.9   0.1   242   263    14    35     6    42 0.90 Domain of unknown function (DUF5042)
ACDH_C               PF09317.15   284 >LH00406:11:22GHGVLT3:1:1101:34415:24713 -             55     0.069   13.0   0.0   1   1   3.4e-06      0.07   12.9   0.0   231   272    13    53     5    55 0.80 Acyl-CoA dehydrogenase, C-terminal, bacterial type
VTC                  PF09359.14   235 >LH00406:11:22GHGVLT3:1:1101:37411:24745 -             63   1.8e-09   37.7   0.0   1   1   8.8e-14   1.8e-09   37.7   0.0    19    77     7    59     1    63 0.78 VTC domain
AAA-ATPase_like      PF09820.13   279 >LH00406:11:22GHGVLT3:1:1101:18041:24761 -             60   5.6e-07   29.4   0.1   1   1   3.1e-11   6.4e-07   29.3   0.1     1    24    37    60    37    60 0.95 Predicted AAA-ATPase
DUF6080              PF19558.3    447 >LH00406:11:22GHGVLT3:1:1101:30458:24777 -             81   8.1e-22   77.6   0.5   1   1   8.2e-26   8.6e-22   77.6   0.5   257   335     6    81     1    81 0.79 Family of unknown function (DUF6080)
tRNA_synt_1c_R2      PF04557.19    94 >LH00406:11:22GHGVLT3:1:1101:30458:24777 -             81     0.057   14.4   1.3   1   1   7.5e-06     0.078   14.0   1.3    16    73     7    68     2    70 0.60 Glutaminyl-tRNA synthetase, non-specific RNA binding region part 2
PNP_UDP_1            PF01048.24   233 >LH00406:11:22GHGVLT3:1:1101:20186:24825 -             87   3.2e-11   43.2   0.1   1   1   1.7e-15   3.6e-11   43.1   0.1    48   131     3    84     1    86 0.87 Phosphorylase superfamily
SpdB                 PF05122.17    50 >LH00406:11:22GHGVLT3:1:1101:33944:24825 -             76      0.15   12.6   0.0   1   1   1.2e-05      0.24   11.9   0.0     5    28    26    49    25    50 0.94 Mobile element transfer protein
GDPD_2               PF13653.10    30 >LH00406:11:22GHGVLT3:1:1101:33962:24825 -             89      0.24   12.1   0.0   1   1   1.7e-05      0.36   11.6   0.0     8    24    18    34    14    35 0.91 Glycerophosphoryl diester phosphodiesterase family
GDPD_2               PF13653.10    30 >LH00406:11:22GHGVLT3:1:1101:37568:24825 -             89      0.24   12.1   0.0   1   1   1.7e-05      0.36   11.6   0.0     8    24    18    34    14    35 0.91 Glycerophosphoryl diester phosphodiesterase family
Gemini_mov           PF01708.20    92 >LH00406:11:22GHGVLT3:1:1101:42228:24825 -             82      0.17   11.9   0.2   1   1     1e-05      0.21   11.6   0.2    19    57    37    75    24    77 0.86 Geminivirus putative movement protein
Chorismate_bind      PF00425.22   257 >LH00406:11:22GHGVLT3:1:1101:44947:24825 -             86   1.5e-19   70.8   0.0   1   1   7.7e-24   1.6e-19   70.7   0.0   116   204     1    86     1    86 0.97 chorismate binding enzyme
ABC_sub_bind         PF04392.16   293 >LH00406:11:22GHGVLT3:1:1101:34693:24841 -             49   4.3e-12   46.1   0.0   1   1   2.1e-16   4.4e-12   46.0   0.0    92   138     2    48     1    49 0.96 ABC transporter substrate binding protein
Aldedh               PF00171.26   462 >LH00406:11:22GHGVLT3:1:1101:4403:24873 -             80     0.031   13.0   0.4   1   1   3.1e-06     0.032   13.0   0.4    36   107    10    77     3    80 0.83 Aldehyde dehydrogenase family
Rad60-SLD_2          PF13881.10   111 >LH00406:11:22GHGVLT3:1:1101:4403:24873 -             80     0.049   14.0   0.1   1   2      0.46   4.8e+03   -2.1   0.0    93    93    24    24     5    37 0.57 Ubiquitin-2 like Rad60 SUMO-like
Rad60-SLD_2          PF13881.10   111 >LH00406:11:22GHGVLT3:1:1101:4403:24873 -             80     0.049   14.0   0.1   2   2   9.9e-06       0.1   12.9   0.0     3    31    41    69    39    73 0.89 Ubiquitin-2 like Rad60 SUMO-like
DUF2229              PF09989.13   218 >LH00406:11:22GHGVLT3:1:1101:11725:24905 -             81      0.16   11.8   0.0   1   1   8.7e-06      0.18   11.6   0.0    63   106    36    76     1    79 0.76 CoA enzyme activase uncharacterised domain (DUF2229)
PTR2                 PF00854.25   392 >LH00406:11:22GHGVLT3:1:1101:34785:24905 -             77    0.0071   15.5   0.1   1   1   4.2e-07    0.0087   15.2   0.1   252   294    21    64    12    66 0.90 POT family
Sigma70_ner          PF04546.17   207 >LH00406:11:22GHGVLT3:1:1101:9793:24921 -             60      0.26   11.4   0.0   1   1   1.4e-05      0.28   11.3   0.0   148   171    13    36    10    47 0.91 Sigma-70, non-essential region
DUF4712              PF15830.9    254 >LH00406:11:22GHGVLT3:1:1101:20722:24985 -             67       0.3   10.8   0.5   1   1   1.6e-05      0.33   10.7   0.5    39    75     6    41     1    48 0.87 Domain of unknown function (DUF4712)
ATPgrasp_ST          PF14397.10   278 >LH00406:11:22GHGVLT3:1:1101:26843:24985 -             80   6.7e-16   58.5   0.0   1   1   3.4e-20     7e-16   58.4   0.0   116   191     1    75     1    80 0.94 Sugar-transfer associated ATP-grasp
Ogr_Delta            PF04606.16    47 >LH00406:11:22GHGVLT3:1:1101:38382:24985 -             79      0.89    9.7   3.7   1   3   0.00091        19    5.5   0.1     5    16    15    26    14    35 0.87 Ogr/Delta-like zinc finger
Ogr_Delta            PF04606.16    47 >LH00406:11:22GHGVLT3:1:1101:38382:24985 -             79      0.89    9.7   3.7   2   3     0.001        21    5.3   0.1     4    16    42    54    41    58 0.84 Ogr/Delta-like zinc finger
Ogr_Delta            PF04606.16    47 >LH00406:11:22GHGVLT3:1:1101:38382:24985 -             79      0.89    9.7   3.7   3   3      0.29     6e+03   -2.5   0.2     3     6    59    62    59    63 0.83 Ogr/Delta-like zinc finger
DUF1104              PF06518.15    92 >LH00406:11:22GHGVLT3:1:1101:44290:25001 -             84     0.003   18.1   2.5   1   1   8.8e-07    0.0037   17.8   2.5    32    82    12    63     3    65 0.90 Protein of unknown function (DUF1104)
T4_Rnl1_C            PF20819.1    122 >LH00406:11:22GHGVLT3:1:1101:44290:25001 -             84     0.038   14.5   0.3   1   1     1e-05     0.042   14.4   0.3    10    60     8    58     1    66 0.83 T4 RNA ligase 1, C-terminal domain
LUC7                 PF03194.19   246 >LH00406:11:22GHGVLT3:1:1101:44290:25001 -             84      0.05   13.5   1.0   1   1   1.4e-05      0.06   13.3   1.0    59   107    15    63    12    66 0.90 LUC7 N_terminus
Phage_int_SAM_4      PF13495.10    85 >LH00406:11:22GHGVLT3:1:1101:44290:25001 -             84     0.058   14.0   0.0   1   1     2e-05     0.084   13.5   0.0    26    75     9    67     3    71 0.73 Phage integrase, N-terminal SAM-like domain
LpqV                 PF17301.6    114 >LH00406:11:22GHGVLT3:1:1101:44290:25001 -             84      0.12   12.7   0.5   1   1    0.0001      0.43   11.0   0.5    43    94     9    64     4    79 0.83 Putative lipoprotein LpqV
Cnd3                 PF12719.11   288 >LH00406:11:22GHGVLT3:1:1101:49487:25001 -             84     0.023   14.1   0.1   1   1   1.3e-06     0.027   13.9   0.1   152   200    11    62     3    66 0.85 Nuclear condensing complex subunits, C-term domain
Transpeptidase       PF00905.26   299 >LH00406:11:22GHGVLT3:1:1101:37661:25017 -             63   4.7e-08   32.8   0.1   1   1   2.3e-12   4.7e-08   32.8   0.1   192   244    10    61     1    63 0.89 Penicillin binding protein transpeptidase domain
TMEM249              PF15158.10   184 >LH00406:11:22GHGVLT3:1:1101:35479:25049 -             48     0.021   14.8   0.1   1   1   1.1e-06     0.023   14.7   0.1    13    46     8    42     3    44 0.84 Cation channel sperm-associated auxiliary subunit TMEM249
Mit_proteolip        PF08039.15    60 >LH00406:11:22GHGVLT3:1:1101:37957:25049 -             49      0.33   11.3   1.5   1   2   0.00031       6.4    7.2   0.1     1    14    12    25    12    27 0.91 Mitochondrial proteolipid
Mit_proteolip        PF08039.15    60 >LH00406:11:22GHGVLT3:1:1101:37957:25049 -             49      0.33   11.3   1.5   2   2    0.0035        73    3.8   0.1    28    37    30    39    29    43 0.85 Mitochondrial proteolipid
TelK_muzzle          PF20849.1    118 >LH00406:11:22GHGVLT3:1:1101:28711:25081 -             69    0.0065   16.7   0.4   1   1   4.7e-07    0.0097   16.1   0.4    37   100     2    68     1    69 0.85 Protelomerase, muzzle domain
DUF3810              PF12725.11   311 >LH00406:11:22GHGVLT3:1:1101:43551:25129 -             76   7.7e-11   42.1   0.0   1   1     4e-15   8.4e-11   42.0   0.0   253   311     2    61     1    61 0.94 Protein of unknown function (DUF3810)
DUF4249              PF14054.10   274 >LH00406:11:22GHGVLT3:1:1101:30153:25145 -             84   0.00047   19.9   0.6   1   1   2.6e-08   0.00054   19.8   0.6   127   185     9    80     2    84 0.59 Domain of unknown function (DUF4249)
HATPase_c            PF02518.30   111 >LH00406:11:22GHGVLT3:1:1101:39861:25145 -             75   2.3e-14   54.0   0.1   1   1   4.6e-18   2.4e-14   53.9   0.1     5    76     4    75     1    75 0.87 Histidine kinase-, DNA gyrase B-, and HSP90-like ATPase
HATPase_c_5          PF14501.10   102 >LH00406:11:22GHGVLT3:1:1101:39861:25145 -             75   0.00038   20.5   0.4   1   1   8.8e-08   0.00046   20.3   0.4     8    70     7    74     2    75 0.58 GHKL domain
HATPase_c_3          PF13589.10   137 >LH00406:11:22GHGVLT3:1:1101:39861:25145 -             75    0.0064   16.7   0.1   1   1   1.3e-06    0.0066   16.7   0.1     4    54     6    57     3    75 0.67 Histidine kinase-, DNA gyrase B-, and HSP90-like ATPase
HATPase_c_2          PF13581.10   127 >LH00406:11:22GHGVLT3:1:1101:39861:25145 -             75      0.16   12.1   0.0   1   1   3.3e-05      0.17   12.0   0.0    39    83    12    53     4    75 0.65 Histidine kinase-like ATPase domain
Response_reg         PF00072.28   111 >LH00406:11:22GHGVLT3:1:1101:2350:25162 -             82     3e-05   24.3   0.0   1   1   5.1e-09   3.5e-05   24.1   0.0     1    46    35    82    35    82 0.92 Response regulator receiver domain
TusA                 PF01206.21    70 >LH00406:11:22GHGVLT3:1:1101:2350:25162 -             82     0.093   12.8   0.0   1   1   1.8e-05      0.12   12.4   0.0    28    58    33    63    29    72 0.84 Sulfurtransferase TusA
ULD                  PF16534.9    109 >LH00406:11:22GHGVLT3:1:1101:2350:25162 -             82      0.11   12.9   0.0   1   1   1.8e-05      0.12   12.8   0.0    33    73    31    71    11    80 0.84 Ubiquitin-like oligomerisation domain of SATB
Colicin_D            PF11429.12    85 >LH00406:11:22GHGVLT3:1:1101:7010:25258 -             61     0.017   15.7   0.0   1   1   9.1e-07     0.019   15.5   0.0    30    53    19    42    14    53 0.82 Colicin D
AAA-ATPase_like      PF09820.13   279 >LH00406:11:22GHGVLT3:1:1101:51706:25290 -             59   5.7e-10   39.3   0.2   1   1   2.9e-14   5.9e-10   39.2   0.2   226   278     1    58     1    59 0.88 Predicted AAA-ATPase
DUF4209              PF13910.10    89 >LH00406:11:22GHGVLT3:1:1101:39797:25322 -             80     0.049   13.9   0.1   1   1   2.7e-06     0.056   13.7   0.1    40    74    23    57    15    70 0.81 Domain of unknown function (DUF4209)
zf-P11               PF03854.18    50 >LH00406:11:22GHGVLT3:1:1101:44928:25338 -             75     0.047   13.6   0.3   1   1   3.4e-06     0.071   13.0   0.3    26    46    46    66    36    69 0.82 P-11 zinc finger
CTD9                 PF20285.2    113 >LH00406:11:22GHGVLT3:1:1101:16238:25354 -             75   6.4e-18   65.5   0.0   1   1   3.4e-22   7.1e-18   65.4   0.0    48   113     1    71     1    71 0.95 C-terminal domain 9 of the ABC-three component (ABC-3C) systems
Inhibitor_I78        PF11720.12    65 >LH00406:11:22GHGVLT3:1:1101:13066:25370 -             64     0.054   13.8   0.0   1   1   3.2e-06     0.067   13.5   0.0    16    49    16    49    10    51 0.87 Peptidase inhibitor I78 family
Wzy_C                PF04932.19   149 >LH00406:11:22GHGVLT3:1:1101:29506:25370 -             76      0.14   12.1   1.2   1   1   7.9e-06      0.16   11.9   1.2     8    53    10    60     7    63 0.80 O-Antigen ligase
ABC_tran             PF00005.31   137 >LH00406:11:22GHGVLT3:1:1101:12724:25386 -             74     0.025   15.4   0.0   1   1     2e-06     0.041   14.7   0.0     2    25    51    74    50    74 0.91 ABC transporter
Bgal_small_N         PF02929.21   248 >LH00406:11:22GHGVLT3:1:1101:27832:25418 -             67    0.0091   15.9   0.0   1   1   4.4e-07    0.0091   15.9   0.0     3    41    13    54    11    66 0.74 Beta galactosidase small chain
G3P_acyltransf       PF02660.19   164 >LH00406:11:22GHGVLT3:1:1101:15239:25450 -             73   1.8e-17   64.1   3.5   1   1   1.9e-21     2e-17   64.0   3.5    34   101     1    72     1    73 0.86 Glycerol-3-phosphate acyltransferase
DUF6704              PF20447.2     68 >LH00406:11:22GHGVLT3:1:1101:15239:25450 -             73     0.035   14.5   1.2   1   1   4.2e-06     0.044   14.2   1.2    14    62    12    63     6    70 0.85 Family of unknown function (DUF6704)
AI-2E_transport      PF01594.20   327 >LH00406:11:22GHGVLT3:1:1101:48349:25466 -             41   6.5e-05   22.5   1.4   1   1   3.1e-09   6.5e-05   22.5   1.4    17    44     4    35     1    41 0.77 AI-2E family transporter
DUF5082              PF16888.9    123 >LH00406:11:22GHGVLT3:1:1101:42247:25498 -             65     0.011   16.2   2.5   1   1   7.3e-06     0.015   15.7   2.5     8    56     8    56     2    64 0.75 Domain of unknown function (DUF5082)
HAP1_N               PF04849.17   307 >LH00406:11:22GHGVLT3:1:1101:42247:25498 -             65     0.011   15.1   1.4   1   1   5.8e-06     0.012   15.0   1.4   236   283    10    57     3    64 0.89 HAP1 N-terminal conserved region
Hrs_helical          PF12210.12    95 >LH00406:11:22GHGVLT3:1:1101:42247:25498 -             65     0.023   15.4   0.5   1   1   1.2e-05     0.025   15.2   0.5    38    90    10    62     3    65 0.90 Hepatocyte growth factor-regulated tyrosine kinase substrate
Syntaxin             PF00804.29   199 >LH00406:11:22GHGVLT3:1:1101:42247:25498 -             65     0.023   14.6   2.5   1   1   1.1e-05     0.023   14.6   2.5    21    72    10    60     2    65 0.90 Syntaxin
TPR_MLP1_2           PF07926.16   129 >LH00406:11:22GHGVLT3:1:1101:42247:25498 -             65     0.024   14.9   4.1   1   1   1.2e-05     0.026   14.8   4.1    50   109     3    62     1    65 0.88 TPR/MLP1/MLP2-like protein
DUF4763              PF15960.9    236 >LH00406:11:22GHGVLT3:1:1101:42247:25498 -             65      0.04   13.3   2.0   1   1   1.9e-05      0.04   13.3   2.0    84   135     2    53     1    63 0.88 Domain of unknown function (DUF4763)
bZIP_1               PF00170.25    64 >LH00406:11:22GHGVLT3:1:1101:42247:25498 -             65     0.054   13.8   3.9   1   2   3.4e-05     0.071   13.4   1.5    32    61    23    52     9    55 0.89 bZIP transcription factor
bZIP_1               PF00170.25    64 >LH00406:11:22GHGVLT3:1:1101:42247:25498 -             65     0.054   13.8   3.9   2   2      0.28   5.8e+02    0.9   0.1    10    21    54    65    51    65 0.81 bZIP transcription factor
Mis12                PF05859.16   231 >LH00406:11:22GHGVLT3:1:1101:42247:25498 -             65     0.072   13.0   3.2   1   1   3.3e-05      0.07   13.1   3.2   115   174     6    61     1    65 0.85 Mis12 protein
Pico_P2B             PF01552.21   101 >LH00406:11:22GHGVLT3:1:1101:42247:25498 -             65      0.11   12.9   0.2   1   1   5.8e-05      0.12   12.7   0.2    21    72     3    54     1    59 0.91 Picornavirus 2B protein
CCDC138_cc           PF21037.1     59 >LH00406:11:22GHGVLT3:1:1101:42247:25498 -             65      0.19   11.9   3.9   1   2      0.11   2.3e+02    2.1   0.3    27    43     8    24     2    29 0.70 Coiled-coil-domain-containing protein 138, coiled-coil
CCDC138_cc           PF21037.1     59 >LH00406:11:22GHGVLT3:1:1101:42247:25498 -             65      0.19   11.9   3.9   2   2   9.9e-05      0.21   11.8   0.5    11    36    27    52    24    59 0.90 Coiled-coil-domain-containing protein 138, coiled-coil
DDE_Tnp_1_6          PF13751.10   125 >LH00406:11:22GHGVLT3:1:1101:29792:25514 -             55   5.1e-09   36.7   0.6   1   1   2.5e-13   5.2e-09   36.6   0.6     5    57     1    54     1    55 0.84 Transposase DDE domain
DUF2976              PF11190.12    88 >LH00406:11:22GHGVLT3:1:1101:8942:25530 -             87       4.3    7.5   6.9   1   3   3.8e-05      0.78    9.8   1.3    60    84    18    42     3    44 0.91 Protein of unknown function (DUF2976)
DUF2976              PF11190.12    88 >LH00406:11:22GHGVLT3:1:1101:8942:25530 -             87       4.3    7.5   6.9   2   3      0.16   3.4e+03   -1.8   0.0    25    39    54    68    50    75 0.63 Protein of unknown function (DUF2976)
DUF2976              PF11190.12    88 >LH00406:11:22GHGVLT3:1:1101:8942:25530 -             87       4.3    7.5   6.9   3   3      0.03   6.3e+02    0.5   0.1    19    35    70    86    65    87 0.73 Protein of unknown function (DUF2976)
Peptidase_M16_C      PF05193.25   181 >LH00406:11:22GHGVLT3:1:1101:23070:25530 -             60   0.00071   19.7   0.0   1   1   3.8e-08   0.00078   19.5   0.0    16    47    25    56    10    59 0.84 Peptidase M16 inactive domain
PDDEXK_9             PF08011.15   104 >LH00406:11:22GHGVLT3:1:1101:35396:25546 -             80   2.4e-12   46.9   0.0   1   1   1.1e-16   2.4e-12   46.9   0.0    19    80     2    70     1    80 0.93 PD-(D/E)XK nuclease superfamily
Asp_Glu_race         PF01177.26   211 >LH00406:11:22GHGVLT3:1:1101:51216:25594 -             84     0.029   14.4   0.0   1   1   1.5e-06     0.031   14.3   0.0    18    88     3    70     1    78 0.83 Asp/Glu/Hydantoin racemase
Aldedh               PF00171.26   462 >LH00406:11:22GHGVLT3:1:1101:9654:25610 -             81     0.029   13.1   0.4   1   1     3e-06     0.031   13.0   0.4    36   107    11    78     3    81 0.83 Aldehyde dehydrogenase family
Rad60-SLD_2          PF13881.10   111 >LH00406:11:22GHGVLT3:1:1101:9654:25610 -             81     0.049   13.9   0.1   1   2      0.44   4.6e+03   -2.1   0.0    92    92    24    24     5    38 0.57 Ubiquitin-2 like Rad60 SUMO-like
Rad60-SLD_2          PF13881.10   111 >LH00406:11:22GHGVLT3:1:1101:9654:25610 -             81     0.049   13.9   0.1   2   2     1e-05      0.11   12.9   0.0     3    31    42    70    40    74 0.89 Ubiquitin-2 like Rad60 SUMO-like
DUF6500              PF20110.3     53 >LH00406:11:22GHGVLT3:1:1101:35442:25626 -             88     0.028   14.5   0.7   1   1   2.3e-06     0.047   13.8   0.7     4    27    45    68    42    73 0.91 Family of unknown function (DUF6500)
DUF4924              PF16271.9    179 >LH00406:11:22GHGVLT3:1:1101:37430:25674 -             70     0.043   14.0   0.5   1   1   2.3e-06     0.047   13.9   0.5     5    63     2    62     1    66 0.90 Domain of unknown function (DUF4924)
NMT                  PF01233.23   160 >LH00406:11:22GHGVLT3:1:1101:10570:25690 -             85     0.043   13.9   0.0   1   1   2.4e-06     0.051   13.7   0.0    86   125    23    64     9    67 0.82 Myristoyl-CoA:protein N-myristoyltransferase, N-terminal domain
DUF6687              PF20392.2    339 >LH00406:11:22GHGVLT3:1:1101:39113:25706 -             55      0.11   11.8   0.0   1   1   5.7e-06      0.12   11.6   0.0   101   134     9    42     6    53 0.86 Family of unknown function (DUF6687)
Corona_5a            PF06336.15    64 >LH00406:11:22GHGVLT3:1:1101:49394:25706 -             85       4.8    7.4   9.7   1   3     0.033   6.8e+02    0.5   0.3    25    43     1    19     1    24 0.74 Coronavirus 5a protein
Corona_5a            PF06336.15    64 >LH00406:11:22GHGVLT3:1:1101:49394:25706 -             85       4.8    7.4   9.7   2   3   0.00033       6.8    7.0   0.7    25    44    24    43    19    50 0.83 Coronavirus 5a protein
Corona_5a            PF06336.15    64 >LH00406:11:22GHGVLT3:1:1101:49394:25706 -             85       4.8    7.4   9.7   3   3    0.0011        22    5.3   0.3    19    40    47    68    46    70 0.83 Coronavirus 5a protein
Radical_SAM          PF04055.25   167 >LH00406:11:22GHGVLT3:1:1101:34869:25722 -             80   1.4e-07   32.0   0.0   1   1   1.4e-11   1.5e-07   31.9   0.0    29    91     3    66     1    79 0.88 Radical SAM superfamily
Fer4_12              PF13353.10   137 >LH00406:11:22GHGVLT3:1:1101:34869:25722 -             80    0.0034   17.9   0.0   1   1   3.2e-07    0.0034   17.9   0.0    53   105    19    75     1    80 0.72 4Fe-4S single cluster domain
Bgal_small_N         PF02929.21   248 >LH00406:11:22GHGVLT3:1:1101:44891:25722 -             49   0.00028   20.9   0.0   1   1   1.3e-08   0.00028   20.9   0.0    16    55     2    44     1    49 0.79 Beta galactosidase small chain
HTH_11               PF08279.16    55 >LH00406:11:22GHGVLT3:1:1101:52011:25722 -             58   2.8e-06   27.3   0.0   1   1   3.9e-09   3.9e-06   26.9   0.0     8    47     1    39     1    45 0.89 HTH domain
TetR_N               PF00440.27    47 >LH00406:11:22GHGVLT3:1:1101:52011:25722 -             58   0.00011   22.0   0.0   1   1   1.6e-07   0.00016   21.6   0.0    16    47     7    38     5    38 0.93 Bacterial regulatory proteins, tetR family
HTH_23               PF13384.10    50 >LH00406:11:22GHGVLT3:1:1101:52011:25722 -             58   0.00014   21.8   0.2   1   2   2.4e-07   0.00024   21.0   0.0    13    39     3    29     1    39 0.84 Homeodomain-like domain
HTH_23               PF13384.10    50 >LH00406:11:22GHGVLT3:1:1101:52011:25722 -             58   0.00014   21.8   0.2   2   2       4.8   4.7e+03   -2.2   0.0    30    34    45    49    43    56 0.48 Homeodomain-like domain
HTH_3                PF01381.26    55 >LH00406:11:22GHGVLT3:1:1101:52011:25722 -             58   0.00057   20.1   0.1   1   2   2.3e-06    0.0023   18.1   0.0     8    34     6    32     2    33 0.90 Helix-turn-helix
HTH_3                PF01381.26    55 >LH00406:11:22GHGVLT3:1:1101:52011:25722 -             58   0.00057   20.1   0.1   2   2       1.2   1.1e+03   -0.1   0.0    14    32    37    55    35    58 0.76 Helix-turn-helix
Sigma70_ECF          PF07638.15   185 >LH00406:11:22GHGVLT3:1:1101:52011:25722 -             58    0.0024   18.0   0.1   1   1   2.7e-06    0.0027   17.8   0.1   148   179     4    35     1    41 0.85 ECF sigma factor
GerE                 PF00196.23    57 >LH00406:11:22GHGVLT3:1:1101:52011:25722 -             58    0.0032   17.2   0.0   1   1   4.2e-06    0.0041   16.9   0.0    17    41     7    31     3    42 0.89 Bacterial regulatory proteins, luxR family
HTH_28               PF13518.10    52 >LH00406:11:22GHGVLT3:1:1101:52011:25722 -             58    0.0044   17.2   0.1   1   1   6.2e-06    0.0061   16.8   0.1    11    34     6    29     1    47 0.79 Helix-turn-helix domain
RepB                 PF07506.15   185 >LH00406:11:22GHGVLT3:1:1101:52011:25722 -             58    0.0057   16.9   0.0   1   1     6e-06    0.0059   16.9   0.0    18    44     4    32     2    55 0.84 RepB plasmid partitioning protein
Sigma70_r4_2         PF08281.16    54 >LH00406:11:22GHGVLT3:1:1101:52011:25722 -             58    0.0058   16.4   0.1   1   1     1e-05      0.01   15.7   0.1    24    48     5    29     1    35 0.82 Sigma-70, region 4
HTH_31               PF13560.10    64 >LH00406:11:22GHGVLT3:1:1101:52011:25722 -             58    0.0093   16.4   0.2   1   1   1.2e-05     0.012   16.1   0.1     9    39     2    32     1    44 0.88 Helix-turn-helix domain
HTH_Tnp_4            PF13613.10    53 >LH00406:11:22GHGVLT3:1:1101:52011:25722 -             58     0.013   15.3   0.0   1   1     2e-05      0.02   14.7   0.0    19    48     7    36     6    38 0.91 Helix-turn-helix of DDE superfamily endonuclease
Sigma70_r4           PF04545.20    50 >LH00406:11:22GHGVLT3:1:1101:52011:25722 -             58     0.031   14.0   0.0   1   1   4.3e-05     0.042   13.6   0.0    17    39     4    26     1    38 0.89 Sigma-70, region 4
HTH_Crp_2            PF13545.10    69 >LH00406:11:22GHGVLT3:1:1101:52011:25722 -             58     0.035   14.2   0.0   1   1     5e-05     0.049   13.8   0.0    23    47     8    32     4    52 0.93 Crp-like helix-turn-helix domain
HTH_29               PF13551.10    64 >LH00406:11:22GHGVLT3:1:1101:52011:25722 -             58      0.04   14.2   0.3   1   1   5.4e-05     0.054   13.8   0.3     5    35     1    30     1    56 0.78 Winged helix-turn helix
HTH_Tnp_ISL3         PF13542.10    51 >LH00406:11:22GHGVLT3:1:1101:52011:25722 -             58     0.065   12.9   0.0   1   1   8.7e-05     0.086   12.5   0.0    27    50     7    31     1    32 0.85 Helix-turn-helix domain of transposase family ISL3
HTH_17               PF12728.11    51 >LH00406:11:22GHGVLT3:1:1101:52011:25722 -             58     0.084   13.3   0.2   1   1   0.00012      0.12   12.8   0.2     3    23     9    29     8    53 0.74 Helix-turn-helix domain
Homeodomain          PF00046.33    57 >LH00406:11:22GHGVLT3:1:1101:52011:25722 -             58     0.093   12.8   0.0   1   1   0.00013      0.13   12.3   0.0    29    49     9    29     6    32 0.90 Homeodomain
HTH_24               PF13412.10    48 >LH00406:11:22GHGVLT3:1:1101:52011:25722 -             58      0.12   12.2   0.0   1   2   0.00023      0.23   11.3   0.0    12    37     2    27     1    30 0.89 Winged helix-turn-helix DNA-binding
HTH_24               PF13412.10    48 >LH00406:11:22GHGVLT3:1:1101:52011:25722 -             58      0.12   12.2   0.0   2   2       5.1   5.1e+03   -2.6   0.0    16    16    42    42    35    48 0.48 Winged helix-turn-helix DNA-binding
HTH_5                PF01022.24    47 >LH00406:11:22GHGVLT3:1:1101:52011:25722 -             58      0.14   12.2   0.0   1   1   0.00024      0.24   11.5   0.0    19    41    11    33     2    34 0.88 Bacterial regulatory protein, arsR family
HTH_40               PF14493.10    89 >LH00406:11:22GHGVLT3:1:1101:52011:25722 -             58      0.14   12.6   0.0   1   1   0.00015      0.14   12.6   0.0    11    36     6    31     2    51 0.90 Helix-turn-helix domain
Xre-like-HTH         PF20432.2     63 >LH00406:11:22GHGVLT3:1:1101:52011:25722 -             58      0.15   12.6   0.2   1   2   0.00025      0.25   11.8   0.0    23    42     7    26     2    32 0.90 Antitoxin Xre-like helix-turn-helix domain
Xre-like-HTH         PF20432.2     63 >LH00406:11:22GHGVLT3:1:1101:52011:25722 -             58      0.15   12.6   0.2   2   2       8.3   8.2e+03   -2.6   0.0    34    42    43    52    43    55 0.61 Antitoxin Xre-like helix-turn-helix domain
MASE2                PF05230.15    89 >LH00406:11:22GHGVLT3:1:1101:51327:25754 -             53     0.056   13.7   1.5   1   1   3.2e-06     0.067   13.4   1.5     9    48    10    49     5    52 0.89 MASE2 domain
FtsK_gamma           PF09397.14    63 >LH00406:11:22GHGVLT3:1:1101:21406:25786 -             75    0.0058   16.5   0.0   1   1     4e-07    0.0084   16.0   0.0     3    25    53    75    51    75 0.94 Ftsk gamma domain
AAA-ATPase_like      PF09820.13   279 >LH00406:11:22GHGVLT3:1:1101:49089:25786 -             60   3.5e-19   69.5   0.2   1   1   1.8e-23   3.7e-19   69.4   0.2   165   224     1    60     1    60 0.97 Predicted AAA-ATPase
CSN7a_helixI         PF18392.5     50 >LH00406:11:22GHGVLT3:1:1101:3681:25802 -             87       0.1   12.7   0.1   1   1   8.3e-06      0.17   12.0   0.1     9    20     2    13     1    13 0.95 COP9 signalosome complex subunit 7a helix I domain
DUF5638              PF18688.5    104 >LH00406:11:22GHGVLT3:1:1101:40324:25850 -             85     0.035   14.7   0.0   1   1   2.1e-06     0.043   14.4   0.0    15    60    22    67    19    78 0.86 Family of unknown function (DUF5638)
Mtp                  PF03821.20   229 >LH00406:11:22GHGVLT3:1:1101:28868:25866 -             62     0.092   12.5   0.1   1   1   4.5e-06     0.094   12.5   0.1   175   196    10    31     3    44 0.69 Golgi 4-transmembrane spanning transporter
Mur_ligase_C         PF02875.25    88 >LH00406:11:22GHGVLT3:1:1101:1444:25899 -             83     6e-08   33.1   0.0   1   1   3.9e-12   8.1e-08   32.7   0.0     1    56    31    81    31    83 0.94 Mur ligase family, glutamate ligase domain
HEWD                 PF20576.2     61 >LH00406:11:22GHGVLT3:1:1101:44568:25899 -             49     0.008   16.1   3.0   1   1   4.5e-07    0.0094   15.8   3.0     4    24    19    39    16    43 0.86 HEWD domain
PK                   PF00224.25   328 >LH00406:11:22GHGVLT3:1:1101:28322:25915 -             60   3.4e-08   33.1   0.0   1   1   1.7e-12   3.6e-08   33.1   0.0    59   119     3    59     1    60 0.90 Pyruvate kinase, barrel domain
SusD_RagB            PF07980.15   295 >LH00406:11:22GHGVLT3:1:1101:47832:25947 -             81   1.3e-15   58.0   4.0   1   1   6.2e-19   4.3e-15   56.3   4.0   154   244     3    79     2    81 0.85 SusD family
HIND                 PF19252.3     25 >LH00406:11:22GHGVLT3:1:1101:47832:25947 -             81     0.047   13.3   0.1   1   1   1.1e-05     0.076   12.6   0.1    10    21    27    38    27    40 0.96 HIND motif
BamHI                PF02923.19   157 >LH00406:11:22GHGVLT3:1:1101:47832:25947 -             81      0.11   12.4   0.0   1   1   1.6e-05      0.11   12.4   0.0    37    73    18    55     5    79 0.84 Restriction endonuclease BamHI
DUF4798              PF16055.9    100 >LH00406:11:22GHGVLT3:1:1101:3737:25963 -             63     0.039   14.1   0.2   1   1   2.2e-06     0.045   13.9   0.2    28    57     3    32     1    34 0.84 Domain of unknown function (DUF4798)
ABC_tran             PF00005.31   137 >LH00406:11:22GHGVLT3:1:1101:39325:26011 -             64   2.5e-09   38.1   0.0   1   1   1.5e-13   3.2e-09   37.8   0.0   103   136     7    40     2    41 0.89 ABC transporter
Na_H_antiporter      PF03553.18   303 >LH00406:11:22GHGVLT3:1:1101:43181:26027 -             69     0.039   13.4   0.0   1   1   1.9e-06     0.039   13.4   0.0   217   278     2    63     1    69 0.87 Na+/H+ antiporter family
FIMP                 PF17672.5    130 >LH00406:11:22GHGVLT3:1:1101:46657:26027 -             87      0.14   12.3   0.1   1   2    0.0045        94    3.2   0.0    80   112    13    47     7    50 0.75 Fertilisation-influencing membrane protein
FIMP                 PF17672.5    130 >LH00406:11:22GHGVLT3:1:1101:46657:26027 -             87      0.14   12.3   0.1   2   2   0.00019       3.9    7.7   0.0   101   128    51    78    46    80 0.86 Fertilisation-influencing membrane protein
YsaB                 PF13983.10    75 >LH00406:11:22GHGVLT3:1:1101:22923:26043 -             58    0.0061   17.0   0.0   1   1     1e-06     0.007   16.8   0.0    31    72     9    53     5    56 0.85 YsaB-like lipoprotein
Lyase_N              PF09092.15   166 >LH00406:11:22GHGVLT3:1:1101:22923:26043 -             58     0.088   12.8   0.0   1   1   1.3e-05     0.092   12.8   0.0    49    96     4    50     2    57 0.89 Lyase, N terminal
Trypsin_2            PF13365.10   144 >LH00406:11:22GHGVLT3:1:1101:22923:26043 -             58      0.12   13.3   0.0   1   1   1.7e-05      0.12   13.3   0.0    97   144     9    53     1    53 0.75 Trypsin-like peptidase domain
PhoU                 PF01895.23    89 >LH00406:11:22GHGVLT3:1:1101:40287:26043 -             58   1.2e-07   32.2   3.3   1   2   3.4e-05      0.24   12.0   0.3    76    89     1    14     1    14 0.94 PhoU domain
PhoU                 PF01895.23    89 >LH00406:11:22GHGVLT3:1:1101:40287:26043 -             58   1.2e-07   32.2   3.3   2   2   4.3e-08    0.0003   21.3   0.2     2    31    29    58    28    58 0.94 PhoU domain
KORA                 PF16509.9     84 >LH00406:11:22GHGVLT3:1:1101:40287:26043 -             58     0.028   14.8   0.1   1   1   4.8e-06     0.033   14.6   0.1    14    61     2    49     2    56 0.93 TrfB plasmid transcriptional repressor
Retrotran_gag_4      PF17241.6    154 >LH00406:11:22GHGVLT3:1:1101:40287:26043 -             58     0.034   14.1   0.5   1   1   5.2e-06     0.036   14.0   0.5    51    94    10    53     6    57 0.90 Ty5 Gag N-terminal region
DUF2735              PF10931.12    52 >LH00406:11:22GHGVLT3:1:1101:18290:26091 -             89     0.014   16.3   1.7   1   2   2.4e-05      0.51   11.3   0.2    41    49    49    57    35    58 0.78 Protein of unknown function (DUF2735)
DUF2735              PF10931.12    52 >LH00406:11:22GHGVLT3:1:1101:18290:26091 -             89     0.014   16.3   1.7   2   2    0.0036        76    4.3   0.1    36    44    71    80    61    81 0.62 Protein of unknown function (DUF2735)
Flu_PB2_6th          PF20951.1    150 >LH00406:11:22GHGVLT3:1:1101:43856:26107 -             74      0.05   13.4   0.1   1   1   2.7e-06     0.057   13.2   0.1    90   142     2    54     1    59 0.92 Influenza RNA polymerase PB2 6th domain
hemP                 PF10636.13    37 >LH00406:11:22GHGVLT3:1:1101:34101:26123 -             70      0.17   12.0   0.4   1   1   3.8e-05      0.79    9.8   0.4     2    33    34    69    33    70 0.73 Hemin uptake protein hemP
ChaC                 PF04752.16   176 >LH00406:11:22GHGVLT3:1:1101:48396:26123 -             62     0.089   13.0   0.0   1   1   4.7e-06     0.098   12.9   0.0   107   156     5    54     2    61 0.84 ChaC-like protein
FTSW_RODA_SPOVE      PF01098.23   356 >LH00406:11:22GHGVLT3:1:1101:26612:26155 -             69   1.8e-09   37.2   0.7   1   1   9.5e-14     2e-09   37.1   0.7   108   176     2    69     1    69 0.89 Cell cycle protein
GH123_cat            PF13320.10   323 >LH00406:11:22GHGVLT3:1:1101:52187:26155 -             45   2.2e-05   24.2   0.8   1   1   1.2e-09   2.6e-05   23.9   0.8     1    20    26    45    26    45 0.99 Glycoside hydrolase 123, catalytic domain
Omp85                PF01103.27   324 >LH00406:11:22GHGVLT3:1:1101:31975:26187 -             52   0.00011   22.1   0.0   1   1   5.2e-09   0.00011   22.1   0.0   107   139    19    51     2    52 0.86 Omp85 superfamily domain
Glyco_hydro_31_3rd   PF21365.1     87 >LH00406:11:22GHGVLT3:1:1101:51752:26203 -             62   7.4e-07   29.7   0.1   1   1     9e-11   9.4e-07   29.4   0.1     2    32    31    61    30    62 0.95 Glycosyl hydrolase family 31 C-terminal domain
Glyco_hydro_31_2nd   PF01055.30   329 >LH00406:11:22GHGVLT3:1:1101:51752:26203 -             62      0.01   15.4   2.2   1   1   1.3e-06     0.014   15.0   2.2   309   329     2    22     1    22 0.89 Glycosyl hydrolases family 31 TIM-barrel domain
NAGLU_C              PF12972.11   268 >LH00406:11:22GHGVLT3:1:1101:40869:26251 -             85   3.2e-15   56.7   0.1   1   1   1.7e-19   3.6e-15   56.5   0.1     1    58    25    83    25    85 0.96 Alpha-N-acetylglucosaminidase (NAGLU) C-terminal domain
Polysacc_deac_1      PF01522.25   124 >LH00406:11:22GHGVLT3:1:1101:35377:26283 -             87      0.09   12.9   0.1   1   1   5.2e-06      0.11   12.6   0.1    59    93    21    55     7    68 0.88 Polysaccharide deacetylase
DUF1292              PF06949.15    76 >LH00406:11:22GHGVLT3:1:1101:42728:26299 -             76   1.3e-10   42.2   6.9   1   1   7.8e-15   1.6e-10   41.9   6.9     9    75     3    71     1    71 0.83 Protein of unknown function (DUF1292)
MFS_2                PF13347.10   427 >LH00406:11:22GHGVLT3:1:1101:23043:26315 -             55    0.0045   15.8   0.0   1   1   8.7e-07    0.0045   15.8   0.0   165   219     4    52     1    55 0.78 MFS/sugar transport protein
DUF3273              PF11677.12   265 >LH00406:11:22GHGVLT3:1:1101:23043:26315 -             55     0.061   12.9   0.0   1   1   1.3e-05     0.067   12.7   0.0   178   211     1    34     1    40 0.72 Protein of unknown function (DUF3273)
MAP17                PF15807.9    122 >LH00406:11:22GHGVLT3:1:1101:23043:26315 -             55      0.17   12.1   0.0   1   1   3.3e-05      0.17   12.1   0.0    34    51    15    32     3    52 0.80 Membrane-associated protein 117 kDa, PDZK1-interacting protein 1
Lig_chan             PF00060.30   146 >LH00406:11:22GHGVLT3:1:1101:23043:26315 -             55      0.17   11.9   0.0   1   1   3.4e-05      0.18   11.8   0.0     4    38     9    43     6    54 0.78 Ligand-gated ion channel
Toprim               PF01751.26    96 >LH00406:11:22GHGVLT3:1:1101:6150:26331 -             63     0.074   13.4   0.0   1   1   7.2e-06     0.074   13.4   0.0    39    72    25    60     5    63 0.71 Toprim domain
DUF5323              PF17257.6     62 >LH00406:11:22GHGVLT3:1:1101:6150:26331 -             63       0.1   12.7   0.1   1   1   1.3e-05      0.13   12.3   0.1    33    55     1    23     1    30 0.87 Family of unknown function (DUF5323)
Exonuc_VII_L         PF02601.19   315 >LH00406:11:22GHGVLT3:1:1101:31706:26331 -             36   3.2e-05   23.8   0.1   1   1   1.5e-09   3.2e-05   23.8   0.1   249   282     3    36     1    36 0.94 Exonuclease VII, large subunit
AAA_14               PF13173.10   130 >LH00406:11:22GHGVLT3:1:1101:15868:26347 -             49   5.8e-11   42.7   0.0   1   1   2.8e-15   5.9e-11   42.7   0.0    53   102     3    49     1    49 0.89 AAA domain
Abhydrolase_3        PF07859.17   210 >LH00406:11:22GHGVLT3:1:1101:15905:26379 -             60   2.5e-11   44.0   0.0   1   1   3.9e-15   2.7e-11   43.8   0.0    29    62    19    52    10    59 0.91 alpha/beta hydrolase fold
BD-FAE               PF20434.2    215 >LH00406:11:22GHGVLT3:1:1101:15905:26379 -             60    0.0015   18.3   0.0   1   1   2.4e-07    0.0016   18.2   0.0    44    80    16    52     3    55 0.87 BD-FAE
DUF434               PF04256.16    56 >LH00406:11:22GHGVLT3:1:1101:15905:26379 -             60     0.091   12.6   0.2   1   1   1.8e-05      0.13   12.2   0.2     2    21    39    58    38    60 0.86 Protein of unknown function (DUF434)
PPTA                 PF01239.26    32 >LH00406:11:22GHGVLT3:1:1101:28831:26379 -             69    0.0062   16.5   0.1   1   1   6.1e-07     0.013   15.5   0.1    14    31     6    23     6    24 0.90 Protein prenyltransferase alpha subunit repeat
MARF1_LOTUS          PF19687.3    210 >LH00406:11:22GHGVLT3:1:1101:21536:26395 -             60      0.15   11.8   0.0   1   1   8.3e-06      0.17   11.6   0.0   133   167    13    47     9    53 0.85 MARF1 LOTUS domain
Glyco_hydro_92N      PF17678.5    236 >LH00406:11:22GHGVLT3:1:1101:45751:26411 -             88   1.8e-13   51.1   0.4   1   1   9.8e-18     2e-13   50.9   0.4   161   236     1    74     1    74 0.95 Glycosyl hydrolase family 92 N-terminal domain
PcF                  PF09461.14    45 >LH00406:11:22GHGVLT3:1:1101:26418:26427 -             53     0.084   13.4   0.9   1   1   4.7e-06     0.098   13.2   0.9     4    30    21    47    18    51 0.90 Phytotoxin PcF protein
GH97_C               PF14509.10    97 >LH00406:11:22GHGVLT3:1:1101:9405:26459 -             49   1.9e-13   50.7   0.0   1   1   9.4e-18   1.9e-13   50.6   0.0    17    61     1    46     1    49 0.91 Glycosyl-hydrolase 97 C-terminal, oligomerisation
TSP1_CCN             PF19035.4     44 >LH00406:11:22GHGVLT3:1:1101:21286:26475 -             58     0.026   15.0   0.3   1   1   1.8e-06     0.038   14.4   0.3    14    40     2    27     1    30 0.92 CCN3 Nov like TSP1 domain
Glyco_hydro_3        PF00933.25   316 >LH00406:11:22GHGVLT3:1:1101:29681:26475 -             72   4.3e-22   79.2   0.0   1   1   2.2e-26   4.6e-22   79.1   0.0   203   275     1    72     1    72 0.97 Glycosyl hydrolase family 3 N terminal domain
Formyl_trans_C_2     PF21553.1     58 >LH00406:11:22GHGVLT3:1:1101:52094:26475 -             60     0.013   15.4   0.0   1   1   8.5e-07     0.018   14.9   0.0    19    38     7    27     6    30 0.96 Methionyl-tRNA formyltransferase, C-terminal domain
AAA-ATPase_like      PF09820.13   279 >LH00406:11:22GHGVLT3:1:1101:48923:26491 -             63   6.3e-08   32.6   0.0   1   1   3.3e-12   6.8e-08   32.4   0.0    79   141     1    63     1    63 0.98 Predicted AAA-ATPase
DctQ                 PF04290.16   132 >LH00406:11:22GHGVLT3:1:1101:7482:26523 -             66   2.1e-07   31.1   0.7   1   2     0.048     1e+03   -0.2   0.1    69    73    17    21     2    30 0.42 Tripartite ATP-independent periplasmic transporters, DctQ component
DctQ                 PF04290.16   132 >LH00406:11:22GHGVLT3:1:1101:7482:26523 -             66   2.1e-07   31.1   0.7   2   2   9.9e-12   2.1e-07   31.1   0.7     3    40    29    66    27    66 0.95 Tripartite ATP-independent periplasmic transporters, DctQ component
RloB                 PF13707.10   192 >LH00406:11:22GHGVLT3:1:1101:46112:26555 -             86   0.00092   19.6   0.0   1   1   4.4e-08   0.00092   19.6   0.0   136   192    30    78     4    78 0.72 RloB-like protein
Glyco_hydro_97       PF10566.13   279 >LH00406:11:22GHGVLT3:1:1101:50901:26555 -             54   5.6e-14   52.3   0.0   1   1   2.8e-18   5.9e-14   52.2   0.0   120   170     3    53     1    54 0.97 Glycoside hydrolase 97
Asp-Al_Ex            PF06826.16   167 >LH00406:11:22GHGVLT3:1:1101:9220:26587 -             75   4.2e-18   65.9   1.6   1   1   4.3e-22   4.4e-18   65.8   1.6    41   111     2    74     1    75 0.97 Predicted Permease Membrane Region
CstA_5TM             PF13722.10   121 >LH00406:11:22GHGVLT3:1:1101:9220:26587 -             75      0.16   12.6   3.6   1   1   0.00013       1.3    9.5   3.6    71   100     6    36     2    71 0.83 5TM C-terminal transporter carbon starvation CstA
Ribosomal_L30        PF00327.24    51 >LH00406:11:22GHGVLT3:1:1101:50957:26587 -             64     0.073   13.1   0.7   1   2   0.00029       6.1    7.0   0.1    39    50    14    25     8    25 0.88 Ribosomal protein L30p/L7e
Ribosomal_L30        PF00327.24    51 >LH00406:11:22GHGVLT3:1:1101:50957:26587 -             64     0.073   13.1   0.7   2   2    0.0014        29    4.8   0.1    41    50    39    48    35    48 0.90 Ribosomal protein L30p/L7e
LrgB                 PF04172.20   214 >LH00406:11:22GHGVLT3:1:1101:26741:26604 -             83   7.6e-07   28.9   1.0   1   1   4.2e-11   8.7e-07   28.7   1.0   181   212     2    33     1    35 0.94 LrgB-like family
Aminotran_1_2        PF00155.25   361 >LH00406:11:22GHGVLT3:1:1101:24014:26620 -             87   0.00036   20.0   0.0   1   1   1.7e-08   0.00036   20.0   0.0   210   239    23    53     1    71 0.78 Aminotransferase class I and II
Tho1_MOS11_C         PF18592.5     37 >LH00406:11:22GHGVLT3:1:1101:24698:26620 -             62      0.16   12.2   0.0   1   1   2.3e-05      0.24   11.6   0.0     1    17     2    18     2    18 0.94 Tho1/MOS11 C-terminal domain
HJURP_C              PF12347.12    60 >LH00406:11:22GHGVLT3:1:1101:24698:26620 -             62      0.87    9.6   2.5   1   2     0.018   1.9e+02    2.1   0.1    26    40     8    24     6    27 0.72 Holliday junction regulator protein family C-terminal repeat
HJURP_C              PF12347.12    60 >LH00406:11:22GHGVLT3:1:1101:24698:26620 -             62      0.87    9.6   2.5   2   2   0.00018       1.9    8.5   0.2    18    32    26    40    20    44 0.85 Holliday junction regulator protein family C-terminal repeat
HHH_6                PF14579.10    90 >LH00406:11:22GHGVLT3:1:1101:31706:26620 -             71     4e-15   56.0   0.0   1   1   6.7e-19   4.6e-15   55.8   0.0    38    88     1    51     1    53 0.96 Helix-hairpin-helix motif
T2SSK                PF03934.17    63 >LH00406:11:22GHGVLT3:1:1101:31706:26620 -             71    0.0017   18.9   0.1   1   1   3.7e-07    0.0025   18.3   0.1    23    56     1    35     1    40 0.85 Type II secretion system (T2SS), protein K
HHH_3                PF12836.11    65 >LH00406:11:22GHGVLT3:1:1101:31706:26620 -             71     0.022   15.2   0.0   1   1   4.5e-06     0.031   14.6   0.0    27    61     1    38     1    40 0.85 Helix-hairpin-helix motif
IGPS                 PF00218.25   254 >LH00406:11:22GHGVLT3:1:1101:16635:26652 -             63   1.5e-05   24.5   0.0   1   1   7.1e-10   1.5e-05   24.5   0.0    31    69    22    58     3    62 0.77 Indole-3-glycerol phosphate synthase
TonB_dep_Rec         PF00593.28   436 >LH00406:11:22GHGVLT3:1:1101:34092:26652 -             74   0.00013   22.1   1.8   1   1   7.2e-09   0.00015   22.0   1.8   177   239     2    66     1    72 0.84 TonB dependent receptor
Endonuclease_NS      PF01223.27   223 >LH00406:11:22GHGVLT3:1:1101:41174:26652 -             82   0.00015   21.7   0.1   1   1   1.6e-08   0.00016   21.6   0.1    49    97    25    78     2    82 0.80 DNA/RNA non-specific endonuclease
Dicer_dimer          PF03368.18    89 >LH00406:11:22GHGVLT3:1:1101:41174:26652 -             82      0.13   12.5   0.0   1   1   1.5e-05      0.16   12.2   0.0    14    57    12    57     5    60 0.90 Dicer dimerisation domain
OMP_b-brl_2          PF13568.10   177 >LH00406:11:22GHGVLT3:1:1101:44540:26652 -             72    0.0077   16.5   0.0   1   2   1.3e-06     0.014   15.7   0.0   133   176     4    46     1    47 0.88 Outer membrane protein beta-barrel domain
OMP_b-brl_2          PF13568.10   177 >LH00406:11:22GHGVLT3:1:1101:44540:26652 -             72    0.0077   16.5   0.0   2   2       0.4   4.1e+03   -2.2   0.0    39    46    59    66    50    70 0.43 Outer membrane protein beta-barrel domain
OMP_b-brl            PF13505.10   175 >LH00406:11:22GHGVLT3:1:1101:44540:26652 -             72     0.016   15.6   0.0   1   1   1.6e-06     0.017   15.5   0.0   130   175    19    68     3    68 0.73 Outer membrane protein beta-barrel domain
Peptidase_M50        PF02163.26   221 >LH00406:11:22GHGVLT3:1:1101:15701:26668 -             64   5.4e-15   55.5   0.1   1   1   3.1e-19   6.4e-15   55.3   0.1   157   206    10    59     7    63 0.90 Peptidase family M50
RAG1_imp_bd          PF12560.12   284 >LH00406:11:22GHGVLT3:1:1101:47268:26668 -             51     0.083   12.6   0.1   1   1   4.1e-06     0.086   12.6   0.1   148   190     5    45     3    49 0.83 RAG1 importin binding
DUF3911              PF13050.10    78 >LH00406:11:22GHGVLT3:1:1101:40647:26700 -             75      0.04   14.3   0.1   1   1     3e-06     0.061   13.7   0.1    16    46    28    60    20    72 0.83 Protein of unknown function (DUF3911)
PmbA_TldD_3rd        PF19289.3    220 >LH00406:11:22GHGVLT3:1:1101:26658:26716 -             77   2.9e-09   36.6   0.0   1   1   1.4e-13   2.9e-09   36.6   0.0     5    59     9    63     5    77 0.90 PmbA/TldA metallopeptidase C-terminal domain
Pribosyltran         PF00156.31   158 >LH00406:11:22GHGVLT3:1:1101:30467:26716 -             88   6.4e-06   25.8   0.0   1   1   3.5e-10   7.3e-06   25.6   0.0    11    71    21    83    16    88 0.88 Phosphoribosyl transferase domain
OmpH                 PF03938.18   141 >LH00406:11:22GHGVLT3:1:1101:25021:26732 -             85   1.6e-07   31.8   0.2   1   1   1.7e-11   1.8e-07   31.7   0.2    85   138     2    57     1    60 0.86 Outer membrane protein (OmpH-like)
DUF4197              PF13852.10   199 >LH00406:11:22GHGVLT3:1:1101:25021:26732 -             85      0.06   13.2   0.2   1   1   6.1e-06     0.064   13.1   0.2    69   122     2    55     1    61 0.93 Protein of unknown function (DUF4197)
OmpH                 PF03938.18   141 >LH00406:11:22GHGVLT3:1:1101:27878:26748 -             85   1.6e-07   31.8   0.2   1   1   1.7e-11   1.8e-07   31.7   0.2    85   138     2    57     1    60 0.86 Outer membrane protein (OmpH-like)
DUF4197              PF13852.10   199 >LH00406:11:22GHGVLT3:1:1101:27878:26748 -             85      0.06   13.2   0.2   1   1   6.1e-06     0.064   13.1   0.2    69   122     2    55     1    61 0.93 Protein of unknown function (DUF4197)
PTS_EIIC             PF02378.22   319 >LH00406:11:22GHGVLT3:1:1101:12280:26764 -             55     0.034   13.4   0.3   1   1   3.3e-06     0.034   13.4   0.3    33    74    11    51     1    55 0.82 Phosphotransferase system, EIIC
Choline_bind_1       PF01473.24    19 >LH00406:11:22GHGVLT3:1:1101:12280:26764 -             55      0.69   10.6   4.3   1   2   0.00015       1.6    9.5   1.6     2    15    12    25    12    25 0.92 Putative cell wall binding repeat
Choline_bind_1       PF01473.24    19 >LH00406:11:22GHGVLT3:1:1101:12280:26764 -             55      0.69   10.6   4.3   2   2     0.038   3.9e+02    1.9   0.1     8    13    29    34    26    36 0.71 Putative cell wall binding repeat
Glyco_hydro_92N      PF17678.5    236 >LH00406:11:22GHGVLT3:1:1101:38308:26780 -             77     2e-13   50.9   0.0   1   1   1.5e-17     3e-13   50.3   0.0    38   123     6    77     3    77 0.89 Glycosyl hydrolase family 92 N-terminal domain
DEAD                 PF00270.33   166 >LH00406:11:22GHGVLT3:1:1101:25928:26796 -             72   9.1e-17   61.5   0.0   1   1   3.3e-20   9.7e-17   61.4   0.0     3    64     9    71     7    72 0.94 DEAD/DEAH box helicase
ResIII               PF04851.19   164 >LH00406:11:22GHGVLT3:1:1101:25928:26796 -             72   1.6e-05   25.1   0.0   1   1   5.4e-09   1.6e-05   25.1   0.0     3    70     5    69     3    72 0.88 Type III restriction enzyme, res subunit
UvrD-helicase        PF00580.25   271 >LH00406:11:22GHGVLT3:1:1101:25928:26796 -             72     0.015   15.1   0.0   1   1     6e-06     0.018   14.9   0.0     2    52    10    59     9    65 0.90 UvrD/REP helicase N-terminal domain
T2SSE                PF00437.24   269 >LH00406:11:22GHGVLT3:1:1101:25928:26796 -             72     0.024   14.0   0.0   1   1   8.1e-06     0.024   14.0   0.0   115   156     7    48     2    71 0.71 Type II/IV secretion system protein
SWI2_SNF2            PF18766.5    222 >LH00406:11:22GHGVLT3:1:1101:25928:26796 -             72     0.055   13.3   0.0   1   1   1.9e-05     0.056   13.3   0.0     8    65    11    69     5    72 0.78 SWI2/SNF2 ATPase
PhoH                 PF02562.20   205 >LH00406:11:22GHGVLT3:1:1101:25928:26796 -             72     0.059   13.1   0.0   1   1   2.2e-05     0.064   12.9   0.0     7    35     8    37     4    63 0.75 PhoH-like protein
AAA_30               PF13604.10   191 >LH00406:11:22GHGVLT3:1:1101:25928:26796 -             72     0.091   12.7   0.0   1   1   3.1e-05     0.091   12.7   0.0     1    34     5    37     5    59 0.87 AAA domain
Peptidase_M23        PF01551.26    96 >LH00406:11:22GHGVLT3:1:1101:26371:26796 -             63   4.1e-07   30.3   0.2   1   1   7.1e-11   7.4e-07   29.5   0.2    41    96     6    54     2    54 0.88 Peptidase family M23
Biotin_lipoyl        PF00364.26    73 >LH00406:11:22GHGVLT3:1:1101:26371:26796 -             63      0.12   12.4   0.0   1   1   1.3e-05      0.14   12.2   0.0    15    46    15    46     6    50 0.79 Biotin-requiring enzyme
CBS                  PF00571.32    57 >LH00406:11:22GHGVLT3:1:1101:15951:26812 -             79   1.3e-07   32.0   0.0   1   1   7.7e-12   1.6e-07   31.7   0.0     1    51     7    57     7    62 0.94 CBS domain
Peptidase_M23        PF01551.26    96 >LH00406:11:22GHGVLT3:1:1101:30042:26812 -             63   4.1e-07   30.3   0.2   1   1   7.1e-11   7.4e-07   29.5   0.2    41    96     6    54     2    54 0.88 Peptidase family M23
Biotin_lipoyl        PF00364.26    73 >LH00406:11:22GHGVLT3:1:1101:30042:26812 -             63      0.12   12.4   0.0   1   1   1.3e-05      0.14   12.2   0.0    15    46    15    46     6    50 0.79 Biotin-requiring enzyme
HSP70                PF00012.24   599 >LH00406:11:22GHGVLT3:1:1101:50263:26860 -             83   9.1e-12   44.2   0.1   1   1   5.5e-16   1.1e-11   43.8   0.1    95   155    19    83     3    83 0.78 Hsp70 protein
Glycoprotein_G       PF00802.23   263 >LH00406:11:22GHGVLT3:1:1101:30347:26892 -             47     0.057   13.0   0.3   1   1   2.9e-06     0.061   12.9   0.3    18    41     8    34     3    42 0.73 Pneumovirus attachment glycoprotein G
Glyco_transf_54      PF04666.17   278 >LH00406:11:22GHGVLT3:1:1101:49514:26940 -             55     0.091   11.8   2.3   1   1   4.3e-06     0.089   11.8   2.3   184   215    22    53     3    53 0.79 N-Acetylglucosaminyltransferase-IV (GnT-IV) conserved region
Vut_1                PF02592.19   152 >LH00406:11:22GHGVLT3:1:1101:28692:26972 -             86      0.12   12.9   0.4   1   1   7.6e-06      0.16   12.6   0.4   125   151     9    35     2    36 0.89 Putative vitamin uptake transporter
Tcf25                PF04910.18   337 >LH00406:11:22GHGVLT3:1:1101:42608:26988 -             84      0.16   11.2   0.9   1   1   8.7e-06      0.18   11.1   0.9    66   104    27    69     8    76 0.84 Transcriptional repressor TCF25
DNA_pol_A_exo1       PF01612.24   173 >LH00406:11:22GHGVLT3:1:1101:30893:27004 -             63   1.2e-05   25.4   0.2   1   1   6.1e-10   1.3e-05   25.3   0.2     1    58     4    61     4    63 0.94 3'-5' exonuclease
Glyco_transf_4       PF13439.10   170 >LH00406:11:22GHGVLT3:1:1101:2063:27036 -             81     0.022   15.0   0.2   1   1   1.7e-06     0.035   14.3   0.2    77   109     1    40     1    80 0.75 Glycosyltransferase Family 4
DUF4222              PF13973.10    53 >LH00406:11:22GHGVLT3:1:1101:37014:27036 -             59    0.0026   17.5   0.5   1   1   1.7e-07    0.0036   17.1   0.5    10    36    15    42     9    45 0.88 Domain of unknown function (DUF4222)
Vpu                  PF00558.23    81 >LH00406:11:22GHGVLT3:1:1101:30662:27116 -             78       9.4    6.3   7.3   1   1    0.0013        28    4.8   7.3     8    51    30    76     2    77 0.85 Vpu protein
CarbopepD_reg_2      PF13715.10    88 >LH00406:11:22GHGVLT3:1:1101:23829:27164 -             67   0.00098   19.3   0.3   1   1   2.7e-07    0.0014   18.8   0.3     1    31    36    66    36    67 0.86 CarboxypepD_reg-like domain
CarboxypepD_reg      PF13620.10    82 >LH00406:11:22GHGVLT3:1:1101:23829:27164 -             67    0.0021   18.6   0.2   1   1     5e-07    0.0026   18.3   0.2     2    35    36    66    35    67 0.84 Carboxypeptidase regulatory-like domain
Dioxygenase_C        PF00775.25   182 >LH00406:11:22GHGVLT3:1:1101:23829:27164 -             67     0.016   14.9   0.0   1   1     3e-06     0.016   14.9   0.0    26    58    30    62     8    67 0.83 Dioxygenase
phage_tail_N         PF08400.14   134 >LH00406:11:22GHGVLT3:1:1101:23829:27164 -             67      0.04   14.1   0.1   1   1   1.1e-05     0.055   13.7   0.1     3    31    34    62    32    65 0.90 Prophage tail fibre N-terminal
LysR_substrate       PF03466.24   209 >LH00406:11:22GHGVLT3:1:1101:8138:27180 -             63   1.2e-08   34.8   0.0   1   1   6.3e-13   1.3e-08   34.7   0.0     3    66     2    62     1    63 0.95 LysR substrate binding domain
EGF_MSP1_1           PF12946.11    37 >LH00406:11:22GHGVLT3:1:1101:22904:27196 -             88     0.031   14.5   0.2   1   1     3e-06     0.062   13.5   0.2     6    23    12    29     9    32 0.91 MSP1 EGF domain 1
p12I                 PF12233.12    99 >LH00406:11:22GHGVLT3:1:1101:44854:27196 -             42     0.047   14.4   0.1   1   1   2.5e-06     0.053   14.2   0.1    42    70     9    37     6    41 0.87 Human adult T cell leukemia/lymphoma virus protein
HPIP_like            PF18524.5     40 >LH00406:11:22GHGVLT3:1:1101:32649:27228 -             79     0.062   13.3   0.1   1   1   4.3e-06      0.09   12.8   0.1     2    22    28    49    27    51 0.88 High potential iron-sulfur protein like
SusD-like_3          PF14322.10   192 >LH00406:11:22GHGVLT3:1:1101:12521:27244 -             71   9.3e-10   39.2   0.5   1   1   1.4e-13   9.6e-10   39.2   0.5   109   172     2    67     1    71 0.81 Starch-binding associating with outer membrane
SusD-like_2          PF12771.11   414 >LH00406:11:22GHGVLT3:1:1101:12521:27244 -             71   0.00016   20.9   0.4   1   1   2.3e-08   0.00016   20.9   0.4    90   151     4    65     1    71 0.76 Starch-binding associating with outer membrane
Pax2_C               PF12403.12   113 >LH00406:11:22GHGVLT3:1:1101:12521:27244 -             71     0.062   13.5   0.9   1   2   4.1e-05      0.28   11.4   0.2    64   102     2    45     1    51 0.76 Paired-box protein 2 C terminal
Pax2_C               PF12403.12   113 >LH00406:11:22GHGVLT3:1:1101:12521:27244 -             71     0.062   13.5   0.9   2   2      0.06   4.1e+02    1.2   0.0    40    50    59    69    49    71 0.88 Paired-box protein 2 C terminal
OmpA                 PF00691.24    98 >LH00406:11:22GHGVLT3:1:1101:43615:27260 -             73    0.0055   17.2   0.0   1   1   5.4e-07    0.0056   17.2   0.0    33    81     4    53     1    70 0.89 OmpA family
LLCFC1               PF15838.9     72 >LH00406:11:22GHGVLT3:1:1101:43615:27260 -             73      0.17   11.9   0.0   1   1   2.2e-05      0.23   11.6   0.0    24    45    45    66    40    73 0.82 LLLL and CFNLAS motif-containing protein 1
SHNi-TPR             PF10516.13    38 >LH00406:11:22GHGVLT3:1:1101:6622:27276 -             50     0.013   15.2   0.1   1   1   8.4e-07     0.018   14.8   0.1    11    26    22    37    22    37 0.95 SHNi-TPR
PHP                  PF02811.23   163 >LH00406:11:22GHGVLT3:1:1101:3746:27292 -             56   3.8e-13   50.3   0.2   1   1   4.3e-17   4.4e-13   50.1   0.2     1    37    20    56    20    56 1.00 PHP domain
DUF6282              PF19799.3    197 >LH00406:11:22GHGVLT3:1:1101:3746:27292 -             56     0.023   14.6   0.3   1   1   2.4e-06     0.025   14.5   0.3     2    40    18    56    17    56 0.96 Family of unknown function (DUF6282)
DUF6850              PF21012.1    463 >LH00406:11:22GHGVLT3:1:1101:41942:27308 -             68   0.00053   19.4   0.0   1   1   2.7e-08   0.00056   19.4   0.0   348   411     3    68     1    68 0.88 Family of unknown function (DUF6850)
tRNA-synt_2          PF00152.24   314 >LH00406:11:22GHGVLT3:1:1101:43920:27308 -             82   2.8e-17   63.1   0.0   1   1   1.5e-21   3.1e-17   62.9   0.0     2    61    24    82    23    82 0.98 tRNA synthetases class II (D, K and N)
HxlR                 PF01638.21    91 >LH00406:11:22GHGVLT3:1:1101:4948:27325 -             69      0.12   12.5   0.0   1   1   1.4e-05      0.14   12.2   0.0    25    66    28    69    20    69 0.92 HxlR-like helix-turn-helix
Sel_put              PF04328.17    61 >LH00406:11:22GHGVLT3:1:1101:4948:27325 -             69      0.12   12.7   0.3   1   1   1.8e-05      0.19   12.0   0.2    34    54     9    29     6    37 0.86 Selenoprotein, putative
Aminotran_1_2        PF00155.25   361 >LH00406:11:22GHGVLT3:1:1101:27731:27325 -             87    0.0012   18.3   0.0   1   1   6.3e-08    0.0013   18.2   0.0   213   288     1    77     1    85 0.80 Aminotransferase class I and II
AAA_28               PF13521.10   164 >LH00406:11:22GHGVLT3:1:1101:29053:27341 -             76   0.00027   21.4   0.0   1   1   2.7e-08   0.00028   21.4   0.0    64   118     9    67     1    74 0.76 AAA domain
PINIT                PF14324.10   142 >LH00406:11:22GHGVLT3:1:1101:29053:27341 -             76      0.13   12.8   0.0   1   1   1.3e-05      0.13   12.8   0.0     8    47     8    44     2    67 0.87 PINIT domain
TonB_dep_Rec         PF00593.28   436 >LH00406:11:22GHGVLT3:1:1101:3173:27357 -             89   0.00052   20.2   1.9   1   1   5.3e-08   0.00055   20.1   1.9   178   242     3    68     1    88 0.80 TonB dependent receptor
DUF5934              PF19357.3    172 >LH00406:11:22GHGVLT3:1:1101:3173:27357 -             89      0.16   11.6   0.0   1   1   1.6e-05      0.17   11.5   0.0   104   135    37    68     9    79 0.91 Family of unknown function (DUF5934)
DUF411               PF04214.17    48 >LH00406:11:22GHGVLT3:1:1101:6640:27373 -             78       0.1   12.7   0.0   1   1   8.2e-06      0.17   12.0   0.0     8    35    37    64    30    68 0.89 Protein of unknown function, DUF
DUF3256              PF11644.12   195 >LH00406:11:22GHGVLT3:1:1101:20306:27373 -             89   1.9e-17   63.6   0.6   1   1   1.1e-21   2.3e-17   63.3   0.6     2    60    31    89    30    89 0.97 Protein of unknown function (DUF3256)
AAA_11               PF13086.10   257 >LH00406:11:22GHGVLT3:1:1101:4430:27389 -             58       0.2   11.6   0.0   1   1   9.6e-06       0.2   11.6   0.0    61   112     5    47     1    57 0.83 AAA domain
ATP_bind_2           PF03668.19   284 >LH00406:11:22GHGVLT3:1:1101:28572:27469 -             74      0.08   12.4   0.0   1   1   4.1e-06     0.086   12.3   0.0   161   191    35    70    24    74 0.80 P-loop ATPase protein family
PG_binding_2         PF08823.15    74 >LH00406:11:22GHGVLT3:1:1101:13834:27501 -             77     0.021   15.2   0.0   1   1   1.4e-06     0.028   14.9   0.0    20    48    23    51    17    55 0.91 Putative peptidoglycan binding domain
RecR_C               PF21175.1     24 >LH00406:11:22GHGVLT3:1:1101:38669:27533 -             74     0.031   14.1   0.0   1   1   2.5e-06     0.051   13.4   0.0     2    21    16    35    16    36 0.95 RecR, C-terminal
CSG2                 PF16965.9    394 >LH00406:11:22GHGVLT3:1:1101:8813:27549 -             72    0.0022   17.2   0.3   1   1   1.2e-07    0.0024   17.1   0.3   139   188    20    69     9    71 0.92 Ceramide synthase regulator
QSregVF_b            PF12843.11    66 >LH00406:11:22GHGVLT3:1:1101:49551:27549 -             65      0.21   11.7   0.3   1   1   2.2e-05      0.45   10.6   0.3    11    54     4    45     1    54 0.71 Putative quorum-sensing-regulated virulence factor
Imm-NTF2-2           PF15631.10    68 >LH00406:11:22GHGVLT3:1:1101:43144:27565 -             89   1.3e-08   35.1   0.5   1   2      0.34   7.1e+03   -2.5   0.0    18    31    12    25     6    26 0.72 NTF2 fold immunity protein
Imm-NTF2-2           PF15631.10    68 >LH00406:11:22GHGVLT3:1:1101:43144:27565 -             89   1.3e-08   35.1   0.5   2   2   1.2e-12   2.6e-08   34.2   0.1     2    62    30    88    29    89 0.89 NTF2 fold immunity protein
DEAD                 PF00270.33   166 >LH00406:11:22GHGVLT3:1:1101:27046:27581 -             83   3.9e-05   23.6   0.0   1   1   6.5e-09   4.5e-05   23.5   0.0   118   160     5    56     2    63 0.87 DEAD/DEAH box helicase
SNF2-rel_dom         PF00176.27   290 >LH00406:11:22GHGVLT3:1:1101:27046:27581 -             83   0.00029   20.2   0.1   1   1   1.8e-07    0.0012   18.2   0.1   126   185     5    77     1    82 0.70 SNF2-related domain
ResIII               PF04851.19   164 >LH00406:11:22GHGVLT3:1:1101:27046:27581 -             83     0.023   14.8   0.0   1   1   3.9e-06     0.027   14.6   0.0   123   162     2    55     1    57 0.64 Type III restriction enzyme, res subunit
Fic-like_C           PF21247.1     64 >LH00406:11:22GHGVLT3:1:1101:27120:27581 -             65   3.1e-11   43.2   0.0   1   1     2e-15   4.1e-11   42.8   0.0     1    47    16    62    16    65 0.95 Filamentation induced by cAMP protein Fic-like, C-terminal domain
Na_Ca_ex             PF01699.28   151 >LH00406:11:22GHGVLT3:1:1101:25632:27597 -             73     4e-24   85.5   2.9   1   1     2e-28   4.2e-24   85.4   2.9    34   104     2    72     1    73 0.96 Sodium/calcium exchanger protein
DUF4421              PF14391.10   302 >LH00406:11:22GHGVLT3:1:1101:6363:27693 -             39   9.9e-14   51.7   0.5   1   1     5e-18     1e-13   51.6   0.5   146   184     1    39     1    39 0.97 Domain of unknown function (DUF4421)
MbtH                 PF03621.17    53 >LH00406:11:22GHGVLT3:1:1101:8933:27725 -             48     0.023   14.3   0.9   1   1   1.3e-06     0.028   14.1   0.9    25    48    13    36    10    39 0.90 MbtH-like protein
tRNA_synt_1c_R2      PF04557.19    94 >LH00406:11:22GHGVLT3:1:1101:4412:27773 -             47      0.32   12.0   7.0   1   1   1.7e-05      0.34   11.9   7.0    17    45     5    33     4    43 0.73 Glutaminyl-tRNA synthetase, non-specific RNA binding region part 2
Peptidase_U4         PF03419.17   285 >LH00406:11:22GHGVLT3:1:1101:25086:27773 -             59   3.4e-07   30.1   0.5   1   1   3.5e-11   3.7e-07   29.9   0.5     1    44     9    54     9    58 0.87 Sporulation factor SpoIIGA
FAM72                PF14976.10   145 >LH00406:11:22GHGVLT3:1:1101:25086:27773 -             59     0.032   14.6   0.2   1   1   3.2e-06     0.033   14.5   0.2     6    32    23    49    18    59 0.72 FAM72 protein
Ferric_reduct        PF01794.23   121 >LH00406:11:22GHGVLT3:1:1101:13556:27789 -             83      0.12   12.6   6.6   1   1   7.4e-06      0.15   12.3   6.6    50   112    13    77    11    80 0.87 Ferric reductase like transmembrane component
Imm40                PF15569.10    93 >LH00406:11:22GHGVLT3:1:1101:51835:27853 -             63     2e-15   56.9   0.3   1   1     1e-19   2.1e-15   56.8   0.3    10    70     2    62     1    63 0.97 Immunity protein 40
DUF386               PF04074.16   145 >LH00406:11:22GHGVLT3:1:1101:10718:27869 -             47   4.9e-10   39.8   0.0   1   1   2.5e-14   5.2e-10   39.7   0.0    17    62     2    47     1    47 0.97 YhcH/YjgK/YiaL
AAA_25               PF13481.10   194 >LH00406:11:22GHGVLT3:1:1101:33361:27885 -             48      0.09   12.6   0.0   1   1   4.4e-06      0.09   12.6   0.0   133   159    19    45     2    48 0.80 AAA domain
PseudoU_synth_2      PF00849.26   152 >LH00406:11:22GHGVLT3:1:1101:49024:27885 -             82   4.4e-06   27.2   0.2   1   1   6.3e-10   6.5e-06   26.6   0.2   120   152     2    32     1    32 0.89 RNA pseudouridylate synthase
PDH_N                PF02153.21   154 >LH00406:11:22GHGVLT3:1:1101:49024:27885 -             82      0.14   11.9   0.0   1   1   1.6e-05      0.17   11.6   0.0    86   130    19    62    11    67 0.70 Prephenate dehydrogenase, nucleotide-binding domain
adh_short            PF00106.29   195 >LH00406:11:22GHGVLT3:1:1101:44124:27917 -             85   2.2e-14   53.6   1.1   1   1   4.9e-18   2.6e-14   53.4   1.1     1    79     2    85     2    85 0.90 short chain dehydrogenase
adh_short_C2         PF13561.10   236 >LH00406:11:22GHGVLT3:1:1101:44124:27917 -             85     2e-10   40.9   1.5   1   1   4.3e-14   2.2e-10   40.7   1.5     1    73     8    85     8    85 0.79 Enoyl-(Acyl carrier protein) reductase
KR                   PF08659.14   180 >LH00406:11:22GHGVLT3:1:1101:44124:27917 -             85   2.8e-06   27.6   0.1   1   1   6.2e-10   3.2e-06   27.3   0.1     2    82     3    84     2    85 0.83 KR domain
2-Hacid_dh_C         PF02826.23   178 >LH00406:11:22GHGVLT3:1:1101:44124:27917 -             85      0.11   12.0   0.2   1   1   2.5e-05      0.13   11.8   0.2    36   109     1    74     1    78 0.83 D-isomer specific 2-hydroxyacid dehydrogenase, NAD binding domain
Ig_GlcNase           PF18368.5    105 >LH00406:11:22GHGVLT3:1:1101:33907:27933 -             53   7.7e-16   58.4   0.0   1   1   7.6e-20   7.9e-16   58.3   0.0    45    95     1    51     1    53 0.95 Exo-beta-D-glucosaminidase Ig-fold domain
Ig_mannosidase       PF17753.5     81 >LH00406:11:22GHGVLT3:1:1101:33907:27933 -             53   6.4e-07   29.2   0.0   1   1   7.2e-11   7.4e-07   29.0   0.0    26    64     2    46     1    52 0.80 Ig-fold domain
AsnC_trans_reg       PF01037.25    73 >LH00406:11:22GHGVLT3:1:1101:16589:27949 -             69   0.00066   19.7   0.0   1   1   2.3e-07   0.00094   19.2   0.0     1    28    42    69    42    69 0.88 Lrp/AsnC ligand binding domain
HTH_24               PF13412.10    48 >LH00406:11:22GHGVLT3:1:1101:16589:27949 -             69   0.00093   18.9   0.0   1   1   3.6e-07    0.0015   18.3   0.0    26    48     1    23     1    23 0.95 Winged helix-turn-helix DNA-binding
MarR_2               PF12802.11    61 >LH00406:11:22GHGVLT3:1:1101:16589:27949 -             69     0.052   13.9   0.0   1   1   1.8e-05     0.075   13.4   0.0    30    51     2    23     1    28 0.91 MarR family
HTH_AsnC-type        PF13404.10    42 >LH00406:11:22GHGVLT3:1:1101:16589:27949 -             69      0.14   12.1   0.0   1   1   5.7e-05      0.24   11.5   0.0    27    41     2    16     1    17 0.91 AsnC-type helix-turn-helix domain
HTH_IclR             PF09339.14    52 >LH00406:11:22GHGVLT3:1:1101:16589:27949 -             69      0.22   11.5   0.0   1   1   7.2e-05       0.3   11.1   0.0    28    49     2    23     1    26 0.92 IclR helix-turn-helix domain
M20_dimer            PF07687.18   107 >LH00406:11:22GHGVLT3:1:1101:40111:27949 -             69     0.002   18.2   0.0   1   1   1.9e-07     0.002   18.2   0.0    33   103     2    62     1    66 0.83 Peptidase dimerisation domain
Glycos_transf_2      PF00535.30   168 >LH00406:11:22GHGVLT3:1:1101:40111:27949 -             69       0.1   12.7   0.0   1   1   1.4e-05      0.14   12.2   0.0    30    50    36    56     1    67 0.90 Glycosyl transferase family 2
Glyco_hydro_92       PF07971.16   464 >LH00406:11:22GHGVLT3:1:1101:41701:27949 -             77   9.9e-09   34.9   0.1   1   1   5.3e-13   1.1e-08   34.7   0.1   431   464     1    34     1    34 0.97 Glycosyl hydrolase family 92 catalytic domain
AadA_C               PF13427.10   103 >LH00406:11:22GHGVLT3:1:1101:46852:27965 -             85      0.19   12.0   0.0   1   2     0.026   5.5e+02    1.0   0.0    59    72    11    24     9    33 0.85 Aminoglycoside adenylyltransferase, C-terminal domain
AadA_C               PF13427.10   103 >LH00406:11:22GHGVLT3:1:1101:46852:27965 -             85      0.19   12.0   0.0   2   2   7.6e-05       1.6    9.1   0.0    44    75    53    84    45    85 0.89 Aminoglycoside adenylyltransferase, C-terminal domain
Prismane             PF03063.24   512 >LH00406:11:22GHGVLT3:1:1101:16792:27981 -             50   1.1e-15   57.5   0.0   1   1   5.6e-20   1.2e-15   57.4   0.0   260   312     1    50     1    50 0.96 Prismane/CO dehydrogenase family
DUF6417              PF19981.3     69 >LH00406:11:22GHGVLT3:1:1101:30828:27981 -             52     0.031   14.5   0.7   1   1   1.9e-06     0.039   14.2   0.7    25    48     5    28     3    30 0.91 Family of unknown function (DUF6417)
Tet_JBP              PF12851.11   164 >LH00406:11:22GHGVLT3:1:1101:37023:27981 -             83      0.11   12.0   0.0   1   1   5.1e-06      0.11   12.0   0.0    43    81    30    65     7    80 0.76 Oxygenase domain of the 2OGFeDO superfamily
Ig_GlcNase           PF18368.5    105 >LH00406:11:22GHGVLT3:1:1101:44845:27981 -             63   9.9e-12   45.1   0.0   1   1   5.1e-16   1.1e-11   45.0   0.0     9    66     2    63     1    63 0.91 Exo-beta-D-glucosaminidase Ig-fold domain
DUF4024              PF13216.10    35 >LH00406:11:22GHGVLT3:1:1101:8702:27997 -             68     0.055   13.6   0.0   1   1   4.4e-06     0.091   12.9   0.0     4    18    42    56    41    63 0.85 Protein of unknown function (DUF4024)
CTP_transf_like      PF01467.30   133 >LH00406:11:22GHGVLT3:1:1101:10681:27997 -             58   0.00023   21.6   0.1   1   1   3.5e-08   0.00024   21.5   0.1    12    63     1    50     1    57 0.83 Cytidylyltransferase-like
RAC_head             PF16717.9     98 >LH00406:11:22GHGVLT3:1:1101:10681:27997 -             58    0.0029   18.7   0.2   1   1   4.5e-07    0.0031   18.6   0.2    40    91     7    56     2    58 0.89 Ribosome-associated complex head domain
FlaC_arch            PF05377.15    55 >LH00406:11:22GHGVLT3:1:1101:10681:27997 -             58      0.11   13.2   0.0   1   1   1.7e-05      0.12   13.0   0.0    13    35    19    41    11    51 0.90 Flagella accessory protein C (FlaC)
Reg_prop             PF07494.15    24 >LH00406:11:22GHGVLT3:1:1101:39288:27997 -             64   0.00084   19.5   0.1   1   1   6.5e-08    0.0013   18.8   0.1     4    23    27    46    25    47 0.85 Two component regulator propeller
Peptidase_M24        PF00557.28   208 >LH00406:11:22GHGVLT3:1:1101:50587:27997 -             37   3.9e-09   36.8   0.0   1   1   1.9e-13   3.9e-09   36.8   0.0   175   207     5    36     1    37 0.92 Metallopeptidase family M24
Phage_holin_Dp1      PF16938.9     63 >LH00406:11:22GHGVLT3:1:1101:38558:28013 -             76    0.0052   17.2   0.3   1   1   7.2e-07    0.0075   16.7   0.3    17    57     9    52     4    55 0.75 Putative phage holin Dp-1
Adeno_E3             PF06040.15   126 >LH00406:11:22GHGVLT3:1:1101:38558:28013 -             76       1.8    8.9   4.3   1   1   0.00018       1.8    8.9   3.7    88   114    38    63    23    71 0.74 Adenovirus E3 protein
Glyco_transf_4       PF13439.10   170 >LH00406:11:22GHGVLT3:1:1101:7352:28029 -             74      0.09   13.0   0.1   1   1   4.4e-06     0.091   13.0   0.1    85   136     6    49     2    72 0.66 Glycosyltransferase Family 4
G0-G1_switch_2       PF15103.10   105 >LH00406:11:22GHGVLT3:1:1101:13279:28046 -             39       0.6   10.7   1.8   1   1   2.7e-05      0.55   10.8   1.8    31    50     1    20     1    36 0.93 G0/G1 switch protein 2
DUF4364              PF14277.10   162 >LH00406:11:22GHGVLT3:1:1101:50208:28110 -             70     0.013   15.4   0.0   1   1   7.4e-07     0.015   15.2   0.0   126   162     1    37     1    37 0.95 Domain of unknown function (DUF4364)
Glyco_hydro_28       PF00295.21   324 >LH00406:11:22GHGVLT3:1:1101:24559:28142 -             70   0.00037   19.9   0.3   1   1   1.9e-08    0.0004   19.8   0.3    52    84    10    44     3    56 0.86 Glycosyl hydrolases family 28
MS_channel_3rd       PF21082.1     88 >LH00406:11:22GHGVLT3:1:1101:15322:28158 -             54     0.018   15.7   0.0   1   1   9.7e-07      0.02   15.5   0.0    43    87     5    49     3    50 0.94 Mechanosensitive ion channel MscS, C-terminal
Toprim_4             PF13662.10    85 >LH00406:11:22GHGVLT3:1:1101:8961:28190 -             70     0.073   13.5   0.0   1   1   1.3e-05     0.091   13.2   0.0     7    63     7    64     5    68 0.80 Toprim domain
Toprim               PF01751.26    96 >LH00406:11:22GHGVLT3:1:1101:8961:28190 -             70     0.081   13.3   0.0   1   1   1.4e-05     0.097   13.1   0.0    28    69    25    64     7    66 0.73 Toprim domain
Toprim_2             PF13155.10    88 >LH00406:11:22GHGVLT3:1:1101:8961:28190 -             70     0.087   13.4   0.1   1   1     2e-05      0.14   12.8   0.1    29    55    38    64     5    67 0.76 Toprim-like
YoeB_toxin           PF06769.18    80 >LH00406:11:22GHGVLT3:1:1101:28174:28190 -             65      0.12   12.7   0.0   1   1   7.7e-06      0.16   12.2   0.0    11    41    32    64    21    65 0.84 YoeB-like toxin of bacterial type II toxin-antitoxin system
Glyco_hydro_4        PF02056.20   183 >LH00406:11:22GHGVLT3:1:1101:17625:28206 -             87      0.16   11.7   0.0   1   1   9.3e-06      0.19   11.4   0.0   108   151     3    46     2    56 0.87 Family 4 glycosyl hydrolase
DUF6011              PF19474.3     37 >LH00406:11:22GHGVLT3:1:1101:8804:28238 -             88       0.2   11.5   0.0   1   1   1.4e-05      0.29   10.9   0.0    24    34    33    43    33    46 0.85 Family of unknown function (DUF6011)
ASH                  PF15780.9     98 >LH00406:11:22GHGVLT3:1:1101:51881:28254 -             84      0.16   12.4   0.0   1   1   8.8e-06      0.18   12.2   0.0    10    74    16    77     8    82 0.85 Abnormal spindle-like microcephaly-assoc'd, ASPM-SPD-2-Hydin
EAL                  PF00563.24   236 >LH00406:11:22GHGVLT3:1:1101:20029:28334 -             63   3.3e-13   49.8   0.0   1   1   5.5e-17   3.8e-13   49.6   0.0   187   236     4    53     2    53 0.97 EAL domain
3HCDH                PF00725.26    97 >LH00406:11:22GHGVLT3:1:1101:20029:28334 -             63      0.18   12.5   0.0   1   1   3.4e-05      0.24   12.1   0.0     4    40     9    45     8    49 0.84 3-hydroxyacyl-CoA dehydrogenase, C-terminal domain
PSMdelta             PF19693.3     22 >LH00406:11:22GHGVLT3:1:1101:20029:28334 -             63      0.53   10.2   3.0   1   1   0.00012      0.86    9.5   3.0     1    13     6    18     6    19 0.94 Phenol-soluble modulin delta protein
Ribosomal_L29e       PF01779.21    40 >LH00406:11:22GHGVLT3:1:1101:42386:28334 -             82      0.27   11.6   4.2   1   1   1.9e-05      0.39   11.1   4.2     2    23     7    28     6    32 0.85 Ribosomal L29e protein family
Peptidase_M75        PF09375.14   288 >LH00406:11:22GHGVLT3:1:1101:45927:28350 -             84     2e-13   50.7   0.1   1   1   2.1e-17   2.2e-13   50.6   0.1     1    70    10    83    10    84 0.94 Imelysin
YwhD                 PF08741.14   162 >LH00406:11:22GHGVLT3:1:1101:45927:28350 -             84    0.0012   18.8   0.0   1   1   1.3e-07    0.0014   18.5   0.0    96   157     2    62     1    66 0.87 YwhD family
TonB_dep_Rec         PF00593.28   436 >LH00406:11:22GHGVLT3:1:1101:26898:28382 -             84   0.00021   21.5   0.6   1   1     2e-08   0.00021   21.5   0.6   312   361    12    67     1    83 0.72 TonB dependent receptor
DUF3221              PF11518.12    82 >LH00406:11:22GHGVLT3:1:1101:26898:28382 -             84      0.11   13.1   0.0   1   1   1.1e-05      0.11   13.1   0.0    35    74    24    64     1    67 0.83 Protein of unknown function (DUF3221)
DDE_Tnp_1            PF01609.25   200 >LH00406:11:22GHGVLT3:1:1101:16940:28398 -             76   0.00024   21.1   0.0   1   1   2.3e-08   0.00024   21.1   0.0    61    96     3    41     1    73 0.84 Transposase DDE domain
DDE_Tnp_1_4          PF13701.10   434 >LH00406:11:22GHGVLT3:1:1101:16940:28398 -             76      0.07   11.5   0.0   1   1   6.8e-06      0.07   11.5   0.0   202   243     7    49     3    71 0.87 Transposase DDE domain group 1
DUF1759              PF03564.19   148 >LH00406:11:22GHGVLT3:1:1101:42876:28414 -             64      0.15   12.2   0.8   1   1   7.9e-06      0.16   12.1   0.8    61   113     2    52     1    60 0.87 Protein of unknown function (DUF1759)
zf-Nse               PF11789.12    57 >LH00406:11:22GHGVLT3:1:1101:23006:28430 -             65       6.7    6.8   7.8   1   2    0.0037        76    3.4   2.0    29    37    20    28    16    29 0.84 Zinc-finger of the MIZ type in Nse subunit
zf-Nse               PF11789.12    57 >LH00406:11:22GHGVLT3:1:1101:23006:28430 -             65       6.7    6.8   7.8   2   2   0.00032       6.6    6.9   0.4    29    37    43    51    41    54 0.89 Zinc-finger of the MIZ type in Nse subunit
TPR_9                PF13371.10    73 >LH00406:11:22GHGVLT3:1:1101:26168:28430 -             67   0.00058   20.0   0.3   1   1   6.3e-08   0.00066   19.8   0.3     8    61    13    66     8    67 0.96 Tetratricopeptide repeat
TPR_2                PF07719.21    34 >LH00406:11:22GHGVLT3:1:1101:26168:28430 -             67    0.0052   17.0   0.4   1   2   0.00061       6.3    7.4   0.0    10    33     9    32     8    33 0.91 Tetratricopeptide repeat
TPR_2                PF07719.21    34 >LH00406:11:22GHGVLT3:1:1101:26168:28430 -             67    0.0052   17.0   0.4   2   2    0.0003       3.1    8.4   0.1     6    34    39    67    34    67 0.85 Tetratricopeptide repeat
NTP_transf_3         PF12804.11   160 >LH00406:11:22GHGVLT3:1:1101:33417:28430 -             69   2.5e-05   24.7   0.0   1   1   4.1e-09   2.8e-05   24.5   0.0     3    32    34    68    32    69 0.85 MobA-like NTP transferase domain
NTP_transferase      PF00483.27   245 >LH00406:11:22GHGVLT3:1:1101:33417:28430 -             69     0.015   15.0   0.0   1   1   2.9e-06      0.02   14.6   0.0     4    37    34    66    33    68 0.92 Nucleotidyl transferase
IspD                 PF01128.23   221 >LH00406:11:22GHGVLT3:1:1101:33417:28430 -             69      0.12   12.3   0.0   1   1   1.9e-05      0.13   12.2   0.0     4    35    33    67    30    69 0.81 2-C-methyl-D-erythritol 4-phosphate cytidylyltransferase
DUF4988              PF16378.9    182 >LH00406:11:22GHGVLT3:1:1101:51068:28446 -             83   2.7e-05   24.1   0.4   1   1   1.6e-09   3.3e-05   23.8   0.4   121   174     7    62     3    69 0.89 Domain of unknown function
GATase_6             PF13522.10   130 >LH00406:11:22GHGVLT3:1:1101:9488:28462 -             61   9.9e-07   29.0   0.0   1   1     1e-10   1.1e-06   28.9   0.0     8    45    25    61    13    61 0.82 Glutamine amidotransferase domain
GATase_7             PF13537.10   123 >LH00406:11:22GHGVLT3:1:1101:9488:28462 -             61     0.012   15.7   0.0   1   2       0.5   5.2e+03   -2.5   0.0    95   101    14    20     7    30 0.65 Glutamine amidotransferase domain
GATase_7             PF13537.10   123 >LH00406:11:22GHGVLT3:1:1101:9488:28462 -             61     0.012   15.7   0.0   2   2   2.1e-06     0.022   14.9   0.0     1    30    33    61    33    61 0.91 Glutamine amidotransferase domain
Biotin_lipoyl_2      PF13533.10    50 >LH00406:11:22GHGVLT3:1:1101:29848:28494 -             35   8.9e-13   48.0   1.1   1   1   2.6e-16   8.9e-13   48.0   1.1     3    34     4    35     1    35 0.96 Biotin-lipoyl like
Biotin_lipoyl        PF00364.26    73 >LH00406:11:22GHGVLT3:1:1101:29848:28494 -             35   0.00024   21.0   0.2   1   1   7.5e-08   0.00026   20.9   0.2    43    73     4    34     2    34 0.92 Biotin-requiring enzyme
HlyD_D23             PF16576.9    214 >LH00406:11:22GHGVLT3:1:1101:29848:28494 -             35   0.00074   19.0   0.1   1   1   2.1e-07   0.00074   19.0   0.1   108   139     3    34     1    35 0.59 Barrel-sandwich domain of CusB or HlyD membrane-fusion
HlyD_3               PF13437.10   106 >LH00406:11:22GHGVLT3:1:1101:29848:28494 -             35    0.0033   18.3   0.3   1   1   9.9e-07    0.0034   18.2   0.3     2    30     6    34     5    35 0.94 HlyD family secretion protein
PASTA                PF03793.23    63 >LH00406:11:22GHGVLT3:1:1101:29848:28494 -             35    0.0068   16.5   0.2   1   1     2e-06    0.0068   16.5   0.2    37    59    11    33     2    34 0.88 PASTA domain
PTS_EIIA_1           PF00358.24   127 >LH00406:11:22GHGVLT3:1:1101:29848:28494 -             35     0.019   14.8   0.0   1   1     6e-06     0.021   14.7   0.0    78   104     9    35     7    35 0.91 phosphoenolpyruvate-dependent sugar phosphotransferase system, EIIA 1
Metallophos          PF00149.32   191 >LH00406:11:22GHGVLT3:1:1101:2202:28622 -             83   0.00013   22.7   0.0   1   1   6.2e-09   0.00013   22.7   0.0    29    82     5    61     1    82 0.74 Calcineurin-like phosphoesterase
DUF1687              PF07955.15   128 >LH00406:11:22GHGVLT3:1:1101:32492:28622 -             79      0.11   13.1   0.1   1   1   5.8e-06      0.12   13.0   0.1    49   108     2    62     1    71 0.84 Protein of unknown function (DUF1687)
Fer4_6               PF12837.11    24 >LH00406:11:22GHGVLT3:1:1101:39455:28638 -             42     0.066   13.4   0.7   1   1   4.6e-06     0.096   12.9   0.7    13    23     1    11     1    11 0.92 4Fe-4S binding domain
PP_kinase            PF02503.21   183 >LH00406:11:22GHGVLT3:1:1101:10856:28654 -             48   0.00014   21.8   0.0   1   1   7.3e-09   0.00015   21.7   0.0   146   183     2    39     1    39 0.94 Polyphosphate kinase middle domain
Arginase             PF00491.25   279 >LH00406:11:22GHGVLT3:1:1101:29829:28654 -             51    0.0012   18.6   0.0   1   1   5.6e-08    0.0012   18.6   0.0   197   240     4    42     1    51 0.70 Arginase family
Peptidase_M15_4      PF13539.10    68 >LH00406:11:22GHGVLT3:1:1101:17680:28686 -             54   2.8e-13   50.3   0.8   1   1   1.4e-17   2.8e-13   50.3   0.8    31    68     9    49     1    49 0.78 D-alanyl-D-alanine carboxypeptidase
ACR_tran             PF00873.23  1021 >LH00406:11:22GHGVLT3:1:1101:33824:28718 -             42   2.9e-06   25.5   0.1   1   1   2.9e-10     3e-06   25.4   0.1   289   327     1    39     1    41 0.96 AcrB/AcrD/AcrF family
DUF5398              PF17376.6     80 >LH00406:11:22GHGVLT3:1:1101:33824:28718 -             42     0.095   13.3   0.1   1   1   9.6e-06       0.1   13.2   0.1    31    57     5    31     2    39 0.84 Family of unknown function (DUF5398)
LIDHydrolase         PF10230.13   262 >LH00406:11:22GHGVLT3:1:1101:19982:28734 -             81     0.062   13.2   0.8   1   1   3.1e-06     0.065   13.1   0.8   127   183     5    61     4    71 0.84 Lipid-droplet associated hydrolase
DUF4059              PF13268.10    72 >LH00406:11:22GHGVLT3:1:1101:39815:28783 -             74      0.12   13.0   0.1   1   2      0.48   9.9e+03   -2.7   0.1    49    55    14    20    11    25 0.74 Protein of unknown function (DUF4059)
DUF4059              PF13268.10    72 >LH00406:11:22GHGVLT3:1:1101:39815:28783 -             74      0.12   13.0   0.1   2   2     1e-05      0.21   12.3   0.0    13    52    32    72    28    74 0.87 Protein of unknown function (DUF4059)
Rotamase_2           PF13145.10   121 >LH00406:11:22GHGVLT3:1:1101:29016:28815 -             69      0.19   12.7   0.0   1   1   9.9e-06      0.21   12.6   0.0     6    35     5    35     4    57 0.84 PPIC-type PPIASE domain
DUF5879              PF19207.4    273 >LH00406:11:22GHGVLT3:1:1101:41137:28831 -             65      0.22   11.1   0.0   1   1   1.1e-05      0.24   10.9   0.0    59    94    23    58    17    62 0.86 Family of unknown function (DUF5879)
FtsL_2               PF19579.3    100 >LH00406:11:22GHGVLT3:1:1101:34702:28863 -             52      0.05   13.7   0.8   1   1   2.5e-06     0.051   13.7   0.8    13    43    14    44     2    47 0.80 Bacteriodetes cell division protein (FtsL-like)
Tmemb_cc2            PF10267.13   397 >LH00406:11:22GHGVLT3:1:1101:10810:28895 -             48      0.38   10.1   0.8   1   1   1.8e-05      0.37   10.1   0.8   344   385     2    43     1    48 0.93 Predicted transmembrane and coiled-coil 2 protein
DUF6015              PF19479.3    140 >LH00406:11:22GHGVLT3:1:1101:24531:28895 -             65     0.073   13.6   0.2   1   1   3.5e-06     0.073   13.6   0.2    38    69     4    36     1    58 0.83 Family of unknown function (DUF6015)
AAA_21               PF13304.10   304 >LH00406:11:22GHGVLT3:1:1101:36773:28895 -             61     0.012   15.8   0.1   1   1   1.2e-06     0.013   15.6   0.1   261   304     1    44     1    44 0.77 AAA domain, putative AbiEii toxin, Type IV TA system
SMC_N                PF02463.23   220 >LH00406:11:22GHGVLT3:1:1101:36773:28895 -             61     0.017   14.7   0.0   1   1   1.7e-06     0.018   14.7   0.0   162   205     2    46     1    59 0.87 RecF/RecN/SMC N terminal domain
Cys_rich_VLP         PF14194.10    57 >LH00406:11:22GHGVLT3:1:1101:28896:28927 -             64    0.0014   19.0   6.4   1   2      0.11   2.3e+03   -1.0   0.1    26    38     4    14     3    16 0.68 Cysteine-rich VLP
Cys_rich_VLP         PF14194.10    57 >LH00406:11:22GHGVLT3:1:1101:28896:28927 -             64    0.0014   19.0   6.4   2   2   6.5e-08    0.0014   19.0   6.4     8    38    33    63    26    64 0.86 Cysteine-rich VLP
PB2_627-dom          PF21442.1    133 >LH00406:11:22GHGVLT3:1:1101:41785:28927 -             73    0.0027   18.1   0.0   1   1   1.5e-07    0.0032   17.9   0.0    21    65     6    50     3    59 0.91 Polymerase basic protein 2 (PB2), '627' domain
Xan_ur_permease      PF00860.24   389 >LH00406:11:22GHGVLT3:1:1101:30532:28943 -             84   0.00027   19.9   2.4   1   1   2.9e-08    0.0003   19.8   2.4     2    53    36    84    35    84 0.91 Permease family
DUF5464              PF17552.6     51 >LH00406:11:22GHGVLT3:1:1101:30532:28943 -             84    0.0023   18.3   0.4   1   1     3e-07    0.0031   17.9   0.4     8    28    38    58    34    82 0.79 Family of unknown function (DUF5464)
SLBB                 PF10531.13    56 >LH00406:11:22GHGVLT3:1:1101:17153:28959 -             86   3.1e-09   36.7   0.0   1   1   2.3e-13   4.8e-09   36.1   0.0     2    37    51    86    50    86 0.97 SLBB domain
AAA_11               PF13086.10   257 >LH00406:11:22GHGVLT3:1:1101:5854:28991 -             86   7.4e-10   39.2   0.0   1   1   1.1e-13   7.9e-10   39.1   0.0   210   254    26    67     5    69 0.87 AAA domain
AAA_30               PF13604.10   191 >LH00406:11:22GHGVLT3:1:1101:5854:28991 -             86     0.024   14.6   0.0   1   1   4.2e-06     0.029   14.3   0.0    89   134    27    69     4    73 0.73 AAA domain
AAA_19               PF13245.10   135 >LH00406:11:22GHGVLT3:1:1101:5854:28991 -             86     0.093   13.1   0.0   1   1   1.5e-05       0.1   12.9   0.0    91   133    27    66     5    68 0.68 AAA domain
V1R_C                PF08983.14    48 >LH00406:11:22GHGVLT3:1:1101:36468:29007 -             69     0.093   13.2   1.7   1   2   4.5e-06     0.093   13.2   1.7     9    24    23    38    18    38 0.94 Vasopressin V1 receptor, C-terminal
V1R_C                PF08983.14    48 >LH00406:11:22GHGVLT3:1:1101:36468:29007 -             69     0.093   13.2   1.7   2   2    0.0016        33    5.0   1.6     6    26    46    67    42    69 0.87 Vasopressin V1 receptor, C-terminal
Resolvase            PF00239.25   146 >LH00406:11:22GHGVLT3:1:1101:46287:29007 -             74   7.1e-14   52.3   0.0   1   1     7e-18   7.3e-14   52.3   0.0    35   102     7    74     1    74 0.93 Resolvase, N terminal domain
T4SS_TraI            PF16932.9    213 >LH00406:11:22GHGVLT3:1:1101:46287:29007 -             74    0.0086   15.5   0.1   1   1     1e-06      0.01   15.2   0.1   142   171    39    68    32    73 0.91 Type IV secretory system, conjugal DNA-protein transfer
AraR_C               PF19368.3     82 >LH00406:11:22GHGVLT3:1:1101:23274:29055 -             87   2.3e-08   34.3   0.1   1   1   1.4e-12   2.9e-08   34.0   0.1    12    72     1    60     1    64 0.95 AraR C-terminal winged HTH domain
PabTrmU54_TRAM_dom   PF21579.1     56 >LH00406:11:22GHGVLT3:1:1101:3765:29087 -             77      0.71   10.0   2.3   1   2   2.1e-05      0.43   10.8   0.6    35    51    22    38    20    42 0.89 tRNA (uracil(54)-C(5))-methyltransferase, TRAM domain
PabTrmU54_TRAM_dom   PF21579.1     56 >LH00406:11:22GHGVLT3:1:1101:3765:29087 -             77      0.71   10.0   2.3   2   2      0.44   9.1e+03   -3.1   0.0    34    41    62    69    60    74 0.54 tRNA (uracil(54)-C(5))-methyltransferase, TRAM domain
Glyco_hydro_43       PF04616.18   287 >LH00406:11:22GHGVLT3:1:1101:25160:29087 -             89   3.6e-24   85.8   0.1   1   1   1.9e-28   3.9e-24   85.7   0.1    19   107     1    88     1    89 0.98 Glycosyl hydrolases family 43
KIAA1549             PF12877.11   676 >LH00406:11:22GHGVLT3:1:1101:26843:29183 -             77      0.05   12.2   0.0   1   1   2.4e-06     0.051   12.2   0.0    22    77    20    76     7    77 0.83 UPF0606 protein KIAA1549
C1-set               PF07654.19    86 >LH00406:11:22GHGVLT3:1:1101:29191:29183 -             81     0.041   14.4   0.0   1   1   2.2e-06     0.045   14.3   0.0    13    44    16    48    10    73 0.87 Immunoglobulin C1-set domain
HHH_6                PF14579.10    90 >LH00406:11:22GHGVLT3:1:1101:19788:29199 -             74   5.3e-12   46.0   0.0   1   2      0.39   8.1e+03   -2.7   0.0    50    54    14    18     3    27 0.49 Helix-hairpin-helix motif
HHH_6                PF14579.10    90 >LH00406:11:22GHGVLT3:1:1101:19788:29199 -             74   5.3e-12   46.0   0.0   2   2   4.5e-16   9.3e-12   45.2   0.0     2    45    30    74    29    74 0.92 Helix-hairpin-helix motif
Virulence_RhuM       PF13310.10   253 >LH00406:11:22GHGVLT3:1:1101:9044:29231 -             57   1.9e-22   80.0   0.0   1   1   9.7e-27     2e-22   79.9   0.0   106   160     1    55     1    57 0.96 Virulence protein RhuM family
MatE                 PF01554.22   161 >LH00406:11:22GHGVLT3:1:1101:48876:29231 -             76   2.4e-10   40.5   0.2   1   1   1.3e-14   2.6e-10   40.4   0.2    47   111    10    74     3    76 0.95 MatE
ABC_tran             PF00005.31   137 >LH00406:11:22GHGVLT3:1:1101:28387:29263 -             50   3.1e-06   28.1   0.0   1   1     9e-10   3.1e-06   28.1   0.0    18    45     1    28     1    49 0.84 ABC transporter
AAA_21               PF13304.10   304 >LH00406:11:22GHGVLT3:1:1101:28387:29263 -             50      0.02   15.0   0.1   1   1   5.9e-06      0.02   15.0   0.1     6    49     1    38     1    48 0.78 AAA domain, putative AbiEii toxin, Type IV TA system
DUF5906              PF19263.3    113 >LH00406:11:22GHGVLT3:1:1101:28387:29263 -             50     0.025   15.4   0.1   1   1   7.1e-06     0.025   15.4   0.1     3    27     1    22     1    45 0.70 Family of unknown function (DUF5906)
CLP1_P               PF16575.9    188 >LH00406:11:22GHGVLT3:1:1101:28387:29263 -             50     0.074   13.1   0.1   1   1   2.5e-05     0.086   12.8   0.1     1    17     1    17     1    25 0.90 mRNA cleavage and polyadenylation factor CLP1 P-loop
AAA_29               PF13555.10    61 >LH00406:11:22GHGVLT3:1:1101:28387:29263 -             50      0.11   12.4   0.3   1   2   7.8e-05      0.27   11.2   0.2    29    39     1    11     1    25 0.89 P-loop containing region of AAA domain
AAA_29               PF13555.10    61 >LH00406:11:22GHGVLT3:1:1101:28387:29263 -             50      0.11   12.4   0.3   2   2      0.35   1.2e+03   -0.5   0.0     9    21    33    45    21    50 0.65 P-loop containing region of AAA domain
AAA                  PF00004.33   131 >LH00406:11:22GHGVLT3:1:1101:28387:29263 -             50      0.15   12.7   0.0   1   1   4.3e-05      0.15   12.7   0.0     5    35     1    31     1    48 0.76 ATPase family associated with various cellular activities (AAA)
Chorismate_synt      PF01264.25   324 >LH00406:11:22GHGVLT3:1:1101:50568:29279 -             80   2.9e-18   65.9   0.1   1   1   1.5e-22   3.1e-18   65.8   0.1   193   247     1    61     1    74 0.89 Chorismate synthase
NusG                 PF02357.23    93 >LH00406:11:22GHGVLT3:1:1101:32622:29295 -             67   6.9e-08   33.1   0.1   1   1   3.6e-12   7.4e-08   33.0   0.1    10    61     2    56     1    64 0.89 Transcription termination factor nusG
HHH_2                PF12826.11    64 >LH00406:11:22GHGVLT3:1:1101:16589:29327 -             77   0.00085   19.6   0.0   1   1   1.1e-07    0.0012   19.2   0.0    19    59     1    39     1    42 0.92 Helix-hairpin-helix motif
HHH_5                PF14520.10    57 >LH00406:11:22GHGVLT3:1:1101:16589:29327 -             77      0.03   15.0   0.0   1   1   3.7e-06     0.038   14.6   0.0    18    49     1    29     1    35 0.91 Helix-hairpin-helix domain
GH43_C2              PF17851.5    203 >LH00406:11:22GHGVLT3:1:1101:39492:29343 -             57     1e-06   28.8   0.1   1   1   5.2e-11   1.1e-06   28.7   0.1   171   202     4    36     1    37 0.92 Beta xylosidase C-terminal Concanavalin A-like domain
HAUS-augmin3         PF14932.10   260 >LH00406:11:22GHGVLT3:1:1101:16367:29359 -             73      0.34   10.6   0.4   1   1   1.9e-05       0.4   10.3   0.4     4    21    14    31    10    33 0.85 HAUS augmin-like complex subunit 3
Phe_tRNA-synt_N      PF02912.22    69 >LH00406:11:22GHGVLT3:1:1101:16358:29375 -             74   4.8e-07   29.8   0.6   1   1     1e-10   7.1e-07   29.3   0.6    30    65     1    36     1    40 0.94 Aminoacyl tRNA synthetase class II, N-terminal domain
DUF6468              PF20072.3     76 >LH00406:11:22GHGVLT3:1:1101:16358:29375 -             74      0.05   13.9   0.1   1   1     1e-05      0.07   13.5   0.1    26    56    13    43    12    48 0.93 Domain of unknown function (DUF6468)
tRNA-synt_2d         PF01409.24   246 >LH00406:11:22GHGVLT3:1:1101:16358:29375 -             74     0.094   12.4   0.0   1   1   1.9e-05      0.13   11.9   0.0     2    35    41    74    40    74 0.91 tRNA synthetases class II core domain (F)
VinK_C               PF21124.1     62 >LH00406:11:22GHGVLT3:1:1101:18022:29375 -             77     0.051   14.3   0.1   1   1   5.4e-06      0.11   13.2   0.1    10    29    32    51    25    69 0.87 VinK acyltransferase small domain
Ku_PK_bind           PF08785.15   120 >LH00406:11:22GHGVLT3:1:1101:18577:29375 -             87    0.0053   17.1   0.1   1   1     9e-07    0.0063   16.9   0.1    12    73    18    79     8    85 0.88 Ku C terminal domain like
Pox_vIL-18BP         PF05566.16   126 >LH00406:11:22GHGVLT3:1:1101:18577:29375 -             87     0.027   14.9   0.0   1   1   4.5e-06     0.031   14.7   0.0    46   102     7    63     4    83 0.89 Orthopoxvirus interleukin 18 binding protein
Minor_capsid_3       PF12691.11   117 >LH00406:11:22GHGVLT3:1:1101:18577:29375 -             87      0.14   12.5   0.0   1   1   2.2e-05      0.15   12.4   0.0    44    73    12    41     2    67 0.84 Bacteriophage minor capsid protein
TSP3_bac             PF18884.4     22 >LH00406:11:22GHGVLT3:1:1101:51881:29375 -             68      0.22   11.6   0.4   1   3     1e-05      0.22   11.6   0.4     3    15     1    13     1    14 0.87 Bacterial TSP3 repeat
TSP3_bac             PF18884.4     22 >LH00406:11:22GHGVLT3:1:1101:51881:29375 -             68      0.22   11.6   0.4   2   3    0.0073   1.5e+02    2.5   2.3     1     6    11    16    11    20 0.83 Bacterial TSP3 repeat
TSP3_bac             PF18884.4     22 >LH00406:11:22GHGVLT3:1:1101:51881:29375 -             68      0.22   11.6   0.4   3   3      0.18   3.8e+03   -1.9   0.1     8    14    49    55    48    56 0.64 Bacterial TSP3 repeat
YARHG                PF13308.10    84 >LH00406:11:22GHGVLT3:1:1101:36653:29391 -             81    0.0051   16.9   0.1   1   1   3.3e-07    0.0068   16.5   0.1    52    83     2    32     1    33 0.89 YARHG domain
DeoC                 PF01791.13   229 >LH00406:11:22GHGVLT3:1:1101:17208:29407 -             80   1.3e-11   44.7   0.7   1   1   1.5e-15   1.5e-11   44.5   0.7   112   188     4    73     2    77 0.96 DeoC/LacD family aldolase
CLIP_SPH_mas         PF18398.5     33 >LH00406:11:22GHGVLT3:1:1101:17208:29407 -             80     0.041   14.5   1.0   1   2   7.7e-06      0.08   13.5   0.4    14    31     2    20     1    20 0.96 Clip-domain serine protease homolog masquerade
CLIP_SPH_mas         PF18398.5     33 >LH00406:11:22GHGVLT3:1:1101:17208:29407 -             80     0.041   14.5   1.0   2   2         1     1e+04   -2.8   0.0    14    18    67    71    63    75 0.68 Clip-domain serine protease homolog masquerade
PS_pyruv_trans       PF04230.17   281 >LH00406:11:22GHGVLT3:1:1101:33925:29407 -             78   1.4e-10   41.7   0.1   1   1   7.1e-15   1.5e-10   41.7   0.1   231   279    15    63     2    65 0.87 Polysaccharide pyruvyl transferase
DUF2914              PF11141.12    62 >LH00406:11:22GHGVLT3:1:1101:26815:29423 -             82     0.013   15.4   1.9   1   1     9e-07     0.019   14.9   1.9     5    44    37    79    28    79 0.83 Protein of unknown function (DUF2914)
CarbopepD_reg_2      PF13715.10    88 >LH00406:11:22GHGVLT3:1:1101:19964:29439 -             88   1.7e-11   44.2   0.1   1   2      0.47   4.9e+03   -2.2   0.1    48    57    11    20     2    24 0.52 CarboxypepD_reg-like domain
CarbopepD_reg_2      PF13715.10    88 >LH00406:11:22GHGVLT3:1:1101:19964:29439 -             88   1.7e-11   44.2   0.1   2   2   3.3e-15   3.4e-11   43.2   0.0     1    59    25    86    25    88 0.84 CarboxypepD_reg-like domain
CarboxypepD_reg      PF13620.10    82 >LH00406:11:22GHGVLT3:1:1101:19964:29439 -             88   3.2e-10   40.5   0.0   1   1   4.3e-14   4.4e-10   40.0   0.0     1    63    24    86    24    88 0.90 Carboxypeptidase regulatory-like domain
Hexapep              PF00132.28    36 >LH00406:11:22GHGVLT3:1:1101:12872:29488 -             42   4.4e-06   26.4   6.4   1   1   2.8e-10   5.7e-06   26.0   6.4     1    29    14    42    14    42 0.96 Bacterial transferase hexapeptide (six repeats)
Kelch_1              PF01344.29    46 >LH00406:11:22GHGVLT3:1:1101:30957:29488 -             80     7e-08   32.1   0.5   1   2   2.3e-06     0.008   15.9   0.1     6    35     4    33     1    36 0.87 Kelch motif
Kelch_1              PF01344.29    46 >LH00406:11:22GHGVLT3:1:1101:30957:29488 -             80     7e-08   32.1   0.5   2   2   4.6e-06     0.016   15.0   0.1     4    29    53    78    52    79 0.87 Kelch motif
Kelch_2              PF07646.19    48 >LH00406:11:22GHGVLT3:1:1101:30957:29488 -             80   0.00023   21.2   0.6   1   2     0.001       3.5    8.0   0.1     7    31     5    27     1    36 0.82 Kelch motif
Kelch_2              PF07646.19    48 >LH00406:11:22GHGVLT3:1:1101:30957:29488 -             80   0.00023   21.2   0.6   2   2   5.4e-05      0.19   12.0   0.0     6    26    55    75    50    79 0.77 Kelch motif
Kelch_4              PF13418.10    49 >LH00406:11:22GHGVLT3:1:1101:30957:29488 -             80    0.0036   17.4   0.0   1   2   5.2e-05      0.18   12.0   0.0     8    34     5    30     2    48 0.75 Galactose oxidase, central domain
Kelch_4              PF13418.10    49 >LH00406:11:22GHGVLT3:1:1101:30957:29488 -             80    0.0036   17.4   0.0   2   2     0.021        73    3.6   0.0    11    23    59    71    54    78 0.76 Galactose oxidase, central domain
Kelch_3              PF13415.10    48 >LH00406:11:22GHGVLT3:1:1101:30957:29488 -             80    0.0041   17.4   0.0   1   2   0.00026       0.9   10.0   0.0     1    37     9    45     9    51 0.83 Galactose oxidase, central domain
Kelch_3              PF13415.10    48 >LH00406:11:22GHGVLT3:1:1101:30957:29488 -             80    0.0041   17.4   0.0   2   2    0.0052        18    5.9   0.0     1    15    60    74    60    80 0.76 Galactose oxidase, central domain
Kelch_6              PF13964.10    50 >LH00406:11:22GHGVLT3:1:1101:30957:29488 -             80     0.012   15.7   0.2   1   2    0.0069        24    5.3   0.0     5    19     3    17     1    36 0.76 Kelch motif
Kelch_6              PF13964.10    50 >LH00406:11:22GHGVLT3:1:1101:30957:29488 -             80     0.012   15.7   0.2   2   2   0.00056       1.9    8.8   0.0     6    23    55    72    50    79 0.81 Kelch motif
Kelch_5              PF13854.10    42 >LH00406:11:22GHGVLT3:1:1101:30957:29488 -             80      0.16   12.0   0.1   1   2    0.0023       8.1    6.5   0.0     7    25     2    20     1    28 0.82 Kelch motif
Kelch_5              PF13854.10    42 >LH00406:11:22GHGVLT3:1:1101:30957:29488 -             80      0.16   12.0   0.1   2   2     0.017        59    3.8   0.0     1    24    47    70    47    79 0.79 Kelch motif
Adenylsucc_synt      PF00709.25   415 >LH00406:11:22GHGVLT3:1:1101:49209:29488 -             72   2.7e-10   39.8   0.0   1   1   1.5e-14   3.1e-10   39.6   0.0   377   415     1    39     1    39 0.96 Adenylosuccinate synthetase
NAPRTase             PF04095.20   239 >LH00406:11:22GHGVLT3:1:1101:23477:29504 -             52   0.00067   19.6   0.0   1   1   3.7e-08   0.00078   19.4   0.0     3    29    24    49    22    52 0.88 Nicotinate phosphoribosyltransferase (NAPRTase) family
Aa_trans             PF01490.22   410 >LH00406:11:22GHGVLT3:1:1101:4255:29520 -             60     0.014   14.3   2.1   1   1   7.7e-07     0.016   14.1   2.1    95   138     9    53     8    59 0.77 Transmembrane amino acid transporter protein
Cas_Csd1             PF09709.14   555 >LH00406:11:22GHGVLT3:1:1101:6011:29520 -             73   3.5e-10   39.4   0.0   1   1   3.5e-14   3.7e-10   39.3   0.0    34   105     1    70     1    73 0.82 CRISPR-associated protein (Cas_Csd1)
GRASP55_65           PF04495.18   138 >LH00406:11:22GHGVLT3:1:1101:6011:29520 -             73     0.051   14.1   0.0   1   1   5.4e-06     0.056   14.0   0.0    32    92     7    69     2    71 0.86 GRASP55/65 PDZ-like domain
Citrate_synt         PF00285.25   356 >LH00406:11:22GHGVLT3:1:1101:24846:29536 -             60   3.6e-11   42.9   0.0   1   1   1.8e-15   3.8e-11   42.8   0.0    19    57    11    58     4    60 0.88 Citrate synthase, C-terminal domain
YtxH                 PF12732.11    71 >LH00406:11:22GHGVLT3:1:1101:37420:29536 -             74   5.2e-10   39.8   1.2   1   1   3.1e-14   6.5e-10   39.5   1.2     2    33    36    67    35    71 0.91 YtxH-like protein
VF530                PF09905.13    63 >LH00406:11:22GHGVLT3:1:1101:21600:29552 -             82     0.092   13.1   0.1   1   1   6.4e-06      0.13   12.6   0.1    22    50    30    58    30    63 0.96 DNA-binding protein VF530
IR1-M                PF12185.12    61 >LH00406:11:22GHGVLT3:1:1101:34970:29552 -             46     0.093   12.8   0.4   1   1   5.1e-06      0.11   12.7   0.4    29    59     5    36     4    38 0.88 Nup358/RanBP2 E3 ligase domain
HTH_18               PF12833.11    81 >LH00406:11:22GHGVLT3:1:1101:8942:29568 -             75   1.6e-05   25.4   0.0   1   2       2.3   9.7e+03   -2.8   0.0    34    39    22    27    13    38 0.53 Helix-turn-helix domain
HTH_18               PF12833.11    81 >LH00406:11:22GHGVLT3:1:1101:8942:29568 -             75   1.6e-05   25.4   0.0   2   2   6.4e-09   2.7e-05   24.6   0.0     3    34    44    75    42    75 0.95 Helix-turn-helix domain
HTH_8                PF02954.23    42 >LH00406:11:22GHGVLT3:1:1101:8942:29568 -             75    0.0024   17.8   0.3   1   2       1.4     6e+03   -2.7   0.1     3    10    14    21    10    23 0.61 Bacterial regulatory protein, Fis family
HTH_8                PF02954.23    42 >LH00406:11:22GHGVLT3:1:1101:8942:29568 -             75    0.0024   17.8   0.3   2   2     1e-06    0.0043   17.0   0.0     7    41    25    59    25    60 0.96 Bacterial regulatory protein, Fis family
HTH_AraC             PF00165.27    42 >LH00406:11:22GHGVLT3:1:1101:8942:29568 -             75     0.012   15.9   0.0   1   1     4e-06     0.017   15.5   0.0    22    42    50    70    30    70 0.83 Bacterial regulatory helix-turn-helix proteins, AraC family
PP2C_C               PF07830.17    80 >LH00406:11:22GHGVLT3:1:1101:8942:29568 -             75     0.079   13.6   0.4   1   1   2.3e-05     0.097   13.3   0.4    21    54    12    46     4    60 0.80 Protein serine/threonine phosphatase 2C, C-terminal domain
DUF4487              PF14868.10   583 >LH00406:11:22GHGVLT3:1:1101:8942:29568 -             75      0.13   11.1   0.1   1   1   3.4e-05      0.14   10.9   0.1   120   170     3    53     1    61 0.91 Domain of unknown function (DUF4487)
SesA                 PF17107.9    122 >LH00406:11:22GHGVLT3:1:1101:24920:29568 -             72     0.025   14.9   6.8   1   1   3.2e-05     0.029   14.7   6.8    25    78    17    69     3    70 0.89 N-terminal domain on NACHT_NTPase and P-loop NTPases
DUF4349              PF14257.10   213 >LH00406:11:22GHGVLT3:1:1101:24920:29568 -             72     0.036   13.6   5.2   1   1   4.6e-05     0.042   13.4   5.2   115   170    11    65     4    71 0.84 Domain of unknown function (DUF4349)
Seryl_tRNA_N         PF02403.26   108 >LH00406:11:22GHGVLT3:1:1101:24920:29568 -             72     0.068   13.6  14.5   1   1   7.8e-05      0.07   13.6  14.5    42    97    17    71     2    72 0.85 Seryl-tRNA synthetase N-terminal domain
OEP                  PF02321.22   187 >LH00406:11:22GHGVLT3:1:1101:24920:29568 -             72     0.086   12.8  15.1   1   1   0.00011     0.098   12.6  15.1   112   180     9    71     2    72 0.74 Outer membrane efflux protein
Rx_N                 PF18052.5     93 >LH00406:11:22GHGVLT3:1:1101:24920:29568 -             72       0.2   12.0   5.2   1   1   0.00056       0.5   10.7   5.2     9    62     2    54     1    70 0.82 Rx N-terminal domain
Uso1_p115_C          PF04871.17   121 >LH00406:11:22GHGVLT3:1:1101:24920:29568 -             72       0.6   10.6  20.6   1   1   0.00078      0.71   10.4  20.6    12    77     8    72     3    72 0.83 Uso1 / p115 like vesicle tethering protein, C terminal region
DUF3450              PF11932.12   241 >LH00406:11:22GHGVLT3:1:1101:24920:29568 -             72      0.72    9.3  13.1   1   1   0.00084      0.76    9.2  13.1     4    66     3    70     1    72 0.81 Protein of unknown function (DUF3450)
UPF0242              PF06785.15   194 >LH00406:11:22GHGVLT3:1:1101:24920:29568 -             72      0.97    9.6   9.6   1   1    0.0012         1    9.5   9.6    82   142    10    72     2    72 0.82 Uncharacterised protein family (UPF0242) N-terminus
Ufd2P_core           PF10408.13   628 >LH00406:11:22GHGVLT3:1:1101:24920:29568 -             72      0.97    8.0   5.8   1   1    0.0012       1.1    7.9   5.8   188   238    17    68     3    71 0.63 Ubiquitin elongating factor core
Knl1_RWD_C           PF18210.5    151 >LH00406:11:22GHGVLT3:1:1101:24920:29568 -             72       1.9    8.8  19.9   1   1    0.0026       2.3    8.5  19.9     2    49    20    70    17    72 0.74 Knl1 RWD C-terminal domain
DUF4407              PF14362.10   297 >LH00406:11:22GHGVLT3:1:1101:24920:29568 -             72       1.9    7.9  14.0   1   1    0.0021       1.9    8.0  14.0   190   237    17    64     4    72 0.60 Domain of unknown function (DUF4407)
PRTRC_E              PF19556.3    175 >LH00406:11:22GHGVLT3:1:1101:24920:29568 -             72         2    8.3  14.9   1   1    0.0025       2.3    8.1  14.9    67   126    11    70     8    72 0.93 PRTRC system protein E
APG6_N               PF17675.5    132 >LH00406:11:22GHGVLT3:1:1101:24920:29568 -             72       2.6    8.7  18.0   1   1    0.0035       3.2    8.4  18.0    44    97    15    71     2    72 0.67 Apg6 coiled-coil region
DUF4337              PF14235.10   160 >LH00406:11:22GHGVLT3:1:1101:24920:29568 -             72       2.8    8.3  17.5   1   1    0.0035       3.2    8.1  17.5    52   112    17    70     5    72 0.51 Domain of unknown function (DUF4337)
EMC3_TMCO1           PF01956.20   170 >LH00406:11:22GHGVLT3:1:1101:24920:29568 -             72         3    7.8   6.4   1   1    0.0038       3.4    7.6   6.4    23    79     3    59     1    70 0.52 Integral membrane protein EMC3/TMCO1-like
Plasmid_RAQPRD       PF09686.14    76 >LH00406:11:22GHGVLT3:1:1101:24920:29568 -             72       3.4    8.1   8.5   1   1    0.0078         7    7.1   8.5     6    33    24    51    13    71 0.64 Plasmid protein of unknown function (Plasmid_RAQPRD)
FapA                 PF03961.17   272 >LH00406:11:22GHGVLT3:1:1101:24920:29568 -             72       4.1    7.1  10.3   1   1    0.0049       4.4    7.0  10.3   162   225    17    70     3    72 0.56 Flagellar Assembly Protein A beta solenoid domain
HA2_C                PF21010.1     77 >LH00406:11:22GHGVLT3:1:1101:24920:29568 -             72       4.6    8.0   9.7   1   1     0.017        16    6.4   9.7    25    52     2    51     1    72 0.66 Helicase associated domain (HA2), ratchet-like
V_ATPase_I           PF01496.23   815 >LH00406:11:22GHGVLT3:1:1101:24920:29568 -             72       4.8    5.2   6.8   1   1    0.0054       4.9    5.1   6.8    82   138     7    63     2    72 0.59 V-type ATPase 116kDa subunit family
GrpE                 PF01025.23   165 >LH00406:11:22GHGVLT3:1:1101:24920:29568 -             72       5.1    6.9  16.6   1   1     0.011       9.6    6.0  16.6     9    61     9    63     4    72 0.64 GrpE
ATP-synt_B           PF00430.22   132 >LH00406:11:22GHGVLT3:1:1101:24920:29568 -             72         7    6.9  24.9   1   1     0.011        10    6.4  24.9    43   100    17    71     7    72 0.74 ATP synthase B/B' CF(0)
DUF3138              PF11336.12   525 >LH00406:11:22GHGVLT3:1:1101:24920:29568 -             72       8.5    5.1   8.7   1   1    0.0098       8.9    5.0   8.7    23    77     9    61     2    71 0.69 Protein of unknown function (DUF3138)
AAA_23               PF13476.10   201 >LH00406:11:22GHGVLT3:1:1101:24920:29568 -             72       8.8    7.1  13.0   1   1    0.0099       8.9    7.0  13.0   145   196    17    67     3    72 0.53 AAA domain
Arm-DNA-bind_5       PF17293.6     87 >LH00406:11:22GHGVLT3:1:1101:9710:29616 -             41     0.049   14.3   0.1   1   1   4.7e-06     0.049   14.3   0.1    50    79     8    37     1    41 0.89 Arm DNA-binding domain
7tm_7                PF08395.16   370 >LH00406:11:22GHGVLT3:1:1101:9710:29616 -             41      0.18   11.3   0.2   1   1   1.8e-05      0.19   11.2   0.2   312   335     9    32     4    34 0.84 7tm Chemosensory receptor
Sulfatase            PF00884.27   301 >LH00406:11:22GHGVLT3:1:1101:39307:29632 -             73    0.0004   20.0   0.2   1   1   2.1e-08   0.00044   19.9   0.2   235   280     8    52     6    71 0.76 Sulfatase
Phi-29_GP16_7        PF06720.15   130 >LH00406:11:22GHGVLT3:1:1101:43430:29664 -             89      0.01   15.8   1.7   1   1   2.2e-06     0.012   15.7   1.7    15    90     9    80     5    89 0.82 Bacteriophage phi-29 early protein GP16.7
DUF4200              PF13863.10   119 >LH00406:11:22GHGVLT3:1:1101:43430:29664 -             89      0.19   12.3  12.7   1   1     4e-05      0.21   12.1  12.7     1    87     2    88     2    89 0.97 Domain of unknown function (DUF4200)
AviRa                PF11599.12   232 >LH00406:11:22GHGVLT3:1:1101:43430:29664 -             89      0.31   10.7   2.8   1   1   6.3e-05      0.33   10.6   2.8    96   160     6    66     1    84 0.68 RRNA methyltransferase AviRa
BRE1                 PF08647.15    95 >LH00406:11:22GHGVLT3:1:1101:43430:29664 -             89      0.32   11.3   9.9   1   1   6.9e-05      0.36   11.1   9.9     1    73     5    77     5    89 0.92 BRE1 E3 ubiquitin ligase
DUF4827              PF16109.9    178 >LH00406:11:22GHGVLT3:1:1101:38724:29712 -             78   9.7e-14   52.0   0.3   1   1     1e-17     1e-13   51.9   0.3    61   128     1    77     1    78 0.90 Domain of unknown function (DUF4827)
EAD11                PF19964.3     80 >LH00406:11:22GHGVLT3:1:1101:38724:29712 -             78     0.034   14.3   0.0   1   1   3.9e-06     0.041   14.0   0.0     8    47     9    48     7    60 0.91 Effector-associated domain 11
Amidase_3            PF01520.22   174 >LH00406:11:22GHGVLT3:1:1101:2452:29728 -             70     0.059   13.6   0.2   1   1   4.7e-06     0.099   12.9   0.2     1    16    48    63    48    69 0.86 N-acetylmuramoyl-L-alanine amidase
TetR_C_29            PF17938.5    119 >LH00406:11:22GHGVLT3:1:1102:37633:1064 -             84      0.11   12.8   0.1   1   1   6.5e-06      0.14   12.5   0.1    59    99     2    46     1    58 0.80 Tetracyclin repressor-like, C-terminal domain
CDP-OH_P_transf      PF01066.25   152 >LH00406:11:22GHGVLT3:1:1102:37236:1080 -             54     3e-11   44.1   0.1   1   1   1.5e-15     3e-11   44.1   0.1    41    81     2    44     1    53 0.90 CDP-alcohol phosphatidyltransferase
DUF2399              PF09664.14   152 >LH00406:11:22GHGVLT3:1:1102:20047:1128 -             80    0.0012   18.8   0.0   1   1   1.3e-07    0.0013   18.7   0.0    76   145     2    79     1    79 0.76 Protein of unknown function C-terminus (DUF2399)
JetD_C               PF09983.13   181 >LH00406:11:22GHGVLT3:1:1102:20047:1128 -             80     0.012   15.2   0.0   1   1   1.2e-06     0.013   15.1   0.0    94   172     2    78     1    79 0.85 Wadjet protein JetD, C-terminal
RNase_H_2            PF13482.10   163 >LH00406:11:22GHGVLT3:1:1102:37014:1144 -             62   2.2e-11   44.1   0.0   1   1   2.3e-15   2.4e-11   44.0   0.0     1    57     5    61     5    62 0.91 RNase_H superfamily
RNase_T              PF00929.28   164 >LH00406:11:22GHGVLT3:1:1102:37014:1144 -             62    0.0045   17.8   0.0   1   1   5.1e-07    0.0053   17.5   0.0     1    39     5    42     5    60 0.83 Exonuclease
Hpt                  PF01627.27    84 >LH00406:11:22GHGVLT3:1:1102:8989:1160 -             67      0.08   13.4   0.1   1   1   4.9e-06       0.1   13.0   0.1    46    78     4    37     2    42 0.88 Hpt domain
Glyco_hydro_20b      PF02838.19   124 >LH00406:11:22GHGVLT3:1:1102:18780:1176 -             65   5.1e-11   43.5   0.1   1   1   2.5e-15   5.2e-11   43.5   0.1    72   116    17    62     3    65 0.82 Glycosyl hydrolase family 20, domain 2
Acetyltransf_11      PF13720.10    82 >LH00406:11:22GHGVLT3:1:1102:7611:1208 -             62   2.3e-08   34.5   0.0   1   1   1.4e-12     3e-08   34.1   0.0     1    39    24    62    24    62 0.98 Udp N-acetylglucosamine O-acyltransferase; Domain 2
EPSP_synthase        PF00275.24   417 >LH00406:11:22GHGVLT3:1:1102:25456:1240 -             71   7.6e-14   51.4   0.0   1   1   4.1e-18   8.5e-14   51.3   0.0   119   185     5    70     3    71 0.95 EPSP synthase (3-phosphoshikimate 1-carboxyvinyltransferase)
CarbopepD_reg_2      PF13715.10    88 >LH00406:11:22GHGVLT3:1:1102:18429:1272 -             69   2.4e-15   56.5   0.4   1   1     4e-19   2.8e-15   56.3   0.4     1    57    14    68    14    69 0.95 CarboxypepD_reg-like domain
CarboxypepD_reg      PF13620.10    82 >LH00406:11:22GHGVLT3:1:1102:18429:1272 -             69   1.5e-10   41.5   0.4   1   1   2.5e-14   1.7e-10   41.3   0.4     1    61    13    68    13    69 0.92 Carboxypeptidase regulatory-like domain
CooC_C               PF15976.9     93 >LH00406:11:22GHGVLT3:1:1102:18429:1272 -             69   0.00042   20.5   0.1   1   1   6.9e-08   0.00048   20.3   0.1    24    60    20    58     5    67 0.83 CS1-pili formation C-terminal
DciA                 PF05258.16    89 >LH00406:11:22GHGVLT3:1:1102:30874:1272 -             70   9.5e-06   25.9   0.0   1   1   5.3e-10   1.1e-05   25.7   0.0     1    41    31    70    31    70 0.96 Dna[CI] antecedent, DciA
NVEALA               PF14055.10    64 >LH00406:11:22GHGVLT3:1:1102:15184:1288 -             48      0.13   12.4   0.2   1   1   7.1e-06      0.15   12.2   0.2     3    31    10    38     8    42 0.84 NVEALA protein
SusD-like_3          PF14322.10   192 >LH00406:11:22GHGVLT3:1:1102:31928:1304 -             52   6.2e-09   36.6   0.0   1   1   3.2e-13   6.6e-09   36.5   0.0   119   166     1    52     1    52 0.88 Starch-binding associating with outer membrane
MatE                 PF01554.22   161 >LH00406:11:22GHGVLT3:1:1102:19076:1369 -             73   7.7e-11   42.1   1.3   1   1   3.9e-15   8.1e-11   42.1   1.3    19    88     4    73     1    73 0.97 MatE
TerL_nuclease        PF20441.2    286 >LH00406:11:22GHGVLT3:1:1102:3432:1401 -             70      0.21   10.9   0.0   1   1   1.1e-05      0.22   10.8   0.0   208   248    24    64    10    68 0.85 Terminase large subunit, endonuclease domain
Fer4_7               PF12838.11    52 >LH00406:11:22GHGVLT3:1:1102:28193:1401 -             78   2.1e-08   34.7  12.9   1   1   2.1e-11   2.7e-08   34.3  12.9     2    50    16    62    15    63 0.93 4Fe-4S dicluster domain
Fer4                 PF00037.31    24 >LH00406:11:22GHGVLT3:1:1102:28193:1401 -             78   1.9e-07   30.8  20.8   1   2   6.8e-05     0.089   12.9   8.1     2    24    10    32     9    32 0.92 4Fe-4S binding domain
Fer4                 PF00037.31    24 >LH00406:11:22GHGVLT3:1:1102:28193:1401 -             78   1.9e-07   30.8  20.8   2   2   1.9e-08   2.4e-05   24.1   4.7     1    18    43    60    43    62 0.96 4Fe-4S binding domain
Fer4_6               PF12837.11    24 >LH00406:11:22GHGVLT3:1:1102:28193:1401 -             78   4.5e-07   29.7  20.4   1   2    0.0032       4.2    7.7   8.5     5    24    12    31    10    31 0.91 4Fe-4S binding domain
Fer4_6               PF12837.11    24 >LH00406:11:22GHGVLT3:1:1102:28193:1401 -             78   4.5e-07   29.7  20.4   2   2   1.1e-09   1.5e-06   28.1   4.0     2    22    43    63    42    64 0.93 4Fe-4S binding domain
Fer4_9               PF13187.10    50 >LH00406:11:22GHGVLT3:1:1102:28193:1401 -             78   1.2e-06   28.7  11.6   1   1   1.2e-09   1.6e-06   28.2  11.6     2    46    16    61    10    64 0.91 4Fe-4S dicluster domain
Fer4_21              PF14697.10    59 >LH00406:11:22GHGVLT3:1:1102:28193:1401 -             78   1.4e-06   28.5  14.9   1   1   2.2e-09   2.8e-06   27.5  14.9     5    53    13    62     7    67 0.86 4Fe-4S dicluster domain
Fer4_2               PF12797.11    22 >LH00406:11:22GHGVLT3:1:1102:28193:1401 -             78     1e-05   25.3  17.0   1   2     0.012        15    6.0   7.2     5    21    11    27     7    28 0.79 4Fe-4S binding domain
Fer4_2               PF12797.11    22 >LH00406:11:22GHGVLT3:1:1102:28193:1401 -             78     1e-05   25.3  17.0   2   2   9.1e-09   1.2e-05   25.2   2.1     2    21    42    61    41    62 0.92 4Fe-4S binding domain
Fer4_10              PF13237.10    56 >LH00406:11:22GHGVLT3:1:1102:28193:1401 -             78   5.5e-05   23.3  10.6   1   2    0.0002      0.26   11.5   3.2    39    55    10    26     4    37 0.71 4Fe-4S dicluster domain
Fer4_10              PF13237.10    56 >LH00406:11:22GHGVLT3:1:1102:28193:1401 -             78   5.5e-05   23.3  10.6   2   2   4.7e-06    0.0061   16.7   0.8     3    21    44    61    42    74 0.79 4Fe-4S dicluster domain
Fer4_8               PF13183.10    70 >LH00406:11:22GHGVLT3:1:1102:28193:1401 -             78   0.00016   22.3   9.8   1   2    0.0033       4.3    8.1   3.0    55    67    15    27     5    37 0.70 4Fe-4S dicluster domain
Fer4_8               PF13183.10    70 >LH00406:11:22GHGVLT3:1:1102:28193:1401 -             78   0.00016   22.3   9.8   2   2   1.5e-06     0.002   18.8   0.6     3    21    48    66    46    76 0.81 4Fe-4S dicluster domain
Fer4_16              PF13484.10    67 >LH00406:11:22GHGVLT3:1:1102:28193:1401 -             78   0.00063   20.7  14.5   1   2   7.3e-05     0.095   13.7   5.3     2    20    16    34    15    39 0.91 4Fe-4S double cluster binding domain
Fer4_16              PF13484.10    67 >LH00406:11:22GHGVLT3:1:1102:28193:1401 -             78   0.00063   20.7  14.5   2   2   0.00016      0.21   12.6   1.7    51    67    47    63    41    63 0.81 4Fe-4S double cluster binding domain
Fer4_17              PF13534.10    61 >LH00406:11:22GHGVLT3:1:1102:28193:1401 -             78    0.0017   19.0  12.2   1   2    0.0015         2    9.2   4.6    41    59    11    29     3    30 0.78 4Fe-4S dicluster domain
Fer4_17              PF13534.10    61 >LH00406:11:22GHGVLT3:1:1102:28193:1401 -             78    0.0017   19.0  12.2   2   2   2.5e-05     0.033   14.9   0.9     1    20    49    68    48    76 0.78 4Fe-4S dicluster domain
Fer4_22              PF17179.8     95 >LH00406:11:22GHGVLT3:1:1102:28193:1401 -             78    0.0088   17.1   8.2   1   2    0.0026       3.4    8.8   2.3    73    93     8    28     3    30 0.75 4Fe-4S dicluster domain
Fer4_22              PF17179.8     95 >LH00406:11:22GHGVLT3:1:1102:28193:1401 -             78    0.0088   17.1   8.2   2   2   0.00022      0.28   12.2   0.4    75    92    44    61    36    64 0.80 4Fe-4S dicluster domain
Fer4_4               PF12800.11    17 >LH00406:11:22GHGVLT3:1:1102:28193:1401 -             78     0.011   16.3  19.4   1   2    0.0098        13    6.8   8.1     1    14    13    26    13    29 0.90 4Fe-4S binding domain
Fer4_4               PF12800.11    17 >LH00406:11:22GHGVLT3:1:1102:28193:1401 -             78     0.011   16.3  19.4   2   2   1.6e-05      0.02   15.4   3.4     2    15    48    61    47    63 0.90 4Fe-4S binding domain
Fer4_18              PF13746.10   114 >LH00406:11:22GHGVLT3:1:1102:28193:1401 -             78     0.017   15.5   6.5   1   2    0.0017       2.2    8.7   1.0    52    73     7    28     3    40 0.80 4Fe-4S dicluster domain
Fer4_18              PF13746.10   114 >LH00406:11:22GHGVLT3:1:1102:28193:1401 -             78     0.017   15.5   6.5   2   2   0.00047      0.61   10.5   0.4    58    72    47    61    41    73 0.83 4Fe-4S dicluster domain
Fer4_3               PF12798.11    15 >LH00406:11:22GHGVLT3:1:1102:28193:1401 -             78     0.048   14.7   3.6   1   2     0.034        44    5.5  10.2     1    15    16    30    16    30 0.95 4Fe-4S binding domain
Fer4_3               PF12798.11    15 >LH00406:11:22GHGVLT3:1:1102:28193:1401 -             78     0.048   14.7   3.6   2   2   3.7e-05     0.048   14.7   3.6     1    14    50    63    50    64 0.93 4Fe-4S binding domain
Fer4_13              PF13370.10    58 >LH00406:11:22GHGVLT3:1:1102:28193:1401 -             78     0.055   14.3   2.2   1   2     0.037        48    4.9   4.8     5    16    15    26    12    38 0.86 4Fe-4S single cluster domain of Ferredoxin I
Fer4_13              PF13370.10    58 >LH00406:11:22GHGVLT3:1:1102:28193:1401 -             78     0.055   14.3   2.2   2   2   4.3e-05     0.055   14.3   2.2     1    16    45    60    45    71 0.90 4Fe-4S single cluster domain of Ferredoxin I
Fer4_15              PF13459.10    66 >LH00406:11:22GHGVLT3:1:1102:28193:1401 -             78      0.15   13.0  10.4   1   2    0.0025       3.2    8.7   1.9     7    29    15    38    10    41 0.89 4Fe-4S single cluster domain
Fer4_15              PF13459.10    66 >LH00406:11:22GHGVLT3:1:1102:28193:1401 -             78      0.15   13.0  10.4   2   2    0.0014       1.8    9.5   1.5     2    18    44    60    44    72 0.84 4Fe-4S single cluster domain
GreA_GreB            PF01272.23    77 >LH00406:11:22GHGVLT3:1:1102:38604:1401 -             62      0.17   12.0   0.0   1   1   1.2e-05      0.25   11.5   0.0    29    55    10    36     4    37 0.87 Transcription elongation factor, GreA/GreB, C-term
CobN-Mg_chel         PF02514.20  1090 >LH00406:11:22GHGVLT3:1:1102:15415:1465 -             70   1.2e-22   79.8   0.0   1   1   6.4e-27   1.3e-22   79.7   0.0   729   797     1    70     1    70 0.97 CobN/Magnesium Chelatase
Dsl1_N               PF11988.12   350 >LH00406:11:22GHGVLT3:1:1102:47138:1481 -             59     0.046   12.9   0.1   1   1   2.2e-06     0.046   12.9   0.1    84   119     6    41     1    53 0.88 Retrograde transport protein Dsl1 N terminal
Calx-beta            PF03160.18   101 >LH00406:11:22GHGVLT3:1:1102:10977:1497 -             53     0.013   15.8   0.1   1   1   6.3e-07     0.013   15.8   0.1     2    40     5    43     4    49 0.84 Calx-beta domain
OAD_beta             PF03977.17   349 >LH00406:11:22GHGVLT3:1:1102:41775:1513 -             53   2.3e-16   60.0   2.4   1   1   2.4e-20   2.5e-16   59.9   2.4   256   305     2    53     1    53 0.93 Na+-transporting oxaloacetate decarboxylase beta subunit
fvmX7                PF20005.3    421 >LH00406:11:22GHGVLT3:1:1102:41775:1513 -             53      0.11   11.7   0.0   1   1     1e-05      0.11   11.7   0.0   332   362    16    45     9    51 0.83 FtsH ternary system domain X7
AAA_14               PF13173.10   130 >LH00406:11:22GHGVLT3:1:1102:49357:1513 -             78   8.1e-16   58.4   0.0   1   1   4.4e-20   9.1e-16   58.3   0.0    66   130     1    65     1    65 0.98 AAA domain
Fimbrillin_C         PF15495.10    84 >LH00406:11:22GHGVLT3:1:1102:3191:1529 -             60    0.0001   22.9   0.4   1   1     6e-09   0.00013   22.6   0.4    14    50     9    58     5    60 0.78 Major fimbrial subunit protein type IV, Fimbrillin, C-terminal
Holin_BlyA           PF05102.16    61 >LH00406:11:22GHGVLT3:1:1102:19492:1545 -             56     0.036   14.2   0.3   1   1   2.2e-06     0.046   13.9   0.3     6    34    12    40     9    41 0.91 holin, BlyA family
SCA7                 PF08313.16    68 >LH00406:11:22GHGVLT3:1:1102:11605:1561 -             38      0.13   12.4   0.2   1   1   7.7e-06      0.16   12.1   0.2    37    52    18    33    17    35 0.95 SCA7, zinc-binding domain
ResIII               PF04851.19   164 >LH00406:11:22GHGVLT3:1:1102:42154:1593 -             69   9.8e-16   58.3   0.1   1   1   2.4e-19     1e-15   58.3   0.1    13    76     3    67     1    69 0.89 Type III restriction enzyme, res subunit
DEAD                 PF00270.33   166 >LH00406:11:22GHGVLT3:1:1102:42154:1593 -             69   0.00071   19.6   0.0   1   1   1.8e-07   0.00074   19.5   0.0    18    68    18    67     7    69 0.87 DEAD/DEAH box helicase
SWI2_SNF2            PF18766.5    222 >LH00406:11:22GHGVLT3:1:1102:42154:1593 -             69    0.0023   17.8   0.0   1   1   5.6e-07    0.0023   17.8   0.0    17    70    13    66     1    69 0.84 SWI2/SNF2 ATPase
AAA_7                PF12775.11   181 >LH00406:11:22GHGVLT3:1:1102:42154:1593 -             69      0.13   12.0   0.0   1   1   3.4e-05      0.14   11.9   0.0    32    66    13    47     7    59 0.76 P-loop containing dynein motor region
AAA_19               PF13245.10   135 >LH00406:11:22GHGVLT3:1:1102:42154:1593 -             69      0.17   12.3   0.0   1   1   4.5e-05      0.19   12.1   0.0    14    54    17    66     8    68 0.80 AAA domain
FAM220               PF15487.10   271 >LH00406:11:22GHGVLT3:1:1102:39695:1657 -             88      0.26   11.1   0.0   1   1   1.5e-05      0.32   10.8   0.0   153   174    20    41    12    46 0.87 FAM220 family
Gemini_AC4_5_2       PF08464.14    43 >LH00406:11:22GHGVLT3:1:1102:27878:1689 -             53      0.08   13.1   0.2   1   2      0.17   3.5e+03   -1.8   0.0    34    43    10    19     9    19 0.81 Geminivirus AC4/5 conserved region
Gemini_AC4_5_2       PF08464.14    43 >LH00406:11:22GHGVLT3:1:1102:27878:1689 -             53      0.08   13.1   0.2   2   2   7.4e-06      0.15   12.2   0.1    14    28    32    46    32    47 0.87 Geminivirus AC4/5 conserved region
DUF2179              PF10035.13    55 >LH00406:11:22GHGVLT3:1:1102:9664:1721 -             59     1e-08   35.1   0.2   1   2   0.00081       8.4    6.5   0.0    14    37     4    27     1    29 0.87 Uncharacterized protein conserved in bacteria (DUF2179)
DUF2179              PF10035.13    55 >LH00406:11:22GHGVLT3:1:1102:9664:1721 -             59     1e-08   35.1   0.2   2   2   2.9e-10     3e-06   27.1   0.1     1    28    32    59    32    59 0.96 Uncharacterized protein conserved in bacteria (DUF2179)
DUF5395              PF17373.6     81 >LH00406:11:22GHGVLT3:1:1102:9664:1721 -             59      0.11   13.3   0.0   1   1   1.2e-05      0.12   13.2   0.0    13    58    12    57     6    59 0.80 Family of unknown function (DUF5395)
CinA                 PF02464.21   155 >LH00406:11:22GHGVLT3:1:1102:17745:1721 -             47   9.1e-18   64.5   0.1   1   1   4.5e-22   9.3e-18   64.5   0.1    13    57     2    46     1    47 0.95 Competence-damaged protein
PsbH                 PF00737.24    52 >LH00406:11:22GHGVLT3:1:1102:2442:1833 -             42      0.16   11.9   0.8   1   1   9.1e-06      0.19   11.6   0.8    19    26     9    16     5    24 0.89 Photosystem II 10 kDa phosphoprotein
ABC_tran             PF00005.31   137 >LH00406:11:22GHGVLT3:1:1102:34147:1913 -             78   1.5e-05   25.9   0.0   1   1   1.6e-09   1.7e-05   25.7   0.0    21    67     1    48     1    50 0.84 ABC transporter
AAA_22               PF13401.10   130 >LH00406:11:22GHGVLT3:1:1102:34147:1913 -             78      0.05   14.1   0.0   1   1   5.6e-06     0.058   13.9   0.0    15    44     1    48     1    50 0.72 AAA domain
KGG                  PF10685.13    22 >LH00406:11:22GHGVLT3:1:1102:9007:1961 -             52     0.048   14.2   1.3   1   2   4.2e-06     0.086   13.4   0.5    10    19    22    31    22    32 0.91 Stress-induced bacterial acidophilic repeat motif
KGG                  PF10685.13    22 >LH00406:11:22GHGVLT3:1:1102:9007:1961 -             52     0.048   14.2   1.3   2   2      0.14   2.8e+03   -1.0   0.0    15    20    43    48    43    49 0.74 Stress-induced bacterial acidophilic repeat motif
RPOL_N               PF14700.10   332 >LH00406:11:22GHGVLT3:1:1102:10089:1977 -             74     0.009   15.6   0.0   1   1   4.8e-07      0.01   15.5   0.0   173   215    24    67     5    71 0.68 DNA-directed RNA polymerase N-terminal
ACR_tran             PF00873.23  1021 >LH00406:11:22GHGVLT3:1:1102:43865:1993 -             63     5e-09   34.7   0.7   1   1   2.5e-13   5.3e-09   34.6   0.7   245   306     1    63     1    63 0.90 AcrB/AcrD/AcrF family
KAsynt_C_assoc       PF16197.9    111 >LH00406:11:22GHGVLT3:1:1102:8332:2009 -             54      0.15   12.6   0.0   1   1   7.4e-06      0.15   12.6   0.0    17    44    12    41     4    52 0.78 Ketoacyl-synthetase C-terminal extension
AAA_15               PF13175.10   399 >LH00406:11:22GHGVLT3:1:1102:23690:2057 -             74    0.0019   18.1   0.0   1   1     2e-07     0.002   18.0   0.0   339   378    10    53     2    59 0.67 AAA ATPase domain
AAA_21               PF13304.10   304 >LH00406:11:22GHGVLT3:1:1102:23690:2057 -             74    0.0064   16.6   0.0   1   1   7.5e-07    0.0078   16.4   0.0   262   283    32    53    26    64 0.91 AAA domain, putative AbiEii toxin, Type IV TA system
Peptidase_M24        PF00557.28   208 >LH00406:11:22GHGVLT3:1:1102:13565:2106 -             57   0.00028   20.9   0.0   1   1   1.4e-08    0.0003   20.8   0.0     1    40    16    54    16    57 0.90 Metallopeptidase family M24
HTH_34               PF13601.10    80 >LH00406:11:22GHGVLT3:1:1102:51179:2106 -             65    0.0021   18.4   0.1   1   1   3.9e-07    0.0027   18.0   0.1    18    63     2    48     1    49 0.93 Winged helix DNA-binding domain
PadR                 PF03551.18    75 >LH00406:11:22GHGVLT3:1:1102:51179:2106 -             65     0.019   15.1   0.4   1   1   3.6e-06     0.025   14.8   0.4    29    67    11    48     1    49 0.76 Transcriptional regulator PadR-like family
HTH_27               PF13463.10    68 >LH00406:11:22GHGVLT3:1:1102:51179:2106 -             65      0.12   12.9   0.1   1   1     2e-05      0.14   12.7   0.1    23    66     3    48     1    49 0.88 Winged helix DNA-binding domain
TonB_dep_Rec         PF00593.28   436 >LH00406:11:22GHGVLT3:1:1102:32668:2138 -             62   5.5e-05   23.4   0.2   1   1     3e-09   6.2e-05   23.2   0.2   298   342     2    53     1    60 0.76 TonB dependent receptor
VapE-like_dom        PF05272.15   217 >LH00406:11:22GHGVLT3:1:1102:17134:2170 -             85   4.7e-05   23.1   0.0   1   1   4.3e-08     5e-05   23.0   0.0    23    89     7    77     3    84 0.79 Virulence-associated protein E-like domain
AAA_33               PF13671.10   143 >LH00406:11:22GHGVLT3:1:1102:17134:2170 -             85    0.0004   20.9   0.0   1   1   4.7e-07   0.00055   20.4   0.0     2    33    38    78    37    83 0.77 AAA domain
AAA_29               PF13555.10    61 >LH00406:11:22GHGVLT3:1:1102:17134:2170 -             85    0.0026   17.7   0.0   1   1   2.7e-06    0.0031   17.4   0.0    24    49    37    59    22    71 0.77 P-loop containing region of AAA domain
AAA_14               PF13173.10   130 >LH00406:11:22GHGVLT3:1:1102:17134:2170 -             85     0.007   16.6   0.0   1   1     7e-06    0.0081   16.4   0.0     2    44    35    75    34    84 0.85 AAA domain
AAA_22               PF13401.10   130 >LH00406:11:22GHGVLT3:1:1102:17134:2170 -             85     0.024   15.2   0.0   1   1   2.7e-05     0.031   14.8   0.0     7    47    37    75    33    82 0.75 AAA domain
RsgA_GTPase          PF03193.20   174 >LH00406:11:22GHGVLT3:1:1102:17134:2170 -             85     0.033   14.2   0.0   1   1   3.4e-05     0.039   14.0   0.0   100   129    29    58    23    75 0.84 RsgA GTPase
nSTAND3              PF20720.1    155 >LH00406:11:22GHGVLT3:1:1102:17134:2170 -             85     0.053   13.4   0.0   1   1   5.3e-05     0.061   13.2   0.0    16    38    34    56    28    77 0.82 Novel STAND NTPase 3
ABC_tran             PF00005.31   137 >LH00406:11:22GHGVLT3:1:1102:17134:2170 -             85     0.054   14.3   0.0   1   1   6.5e-05     0.075   13.9   0.0    10    31    34    55    30    62 0.85 ABC transporter
NACHT                PF05729.16   167 >LH00406:11:22GHGVLT3:1:1102:17134:2170 -             85     0.098   12.7   0.0   1   1   0.00012      0.14   12.1   0.0     3    19    38    54    36    63 0.89 NACHT domain
AAA_24               PF13479.10   195 >LH00406:11:22GHGVLT3:1:1102:17134:2170 -             85      0.11   12.5   0.0   1   1   0.00011      0.13   12.3   0.0     2    23    35    61    34    80 0.74 AAA domain
AAA_5                PF07728.18   139 >LH00406:11:22GHGVLT3:1:1102:17134:2170 -             85      0.11   12.7   0.0   1   1   0.00013      0.15   12.3   0.0     2    43    38    79    37    84 0.86 AAA domain (dynein-related subfamily)
AAA_28               PF13521.10   164 >LH00406:11:22GHGVLT3:1:1102:17134:2170 -             85      0.11   12.9   0.0   1   1   0.00011      0.13   12.7   0.0     2    17    38    53    37    77 0.89 AAA domain
Ploopntkinase3       PF18751.5    184 >LH00406:11:22GHGVLT3:1:1102:17134:2170 -             85      0.13   12.0   0.0   1   1   0.00012      0.14   11.9   0.0     2    29    34    61    33    83 0.74 P-loop Nucleotide Kinase3
Zeta_toxin           PF06414.16   199 >LH00406:11:22GHGVLT3:1:1102:17134:2170 -             85      0.16   11.5   0.0   1   1   0.00017      0.19   11.3   0.0    17    37    36    56    28    79 0.70 Zeta toxin
DUF5906              PF19263.3    113 >LH00406:11:22GHGVLT3:1:1102:17134:2170 -             85      0.17   12.7   0.0   1   1   0.00019      0.22   12.4   0.0     1    29    40    67    40    82 0.63 Family of unknown function (DUF5906)
ATPase_2             PF01637.22   225 >LH00406:11:22GHGVLT3:1:1102:17134:2170 -             85      0.17   11.8   0.0   1   1   0.00016      0.19   11.7   0.0    19    41    34    56    28    79 0.81 ATPase domain predominantly from Archaea
AAA_16               PF13191.10   167 >LH00406:11:22GHGVLT3:1:1102:17134:2170 -             85      0.19   12.4   0.0   1   1   0.00016      0.19   12.4   0.0    26    51    37    62    14    82 0.79 AAA ATPase domain
G-alpha              PF00503.24   333 >LH00406:11:22GHGVLT3:1:1102:17134:2170 -             85      0.22   10.8   0.0   1   1    0.0002      0.23   10.7   0.0    21    40    35    54    28    74 0.87 G-protein alpha subunit
Cas_Cas1             PF01867.20   283 >LH00406:11:22GHGVLT3:1:1102:37818:2186 -             49   3.2e-06   26.7   0.0   1   1   1.6e-10   3.3e-06   26.6   0.0   148   198     3    49     1    49 0.92 CRISPR associated protein Cas1
GSCFA                PF08885.15   237 >LH00406:11:22GHGVLT3:1:1102:10782:2218 -             42     3e-06   27.3   0.0   1   1   1.4e-10     3e-06   27.3   0.0    10    49     1    40     1    42 0.95 GSCFA family
HsdM_N               PF12161.12   138 >LH00406:11:22GHGVLT3:1:1102:43403:2250 -             84   3.3e-06   28.0   0.0   1   1   1.9e-10     4e-06   27.7   0.0     1    48    26    75    26    83 0.89 HsdM N-terminal domain
YdjO                 PF14169.10    59 >LH00406:11:22GHGVLT3:1:1102:2082:2266 -             67      0.16   11.9   0.0   1   1   9.7e-06       0.2   11.6   0.0    28    50    35    59    34    66 0.84 Cold-inducible protein YdjO
ANIS5_cation-bd      PF02520.21   109 >LH00406:11:22GHGVLT3:1:1102:49736:2266 -             85     0.027   14.8   0.5   1   1   1.6e-06     0.032   14.5   0.5    59   100    10    55     4    64 0.86 SXP/RAL-2 family protein Ani s 5-like, metal-binding domain
Gly_transporter      PF03458.17    78 >LH00406:11:22GHGVLT3:1:1102:22423:2298 -             75   1.5e-15   57.0   0.6   1   2   2.2e-19   1.5e-15   57.0   0.6    29    76     1    46     1    48 0.93 Glycine transporter
Gly_transporter      PF03458.17    78 >LH00406:11:22GHGVLT3:1:1102:22423:2298 -             75   1.5e-15   57.0   0.6   2   2     0.094   6.5e+02    0.5   0.5    61    74    53    66    46    72 0.63 Glycine transporter
DUF1290              PF06947.16    86 >LH00406:11:22GHGVLT3:1:1102:22423:2298 -             75     0.017   15.5   1.1   1   1   2.8e-06     0.019   15.3   1.1    13    72     3    63     1    74 0.56 Protein of unknown function (DUF1290)
FUSC                 PF04632.16   657 >LH00406:11:22GHGVLT3:1:1102:22423:2298 -             75       4.7    5.9   7.1   1   1   0.00074       5.1    5.8   7.1    53   111     3    64     1    74 0.89 Fusaric acid resistance protein family
FixO                 PF02433.19   221 >LH00406:11:22GHGVLT3:1:1102:19955:2314 -             75      0.12   12.0   0.1   1   1   7.3e-06      0.15   11.7   0.1    61    76    11    26     9    31 0.87 Cytochrome C oxidase, mono-heme subunit/FixO
DUF5046              PF16465.9    264 >LH00406:11:22GHGVLT3:1:1102:50411:2314 -             83      0.01   15.3   0.0   1   1     5e-07      0.01   15.3   0.0    97   143    17    63     5    82 0.87 Domain of unknown function (DUF5046)
Methyltrans_RNA      PF04452.18   165 >LH00406:11:22GHGVLT3:1:1102:39963:2346 -             53   5.6e-08   32.7   0.0   1   1   2.7e-12   5.6e-08   32.7   0.0    99   138     5    47     1    53 0.69 RNA methyltransferase domain
Adeno_E3_CR2         PF02439.19    38 >LH00406:11:22GHGVLT3:1:1102:51512:2362 -             45     0.059   13.3   0.2   1   1   4.6e-06     0.097   12.7   0.2    22    34     2    14     1    16 0.89 Adenovirus E3 region protein CR2
PFOR_II              PF17147.8    102 >LH00406:11:22GHGVLT3:1:1102:49810:2394 -             86   7.8e-05   23.2   0.2   1   1   1.4e-08   0.00014   22.3   0.2     1    28    59    86    59    86 0.98 Pyruvate:ferredoxin oxidoreductase core domain II
DUF3213              PF11491.12    85 >LH00406:11:22GHGVLT3:1:1102:49810:2394 -             86     0.064   13.7   0.4   1   2     1e-05       0.1   13.0   0.2    52    73    19    39     8    47 0.85 Protein of unknown function (DUF3213)
DUF3213              PF11491.12    85 >LH00406:11:22GHGVLT3:1:1102:49810:2394 -             86     0.064   13.7   0.4   2   2      0.48     5e+03   -2.0   0.0    17    24    50    57    42    79 0.55 Protein of unknown function (DUF3213)
ANP                  PF00212.22    31 >LH00406:11:22GHGVLT3:1:1102:29367:2410 -             65       0.2   12.1   0.1   1   2    0.0042        87    3.6   0.1    22    27     8    13     7    14 0.93 Atrial natriuretic peptide
ANP                  PF00212.22    31 >LH00406:11:22GHGVLT3:1:1102:29367:2410 -             65       0.2   12.1   0.1   2   2    0.0007        14    6.1   0.0    19    25    56    62    55    63 0.91 Atrial natriuretic peptide
FDX-ACB              PF03147.18    94 >LH00406:11:22GHGVLT3:1:1102:20361:2442 -             67   6.4e-11   42.7   0.2   1   2     0.046   9.5e+02    0.5   0.0    16    31     5    20     2    25 0.77 Ferredoxin-fold anticodon binding domain
FDX-ACB              PF03147.18    94 >LH00406:11:22GHGVLT3:1:1102:20361:2442 -             67   6.4e-11   42.7   0.2   2   2   1.6e-14   3.2e-10   40.5   0.1     1    41    27    67    27    67 0.98 Ferredoxin-fold anticodon binding domain
GCP5-Mod21_N         PF14609.10    86 >LH00406:11:22GHGVLT3:1:1102:1398:2458 -             83     0.076   13.6   0.0   1   2       0.5     1e+04   -2.8   0.0    17    32    21    36    17    37 0.61 Gamma-Tubulin ring complex non-core subunit mod21, N-terminal
GCP5-Mod21_N         PF14609.10    86 >LH00406:11:22GHGVLT3:1:1102:1398:2458 -             83     0.076   13.6   0.0   2   2   7.7e-06      0.16   12.6   0.0    11    34    57    80    54    81 0.94 Gamma-Tubulin ring complex non-core subunit mod21, N-terminal
Esterase             PF00756.24   249 >LH00406:11:22GHGVLT3:1:1102:32132:2458 -             68   9.1e-05   22.5   0.0   1   1   4.6e-09   9.6e-05   22.4   0.0    54   126     6    68     1    68 0.75 Putative esterase
KH_dom-like          PF14714.10    81 >LH00406:11:22GHGVLT3:1:1102:50069:2458 -             73   7.2e-08   32.8   0.1   1   1   4.3e-12   8.9e-08   32.5   0.1    53    81     1    29     1    29 0.96 KH-domain-like of EngA bacterial GTPase enzymes, C-terminal
Topoisom_bac         PF01131.24   412 >LH00406:11:22GHGVLT3:1:1102:26926:2474 -             48   3.7e-08   33.0   0.0   1   1   1.8e-12   3.7e-08   33.0   0.0   219   265     1    45     1    48 0.91 DNA topoisomerase
LPAM_1               PF08139.16    18 >LH00406:11:22GHGVLT3:1:1102:50818:2474 -             67      0.02   15.5   2.1   1   1   2.4e-06      0.05   14.2   2.1     1    13    12    24    12    28 0.92 Prokaryotic membrane lipoprotein lipid attachment site
YhcG_C               PF06250.15   155 >LH00406:11:22GHGVLT3:1:1102:14019:2506 -             75   1.1e-14   54.7   0.0   1   1   6.1e-19   1.3e-14   54.5   0.0     1    50    26    75    26    75 0.98 YhcG PDDEXK nuclease domain
DUF3737              PF12541.12   275 >LH00406:11:22GHGVLT3:1:1102:29127:2506 -             82   2.6e-32  112.3   0.9   1   1   2.7e-36   2.8e-32  112.2   0.9    34   115     1    82     1    82 0.99 Protein of unknown function (DUF3737)
Beta_helix           PF13229.10   158 >LH00406:11:22GHGVLT3:1:1102:29127:2506 -             82     0.031   14.1   0.1   1   1     4e-06     0.042   13.7   0.1    34    91    26    77     1    81 0.70 Right handed beta helix region
Peptidase_C7         PF01830.22   243 >LH00406:11:22GHGVLT3:1:1102:21776:2522 -             67     0.076   12.6   0.3   1   1   8.1e-06     0.084   12.5   0.3   105   147    23    67    17    67 0.82 Peptidase C7 family
dTDP_sugar_isom      PF00908.21   168 >LH00406:11:22GHGVLT3:1:1102:21776:2522 -             67      0.18   11.7   0.3   1   1   1.8e-05      0.18   11.7   0.3    49    77    19    47    14    58 0.85 dTDP-4-dehydrorhamnose 3,5-epimerase
DBD_Tnp_Mut          PF03108.19    67 >LH00406:11:22GHGVLT3:1:1102:45751:2538 -             50      0.19   11.6   0.0   1   2     2e-05      0.42   10.5   0.0     8    29     2    23     2    29 0.82 MuDR family transposase
DBD_Tnp_Mut          PF03108.19    67 >LH00406:11:22GHGVLT3:1:1102:45751:2538 -             50      0.19   11.6   0.0   2   2       0.1   2.1e+03   -1.3   0.0    18    33    28    43    23    45 0.74 MuDR family transposase
DUF5013              PF16405.9    149 >LH00406:11:22GHGVLT3:1:1102:42136:2554 -             64      0.12   12.7   0.1   1   1   5.8e-06      0.12   12.6   0.1    44    88    19    61     3    64 0.72 Domain of unknown function (DUF5013)
MS_channel_1st_1     PF05552.16    50 >LH00406:11:22GHGVLT3:1:1102:15544:2586 -             38    0.0064   16.6   1.0   1   1   4.2e-07    0.0088   16.1   1.0    16    33     3    20     2    20 0.92 Mechanosensitive ion channel, conserved TM helix
Cys_Met_Meta_PP      PF01053.24   381 >LH00406:11:22GHGVLT3:1:1102:30486:2586 -             65   9.3e-13   47.7   0.0   1   1   4.7e-17   9.7e-13   47.6   0.0    70   131     3    64     1    65 0.96 Cys/Met metabolism PLP-dependent enzyme
RNase_II_C_S1        PF18614.5     59 >LH00406:11:22GHGVLT3:1:1102:48895:2634 -             77      0.23   11.6   0.0   1   2   0.00025       5.2    7.2   0.0    28    57    13    42    10    43 0.88 RNase II-type exonuclease C-terminal S1 domain
RNase_II_C_S1        PF18614.5     59 >LH00406:11:22GHGVLT3:1:1102:48895:2634 -             77      0.23   11.6   0.0   2   2    0.0084   1.7e+02    2.3   0.0    47    58    51    62    49    63 0.90 RNase II-type exonuclease C-terminal S1 domain
DUF2441              PF10386.13   141 >LH00406:11:22GHGVLT3:1:1102:16903:2666 -             46     0.025   14.8   0.1   1   1   1.4e-06     0.028   14.6   0.1    86   114    14    42     7    45 0.89 Protein of unknown function (DUF2441)
MC3                  PF20131.3    159 >LH00406:11:22GHGVLT3:1:1102:38280:2666 -             88     0.067   12.8   0.0   1   1   3.9e-06     0.081   12.6   0.0    32   106    10    83     5    85 0.75 ABC-three component (ABC-3C) system Middle Component 3
DUF3188              PF11384.12    50 >LH00406:11:22GHGVLT3:1:1102:17652:2746 -             85    0.0048   16.8   2.9   1   2    0.0022       7.7    6.5   0.1    24    44    39    57    26    60 0.77 Protein of unknown function (DUF3188)
DUF3188              PF11384.12    50 >LH00406:11:22GHGVLT3:1:1102:17652:2746 -             85    0.0048   16.8   2.9   2   2   0.00011      0.38   10.7   0.4    27    44    70    85    64    85 0.87 Protein of unknown function (DUF3188)
7TM_GPCR_Sri         PF10327.13   303 >LH00406:11:22GHGVLT3:1:1102:17652:2746 -             85    0.0058   16.1   1.8   1   1   1.8e-06    0.0062   16.0   1.8   212   260    15    63     4    80 0.86 Serpentine type 7TM GPCR chemoreceptor Sri
VIT1                 PF01988.23   214 >LH00406:11:22GHGVLT3:1:1102:17652:2746 -             85     0.034   14.1   0.9   1   1   1.1e-05     0.038   14.0   0.9   115   182    21    83    16    85 0.76 VIT family
CD20                 PF04103.19   156 >LH00406:11:22GHGVLT3:1:1102:17652:2746 -             85      0.21   11.8   7.2   1   1   8.3e-05      0.29   11.4   7.2    10    48    46    84    44    85 0.96 CD20-like family
PGPGW                PF09656.14    53 >LH00406:11:22GHGVLT3:1:1102:17652:2746 -             85      0.69    9.7   7.0   1   2   0.00014      0.48   10.2   1.0    21    45    42    66    39    71 0.87 Putative transmembrane protein (PGPGW)
PGPGW                PF09656.14    53 >LH00406:11:22GHGVLT3:1:1102:17652:2746 -             85      0.69    9.7   7.0   2   2     0.018        61    3.4   0.8     3    16    69    82    67    84 0.86 Putative transmembrane protein (PGPGW)
Deltameth_res        PF16020.9     52 >LH00406:11:22GHGVLT3:1:1102:17652:2746 -             85       1.1    9.4   2.8   1   2   0.00044       1.5    8.9   1.9    26    46    51    71    48    76 0.87 Deltamethrin resistance
Deltameth_res        PF16020.9     52 >LH00406:11:22GHGVLT3:1:1102:17652:2746 -             85       1.1    9.4   2.8   2   2      0.13   4.4e+02    1.0   0.0    22    34    68    80    66    83 0.82 Deltamethrin resistance
DHR-2_Lobe_A         PF06920.17   154 >LH00406:11:22GHGVLT3:1:1102:37346:2746 -             63    0.0034   17.9   0.1   1   1   1.7e-07    0.0035   17.9   0.1    37    85    10    58     2    63 0.82 DHR-2, Lobe A
NTP_transf_5         PF14907.10   249 >LH00406:11:22GHGVLT3:1:1102:19187:2778 -             74     0.021   14.5   0.0   1   1   1.1e-06     0.024   14.3   0.0   104   162     9    60     7    72 0.78 Uncharacterised nucleotidyltransferase
HGWP                 PF03578.19    28 >LH00406:11:22GHGVLT3:1:1102:11374:2794 -             51      0.27   11.0   1.1   1   1   2.4e-05       0.5   10.1   1.1     3    12    33    46    32    48 0.90 HGWP repeat
HD_5                 PF13487.10   170 >LH00406:11:22GHGVLT3:1:1102:4282:2811 -             75   1.8e-06   28.1   0.0   1   1     1e-10   2.1e-06   27.8   0.0    61   119     9    66     5    71 0.89 HD domain
RIG-I_C-RD           PF11648.12   117 >LH00406:11:22GHGVLT3:1:1102:38086:2811 -             59     0.061   13.7   0.0   1   1   3.2e-06     0.066   13.6   0.0    56    87     8    39     5    56 0.88 C-terminal domain of RIG-I
SMC_ScpB             PF04079.20   160 >LH00406:11:22GHGVLT3:1:1102:27869:2859 -             64   2.3e-05   24.2   0.0   1   1   1.3e-09   2.6e-05   24.0   0.0   132   158     2    28     1    30 0.93 Segregation and condensation complex subunit ScpB
GPAT_N               PF14829.10    76 >LH00406:11:22GHGVLT3:1:1102:22192:2891 -             51     0.098   12.8   0.0   1   1   5.1e-06      0.11   12.7   0.0    29    49     4    24     2    41 0.84 Glycerol-3-phosphate acyltransferase N-terminal
RICTOR_M             PF14666.10   104 >LH00406:11:22GHGVLT3:1:1102:26038:2891 -             50     0.092   12.7   0.1   1   1   4.9e-06       0.1   12.6   0.1    43    73    10    40     3    43 0.87 Rapamycin-insensitive companion of mTOR, middle domain
Radical_SAM          PF04055.25   167 >LH00406:11:22GHGVLT3:1:1102:20047:2923 -             61   8.1e-07   29.5   0.0   1   1   4.4e-11   9.2e-07   29.4   0.0    49   108     3    59     1    60 0.90 Radical SAM superfamily
DUF3958              PF13125.10   107 >LH00406:11:22GHGVLT3:1:1102:18392:2939 -             65     0.062   13.8   0.1   1   1   3.4e-06     0.071   13.6   0.1    30    79     9    59     5    61 0.92 Protein of unknown function (DUF3958)
MLANA                PF14991.10   117 >LH00406:11:22GHGVLT3:1:1102:31817:2939 -             73     0.039   14.4   0.1   1   1   2.2e-06     0.046   14.2   0.1    32    67    16    51    10    68 0.65 Protein melan-A
PMSR                 PF01625.25   153 >LH00406:11:22GHGVLT3:1:1102:11245:3019 -             66     2e-22   80.3   0.1   1   1     1e-26   2.1e-22   80.2   0.1    43   107     2    66     1    66 0.97 Peptide methionine sulfoxide reductase
Epimerase            PF01370.25   240 >LH00406:11:22GHGVLT3:1:1102:51817:3019 -             79   6.1e-07   29.3   0.0   1   1   3.2e-11   6.7e-07   29.2   0.0   197   230    30    66     3    72 0.69 NAD dependent epimerase/dehydratase family
UNC119_bdg           PF15435.10   198 >LH00406:11:22GHGVLT3:1:1102:51706:3051 -             86     0.081   12.7   0.6   1   1   5.5e-06      0.11   12.2   0.3   104   136    43    75    29    84 0.83 UNC119-binding protein C5orf30 homologue
UDPG_MGDP_dh_N       PF03721.18   187 >LH00406:11:22GHGVLT3:1:1102:7139:3083 -             63   3.4e-06   27.0   0.1   1   1   6.4e-10   4.4e-06   26.6   0.1    94   158     8    62     3    63 0.79 UDP-glucose/GDP-mannose dehydrogenase family, NAD binding domain
DUF2179              PF10035.13    55 >LH00406:11:22GHGVLT3:1:1102:7139:3083 -             63     0.038   14.0   0.2   1   1   8.1e-06     0.056   13.5   0.2    27    50    12    35     9    38 0.88 Uncharacterized protein conserved in bacteria (DUF2179)
G3P_antiterm         PF04309.16   173 >LH00406:11:22GHGVLT3:1:1102:7139:3083 -             63     0.056   13.1   0.1   1   1   9.6e-06     0.066   12.8   0.1   100   139     9    49     7    57 0.87 Glycerol-3-phosphate responsive antiterminator
DUF4199              PF13858.10   167 >LH00406:11:22GHGVLT3:1:1102:12521:3083 -             59   9.9e-09   36.0   0.1   1   1     5e-13     1e-08   35.9   0.1     1    57     5    57     5    59 0.89 Protein of unknown function (DUF4199)
SusD_RagB            PF07980.15   295 >LH00406:11:22GHGVLT3:1:1102:38253:3099 -             84   3.6e-06   27.0   0.1   1   1   3.8e-10     4e-06   26.9   0.1    69   148     1    73     1    83 0.84 SusD family
DUF4973              PF16343.9    129 >LH00406:11:22GHGVLT3:1:1102:38253:3099 -             84      0.04   14.1   0.0   1   1   4.1e-06     0.043   14.0   0.0    39    82    18    62     5    78 0.84 Domain of unknown function (DUF4973)
pXO2-72              PF17443.6     62 >LH00406:11:22GHGVLT3:1:1102:1943:3115 -             60      0.17   12.4   1.0   1   1     1e-05      0.21   12.1   1.0    44    60    37    53    24    55 0.90 Uncharacterized protein pXO2-72
Get5_C               PF18514.5     38 >LH00406:11:22GHGVLT3:1:1102:32779:3131 -             73     0.055   13.5   0.0   1   1   9.6e-06       0.1   12.6   0.0    14    31    56    73    52    73 0.93 Get5 C-terminal domain
Exog_C               PF18026.5     49 >LH00406:11:22GHGVLT3:1:1102:32779:3131 -             73     0.082   13.0   0.1   1   1   1.3e-05      0.14   12.3   0.1    19    41    27    49    23    58 0.84 Endo/exonuclease (EXOG) C-terminal domain
PQQ                  PF01011.25    38 >LH00406:11:22GHGVLT3:1:1102:45076:3131 -             59      0.11   12.5   0.1   1   1   9.2e-06      0.19   11.7   0.1     8    22    25    39    20    39 0.89 PQQ enzyme repeat
FtsX                 PF02687.25   120 >LH00406:11:22GHGVLT3:1:1102:39113:3147 -             55   1.4e-10   41.4   2.0   1   1   1.4e-14   1.4e-10   41.4   2.0     3    54     3    54     1    55 0.96 FtsX-like permease family
RCR                  PF12273.12   116 >LH00406:11:22GHGVLT3:1:1102:39113:3147 -             55      0.36   11.8   0.5   1   1   3.5e-05      0.36   11.8   0.5     3    37     4    38     1    49 0.88 Chitin synthesis regulation, resistance to Congo red
Arb1                 PF09692.14   403 >LH00406:11:22GHGVLT3:1:1102:50393:3147 -             87    0.0035   16.8   0.1   1   1   3.9e-07     0.004   16.6   0.1    49    74     8    33     5    53 0.92 Argonaute siRNA chaperone (ARC) complex subunit Arb1
UBA_6                PF18039.5     42 >LH00406:11:22GHGVLT3:1:1102:50393:3147 -             87      0.11   12.8   0.0   1   1   1.8e-05      0.19   12.0   0.0     9    22    14    27    12    32 0.80 UBA-like domain
Trans_reg_C          PF00486.32    77 >LH00406:11:22GHGVLT3:1:1102:4264:3163 -             70   3.7e-10   39.9   0.0   1   1   2.3e-14   4.7e-10   39.6   0.0     3    49    24    70    22    70 0.97 Transcriptional regulatory protein, C terminal
MP                   PF01107.22   191 >LH00406:11:22GHGVLT3:1:1102:17597:3163 -             74      0.09   12.5   0.0   1   1     9e-06     0.094   12.5   0.0    98   143    22    65     3    69 0.86 Viral movement protein (MP)
Yme1-like_N          PF21232.1     61 >LH00406:11:22GHGVLT3:1:1102:17597:3163 -             74       0.1   12.4   0.0   1   1   1.6e-05      0.17   11.7   0.0    27    40     5    18     2    22 0.84 Yme1-like, N-terminal
Glyco_hydro_92       PF07971.16   464 >LH00406:11:22GHGVLT3:1:1102:46482:3163 -             52   1.2e-11   44.4   0.0   1   1     6e-16   1.2e-11   44.4   0.0   382   424     1    42     1    51 0.90 Glycosyl hydrolase family 92 catalytic domain
Peptidase_C11        PF03415.18   359 >LH00406:11:22GHGVLT3:1:1102:9950:3179 -             88     0.013   15.3   0.1   1   1   6.6e-07     0.014   15.2   0.1    56   105     4    53     1    61 0.83 Clostripain family
TMEM128              PF20479.2    124 >LH00406:11:22GHGVLT3:1:1102:25262:3179 -             61    0.0054   17.4   0.7   1   1   5.4e-07    0.0056   17.4   0.7    11    60     1    49     1    61 0.63 TMEM128 protein
DUF3963              PF13124.10    40 >LH00406:11:22GHGVLT3:1:1102:25262:3179 -             61      0.02   15.1   0.0   1   1   3.6e-06     0.038   14.2   0.0     5    35    12    44     8    50 0.85 Protein of unknown function (DUF3963)
Transpeptidase       PF00905.26   299 >LH00406:11:22GHGVLT3:1:1102:41322:3195 -             52     3e-05   23.6   0.0   1   1   1.4e-09     3e-05   23.6   0.0    33    57     3    27     1    50 0.80 Penicillin binding protein transpeptidase domain
TSP3_bac             PF18884.4     22 >LH00406:11:22GHGVLT3:1:1102:32751:3243 -             84   0.00027   20.9   1.5   1   3      0.23   2.4e+03   -1.3   0.4    11    17    14    20    14    20 0.91 Bacterial TSP3 repeat
TSP3_bac             PF18884.4     22 >LH00406:11:22GHGVLT3:1:1102:32751:3243 -             84   0.00027   20.9   1.5   2   3      0.34   3.5e+03   -1.9   0.0    12    17    45    50    43    50 0.86 Bacterial TSP3 repeat
TSP3_bac             PF18884.4     22 >LH00406:11:22GHGVLT3:1:1102:32751:3243 -             84   0.00027   20.9   1.5   3   3   2.6e-08   0.00027   20.9   1.5     1    22    58    79    58    79 0.98 Bacterial TSP3 repeat
Binary_toxB          PF03495.18    78 >LH00406:11:22GHGVLT3:1:1102:32751:3243 -             84     0.011   16.1   0.8   1   2       0.1   1.1e+03    0.1   0.0    49    57    32    40     9    52 0.59 Clostridial binary toxin B/anthrax toxin PA Ca-binding domain
Binary_toxB          PF03495.18    78 >LH00406:11:22GHGVLT3:1:1102:32751:3243 -             84     0.011   16.1   0.8   2   2   3.6e-06     0.038   14.4   0.2     2    14    58    70    57    79 0.87 Clostridial binary toxin B/anthrax toxin PA Ca-binding domain
DUF447_C             PF20766.1     53 >LH00406:11:22GHGVLT3:1:1102:11346:3259 -             83   0.00016   21.8   0.2   1   1   3.7e-08   0.00025   21.2   0.2     8    37    39    69    37    74 0.93 Protein of unknown function (DUF447)
DUF6575              PF20215.2    218 >LH00406:11:22GHGVLT3:1:1102:11346:3259 -             83     0.043   13.6   0.2   1   1     7e-06     0.048   13.4   0.2    47    96    11    59     5    73 0.85 Family of unknown function (DUF6575)
Sigma70_r2           PF04542.18    71 >LH00406:11:22GHGVLT3:1:1102:11346:3259 -             83     0.055   13.5   0.4   1   2   1.5e-05       0.1   12.6   0.1    49    69    13    33     1    35 0.80 Sigma-70 region 2
Sigma70_r2           PF04542.18    71 >LH00406:11:22GHGVLT3:1:1102:11346:3259 -             83     0.055   13.5   0.4   2   2      0.98   6.8e+03   -2.8   0.0     6     9    58    61    54    71 0.52 Sigma-70 region 2
TSP3_bac             PF18884.4     22 >LH00406:11:22GHGVLT3:1:1102:28544:3259 -             84   0.00027   20.9   1.5   1   3      0.23   2.4e+03   -1.3   0.4    11    17    14    20    14    20 0.91 Bacterial TSP3 repeat
TSP3_bac             PF18884.4     22 >LH00406:11:22GHGVLT3:1:1102:28544:3259 -             84   0.00027   20.9   1.5   2   3      0.34   3.5e+03   -1.9   0.0    12    17    45    50    43    50 0.86 Bacterial TSP3 repeat
TSP3_bac             PF18884.4     22 >LH00406:11:22GHGVLT3:1:1102:28544:3259 -             84   0.00027   20.9   1.5   3   3   2.6e-08   0.00027   20.9   1.5     1    22    58    79    58    79 0.98 Bacterial TSP3 repeat
Binary_toxB          PF03495.18    78 >LH00406:11:22GHGVLT3:1:1102:28544:3259 -             84     0.011   16.1   0.8   1   2       0.1   1.1e+03    0.1   0.0    49    57    32    40     9    52 0.59 Clostridial binary toxin B/anthrax toxin PA Ca-binding domain
Binary_toxB          PF03495.18    78 >LH00406:11:22GHGVLT3:1:1102:28544:3259 -             84     0.011   16.1   0.8   2   2   3.6e-06     0.038   14.4   0.2     2    14    58    70    57    79 0.87 Clostridial binary toxin B/anthrax toxin PA Ca-binding domain
RST                  PF12174.12    67 >LH00406:11:22GHGVLT3:1:1102:38447:3307 -             63     0.014   15.5   0.5   1   2     0.026   5.4e+02    0.8   0.1    51    57    10    16     7    19 0.84 RCD1-SRO-TAF4 (RST) plant domain
RST                  PF12174.12    67 >LH00406:11:22GHGVLT3:1:1102:38447:3307 -             63     0.014   15.5   0.5   2   2   2.9e-06      0.06   13.5   0.0    19    55    18    54    16    56 0.96 RCD1-SRO-TAF4 (RST) plant domain
CBAH                 PF02275.22   316 >LH00406:11:22GHGVLT3:1:1102:26048:3355 -             56   1.7e-11   44.5   0.0   1   1   8.8e-16   1.8e-11   44.4   0.0     1    57     3    56     3    56 0.94 Linear amide C-N hydrolases, choloylglycine hydrolase family
OMP_b-brl_3          PF14905.10   408 >LH00406:11:22GHGVLT3:1:1102:35423:3355 -             72   3.6e-08   33.1   2.2   1   1   1.9e-12   3.9e-08   33.0   2.2   200   264     4    68     2    72 0.93 Outer membrane protein beta-barrel family
HsdM_N               PF12161.12   138 >LH00406:11:22GHGVLT3:1:1102:27694:3387 -             87   2.2e-08   35.1   0.0   1   1   3.3e-12   2.3e-08   35.0   0.0    12    83     2    81     1    87 0.72 HsdM N-terminal domain
REC1                 PF18501.5    247 >LH00406:11:22GHGVLT3:1:1102:27694:3387 -             87     0.039   14.1   0.1   1   1   6.8e-06     0.047   13.8   0.1   128   156    18    46    13    68 0.73 Alpha helical recognition lobe domain
KIAA1549             PF12877.11   676 >LH00406:11:22GHGVLT3:1:1102:27694:3387 -             87     0.077   11.6   0.0   1   1   1.2e-05     0.083   11.5   0.0   308   354    35    85    27    87 0.65 UPF0606 protein KIAA1549
Na_H_Exchanger       PF00999.25   380 >LH00406:11:22GHGVLT3:1:1102:4403:3403 -             71    0.0064   15.6   0.3   1   1   3.1e-07    0.0064   15.6   0.3   224   283     2    62     1    71 0.82 Sodium/hydrogen exchanger family
Metallophos          PF00149.32   191 >LH00406:11:22GHGVLT3:1:1102:21767:3435 -             75     0.036   14.7   0.0   1   1   4.3e-06     0.045   14.4   0.0   165   190    10    36     3    37 0.86 Calcineurin-like phosphoesterase
Metallophos_2        PF12850.11   151 >LH00406:11:22GHGVLT3:1:1102:21767:3435 -             75     0.057   13.7   0.0   1   1   5.7e-06     0.059   13.6   0.0    88   122    10    43     4    72 0.75 Calcineurin-like phosphoesterase superfamily domain
Vitelline_membr      PF10542.13    38 >LH00406:11:22GHGVLT3:1:1102:32779:3451 -             66    0.0046   17.0   0.7   1   1   9.2e-07    0.0096   16.0   0.7     5    20    46    61    44    63 0.94 Vitelline membrane cysteine-rich region
Kisspeptin           PF15152.10    76 >LH00406:11:22GHGVLT3:1:1102:32779:3451 -             66     0.039   14.9   0.1   1   1   6.4e-06     0.067   14.2   0.1    51    72     4    25     2    29 0.93 Kisspeptin
SPR1                 PF15356.10   114 >LH00406:11:22GHGVLT3:1:1102:43024:3451 -             72     0.034   14.8   2.8   1   1   1.7e-06     0.036   14.7   2.8     6    46    17    57    10    66 0.81 Psoriasis susceptibility locus 2
Formyl_trans_N       PF00551.23   181 >LH00406:11:22GHGVLT3:1:1102:36265:3467 -             76   6.1e-09   36.1   0.1   1   1   2.9e-13   6.1e-09   36.1   0.1    52   116    10    76     1    76 0.86 Formyl transferase
LRR_5                PF13306.10   127 >LH00406:11:22GHGVLT3:1:1102:40111:3467 -             71   5.6e-22   78.2   0.1   1   1   5.9e-26   6.1e-22   78.1   0.1     3    71     2    71     1    71 0.54 BspA type Leucine rich repeat region (6 copies)
FNIP                 PF05725.16    44 >LH00406:11:22GHGVLT3:1:1102:40111:3467 -             71    0.0021   18.3   0.1   1   3    0.0028        29    5.1   0.0     6    17    13    24    10    32 0.74 FNIP Repeat
FNIP                 PF05725.16    44 >LH00406:11:22GHGVLT3:1:1102:40111:3467 -             71    0.0021   18.3   0.1   2   3    0.0027        29    5.1   0.0     5    17    35    47    33    49 0.70 FNIP Repeat
FNIP                 PF05725.16    44 >LH00406:11:22GHGVLT3:1:1102:40111:3467 -             71    0.0021   18.3   0.1   3   3    0.0029        31    5.0   0.0     5    17    58    70    54    71 0.67 FNIP Repeat
DUF1016_N            PF17761.5    137 >LH00406:11:22GHGVLT3:1:1102:44466:3483 -             38   0.00086   19.7   0.1   1   1   4.3e-08   0.00089   19.6   0.1     9    42     1    38     1    38 0.94 DUF1016 N-terminal domain
VinK_C               PF21124.1     62 >LH00406:11:22GHGVLT3:1:1102:14749:3515 -             66     0.067   13.9   0.1   1   1   1.6e-05      0.17   12.6   0.0    10    29    47    66    39    66 0.84 VinK acyltransferase small domain
Med9                 PF07544.17    80 >LH00406:11:22GHGVLT3:1:1102:14749:3515 -             66      0.15   12.3   0.0   1   1   1.7e-05      0.18   12.1   0.0    19    44    15    40     8    60 0.85 RNA polymerase II transcription mediator complex subunit 9
DUF6734              PF20508.2    288 >LH00406:11:22GHGVLT3:1:1102:47924:3515 -             45   7.8e-11   42.0   0.6   1   1     4e-15   8.4e-11   41.9   0.6     1    42     7    45     7    45 0.97 Family of unknown function (DUF6734)
DUF4957              PF16318.9    141 >LH00406:11:22GHGVLT3:1:1102:21360:3532 -             73     1e-12   48.3   2.0   1   1   5.4e-17   1.1e-12   48.2   2.0    51   125     2    73     1    73 0.81 Domain of unknown function (DUF4957)
DUF6782              PF20573.2    241 >LH00406:11:22GHGVLT3:1:1102:5152:3580 -             83      0.15   11.5   0.0   1   1   8.1e-06      0.17   11.4   0.0    66    97    52    83    42    83 0.92 Putative metallopeptidase family (DUF6782)
Relaxase             PF03432.18   240 >LH00406:11:22GHGVLT3:1:1102:29154:3580 -             87   0.00095   19.1   0.3   1   1   9.8e-08     0.001   19.0   0.3    98   136    15    53     2    86 0.75 Relaxase/Mobilisation nuclease domain
Mob_Pre              PF01076.23   196 >LH00406:11:22GHGVLT3:1:1102:29154:3580 -             87    0.0084   16.1   0.7   1   1     1e-06     0.011   15.8   0.7   125   195     1    73     1    74 0.78 Plasmid recombination enzyme
SEC-C                PF02810.19    19 >LH00406:11:22GHGVLT3:1:1102:24411:3596 -             50      0.11   12.6   0.2   1   2      0.14   2.9e+03   -1.5   0.6    12    15    22    25    22    25 0.88 SEC-C motif
SEC-C                PF02810.19    19 >LH00406:11:22GHGVLT3:1:1102:24411:3596 -             50      0.11   12.6   0.2   2   2   5.3e-06      0.11   12.6   0.2     9    18    41    50    40    50 0.94 SEC-C motif
HATPase_c            PF02518.30   111 >LH00406:11:22GHGVLT3:1:1102:27851:3628 -             53   7.7e-10   39.4   0.2   1   1   4.1e-14   8.5e-10   39.2   0.2    71   109     2    40     1    42 0.95 Histidine kinase-, DNA gyrase B-, and HSP90-like ATPase
AMP-binding          PF00501.32   382 >LH00406:11:22GHGVLT3:1:1102:44632:3676 -             70   2.9e-15   56.2   0.3   1   1   1.4e-19   2.9e-15   56.2   0.3    18    80     6    68     1    70 0.93 AMP-binding enzyme
DUF5402              PF17393.6    120 >LH00406:11:22GHGVLT3:1:1102:5124:3692 -             41     0.037   14.3   0.0   1   1   1.8e-06     0.038   14.2   0.0    89   115     7    33     4    38 0.86 Family of unknown function (DUF5402)
SocA_Panacea         PF13274.10   114 >LH00406:11:22GHGVLT3:1:1102:28221:3692 -             82   4.6e-12   47.1   0.0   1   1   2.4e-16   5.1e-12   47.0   0.0     3    89     1    81     1    82 0.85 Antitoxin SocA-like, Panacea domain
Acyl_transf_3        PF01757.26   326 >LH00406:11:22GHGVLT3:1:1102:32067:3692 -             79   1.9e-05   24.1   4.8   1   1   9.2e-10   1.9e-05   24.1   4.8   248   313     5    74     1    79 0.66 Acyltransferase family
GATase               PF00117.32   190 >LH00406:11:22GHGVLT3:1:1102:42034:3692 -             67   2.5e-09   37.3   0.0   1   1   1.3e-13   2.7e-09   37.2   0.0    88   155     1    67     1    67 0.84 Glutamine amidotransferase class-I
DUF1899              PF08953.15    66 >LH00406:11:22GHGVLT3:1:1102:6483:3708 -             73     0.049   13.7   0.3   1   1   3.4e-06      0.07   13.2   0.3    33    62    15    44    10    51 0.83 Domain of unknown function (DUF1899)
CTP_transf_3         PF02348.23   217 >LH00406:11:22GHGVLT3:1:1102:12225:3724 -             87   2.2e-07   31.1   0.1   1   1   1.2e-11   2.5e-07   30.9   0.1     2    26    63    87    62    87 0.96 Cytidylyltransferase
ZnuA                 PF01297.21   248 >LH00406:11:22GHGVLT3:1:1102:27333:3724 -             48    0.0009   19.2   0.7   1   1   2.2e-07   0.00091   19.1   0.7   104   147     3    48     1    48 0.84 Zinc-uptake complex component A periplasmic
TPPII_C              PF12583.12    69 >LH00406:11:22GHGVLT3:1:1102:27333:3724 -             48    0.0036   18.0   2.5   1   1   9.1e-07    0.0038   17.9   2.2     6    32     2    28     1    38 0.87 Tripeptidyl peptidase II, C-terminal
SidF                 PF20988.1    839 >LH00406:11:22GHGVLT3:1:1102:27333:3724 -             48     0.015   13.5   1.8   1   1   3.7e-06     0.015   13.5   1.8   435   473     7    45     2    48 0.86 Phosphoinositide phosphatase
MscS_porin           PF12795.11   238 >LH00406:11:22GHGVLT3:1:1102:27333:3724 -             48      0.11   12.3   0.8   1   1   2.7e-05      0.11   12.3   0.8    33    70     1    39     1    45 0.79 Mechanosensitive ion channel porin domain
DUF4315              PF14193.10    81 >LH00406:11:22GHGVLT3:1:1102:27333:3724 -             48      0.12   12.6   5.0   1   2   5.5e-05      0.23   11.7   2.3    11    33     2    24     1    29 0.86 Domain of unknown function (DUF4315)
DUF4315              PF14193.10    81 >LH00406:11:22GHGVLT3:1:1102:27333:3724 -             48      0.12   12.6   5.0   2   2    0.0045        19    5.6   0.3     1    17    21    37    21    43 0.79 Domain of unknown function (DUF4315)
TPP_enzyme_N         PF02776.22   119 >LH00406:11:22GHGVLT3:1:1102:29034:3724 -             39   4.8e-09   36.3   0.0   1   1   2.3e-13   4.8e-09   36.3   0.0     2    36     3    37     2    39 0.94 Thiamine pyrophosphate enzyme, N-terminal TPP binding domain
AMP-binding          PF00501.32   382 >LH00406:11:22GHGVLT3:1:1102:38539:3724 -             89     2e-20   73.2   0.0   1   1   9.8e-25     2e-20   73.1   0.0   153   233     9    88     1    89 0.83 AMP-binding enzyme
DNA_pol3_beta_2      PF02767.20   116 >LH00406:11:22GHGVLT3:1:1102:28831:3852 -             76    0.0013   19.2   0.0   1   1   1.3e-07    0.0014   19.1   0.0    57   115     7    65     1    66 0.88 DNA polymerase III beta subunit, central domain
DUF3228              PF11539.12   194 >LH00406:11:22GHGVLT3:1:1102:28831:3852 -             76     0.074   12.8   0.0   1   1   8.7e-06     0.091   12.5   0.0   149   179    14    44     4    48 0.85 Protein of unknown function (DUF3228)
TrkA_C               PF02080.25    71 >LH00406:11:22GHGVLT3:1:1102:28267:3868 -             60   7.5e-05   22.7   0.0   1   1   4.4e-09   9.2e-05   22.4   0.0    35    71     2    38     1    38 0.93 TrkA-C domain
Peripla_BP_4         PF13407.10   258 >LH00406:11:22GHGVLT3:1:1102:35710:3884 -             71     2e-09   37.6   0.1   1   1   9.6e-14     2e-09   37.6   0.1    98   165     3    67     1    71 0.89 Periplasmic binding protein domain
Lar_N                PF09861.13   204 >LH00406:11:22GHGVLT3:1:1102:21443:3900 -             89     0.049   13.0   0.0   1   1   5.1e-06     0.053   12.9   0.0    68   114    11    54     8    79 0.83 Lactate racemase N-terminal domain
NYN_YacP             PF05991.15   165 >LH00406:11:22GHGVLT3:1:1102:21443:3900 -             89       0.1   12.7   0.0   1   1   1.1e-05      0.11   12.6   0.0    99   155    24    81     8    86 0.84 YacP-like NYN domain
Glyco_hydro_92       PF07971.16   464 >LH00406:11:22GHGVLT3:1:1102:3644:3916 -             68   4.6e-28   98.6   0.1   1   1   2.4e-32     5e-28   98.5   0.1   375   442     1    68     1    68 0.99 Glycosyl hydrolase family 92 catalytic domain
DUF4248              PF14053.10    68 >LH00406:11:22GHGVLT3:1:1102:12641:3932 -             86   2.3e-23   82.2   0.0   1   1   1.3e-27   2.8e-23   81.9   0.0     9    68     1    60     1    60 1.00 Domain of unknown function (DUF4248)
PA28_alpha           PF02251.22    61 >LH00406:11:22GHGVLT3:1:1102:47323:3948 -             61   0.00078   19.6   0.1   1   1   4.3e-08    0.0009   19.4   0.1    32    60    31    59    30    60 0.95 Proteasome activator pa28 alpha subunit
DUF1322              PF07032.15    73 >LH00406:11:22GHGVLT3:1:1102:23635:3980 -             71     0.012   16.3   1.8   1   1     8e-07     0.017   15.9   1.8     4    37    16    48    11    63 0.82 Protein of unknown function (DUF1322)
nlz1                 PF12402.12    58 >LH00406:11:22GHGVLT3:1:1102:28221:3980 -             88      0.02   15.5   0.1   1   1   1.5e-06      0.03   14.9   0.1    18    55     1    32     1    34 0.90 NocA-like zinc-finger protein 1
Big_6                PF17936.5     83 >LH00406:11:22GHGVLT3:1:1102:39057:3980 -             53   0.00064   20.1   0.1   1   1   1.1e-07   0.00073   19.9   0.1    14    53     3    41     2    50 0.88 Bacterial Ig domain
TcfC                 PF16967.9     68 >LH00406:11:22GHGVLT3:1:1102:39057:3980 -             53    0.0014   18.3   0.0   1   1   2.2e-07    0.0015   18.2   0.0    18    45    19    47     4    52 0.84 E-set like domain
Big_3_5              PF16640.9     90 >LH00406:11:22GHGVLT3:1:1102:39057:3980 -             53     0.016   15.6   0.1   1   1   3.7e-06     0.026   14.9   0.1    21    59     8    46     1    51 0.79 Bacterial Ig-like domain (group 3)
SusD_RagB            PF07980.15   295 >LH00406:11:22GHGVLT3:1:1102:35146:4060 -             88   4.3e-05   23.5   0.1   1   1   2.4e-09     5e-05   23.3   0.1   264   295    15    46     2    46 0.77 SusD family
LytTR                PF04397.19    98 >LH00406:11:22GHGVLT3:1:1102:42117:4060 -             71   1.1e-09   38.6   0.3   1   1   5.6e-14   1.2e-09   38.5   0.3    18    65     2    50     1    70 0.84 LytTr DNA-binding domain
CarboxypepD_reg      PF13620.10    82 >LH00406:11:22GHGVLT3:1:1102:24217:4092 -             67   1.4e-15   57.6   0.2   1   1   3.9e-19   1.6e-15   57.4   0.2    16    78     3    66     1    66 0.97 Carboxypeptidase regulatory-like domain
CarbopepD_reg_2      PF13715.10    88 >LH00406:11:22GHGVLT3:1:1102:24217:4092 -             67   1.4e-07   31.6   0.1   1   1   3.8e-11   1.6e-07   31.4   0.1    16    61     3    53     1    66 0.75 CarboxypepD_reg-like domain
SdrD_B               PF17210.7    112 >LH00406:11:22GHGVLT3:1:1102:24217:4092 -             67    0.0067   16.8   0.1   1   1     2e-06    0.0082   16.5   0.1    25    66     2    44     1    63 0.83 SdrD B-like domain
EMC7_beta-sandw      PF09430.14   122 >LH00406:11:22GHGVLT3:1:1102:24217:4092 -             67     0.022   15.2   0.0   1   1   5.9e-06     0.024   15.0   0.0    20    55    16    52     2    57 0.81 ER membrane protein complex subunit 7, beta-sandwich domain
DUF4249              PF14054.10   274 >LH00406:11:22GHGVLT3:1:1102:24217:4092 -             67     0.086   12.5   0.1   1   1   2.3e-05     0.094   12.4   0.1    53    98     3    49     1    55 0.90 Domain of unknown function (DUF4249)
Choline_kin_N        PF04428.18    51 >LH00406:11:22GHGVLT3:1:1102:4236:4108 -             42      0.12   12.2   0.3   1   1   6.7e-06      0.14   12.0   0.3    20    38     8    29     2    31 0.89 Choline kinase N terminus
DUF3575              PF12099.12   176 >LH00406:11:22GHGVLT3:1:1102:1989:4124 -             79   6.4e-10   38.8   5.6   1   1   3.6e-14   7.4e-10   38.6   5.6    78   147     4    79     2    79 0.91 Protein of unknown function (DUF3575)
DUF6443              PF20041.3     93 >LH00406:11:22GHGVLT3:1:1102:21591:4124 -             83   2.8e-06   28.5   0.2   1   2      0.18   3.7e+03   -0.7   0.0    28    28    34    34     4    45 0.51 Domain of unknown function (DUF6443)
DUF6443              PF20041.3     93 >LH00406:11:22GHGVLT3:1:1102:21591:4124 -             83   2.8e-06   28.5   0.2   2   2   3.7e-10   7.8e-06   27.1   0.1     2    34    50    82    49    83 0.95 Domain of unknown function (DUF6443)
Mfa_like_1           PF13149.10   247 >LH00406:11:22GHGVLT3:1:1102:26288:4156 -             68   1.3e-12   48.5   0.1   1   1   6.8e-17   1.4e-12   48.4   0.1    71   128     3    66     1    68 0.85 Fimbrillin-like
His_Phos_2           PF00328.26   355 >LH00406:11:22GHGVLT3:1:1102:36403:4156 -             81     0.055   13.1   0.0   1   1   2.7e-06     0.055   13.1   0.0   286   307    31    52     9    75 0.75 Histidine phosphatase superfamily (branch 2)
Rotavirus_VP7        PF05868.15   249 >LH00406:11:22GHGVLT3:1:1102:45474:4204 -             41     0.074   12.6   0.0   1   1   3.6e-06     0.074   12.6   0.0   171   190     3    22     1    28 0.91 Rotavirus major outer capsid protein VP7
Orai-1               PF07856.16   173 >LH00406:11:22GHGVLT3:1:1102:27425:4236 -             72      0.65    9.9   3.0   1   1   6.2e-05      0.64    9.9   3.0   117   153     4    42     1    61 0.79 Mediator of CRAC channel activity
DUF4064              PF13273.10   102 >LH00406:11:22GHGVLT3:1:1102:27425:4236 -             72       8.2    7.0  14.6   1   1    0.0018        19    5.8  14.6    11    82     2    59     1    61 0.92 Protein of unknown function (DUF4064)
ABC_tran_CTD         PF16326.9     69 >LH00406:11:22GHGVLT3:1:1102:47166:4253 -             66   7.6e-05   23.1   2.7   1   2      0.16   1.7e+03   -0.5   0.0    24    24    13    13     4    41 0.60 ABC transporter C-terminal domain
ABC_tran_CTD         PF16326.9     69 >LH00406:11:22GHGVLT3:1:1102:47166:4253 -             66   7.6e-05   23.1   2.7   2   2   7.3e-09   7.6e-05   23.1   2.7     1    20    46    65    46    66 0.97 ABC transporter C-terminal domain
IPP-2                PF04979.18   130 >LH00406:11:22GHGVLT3:1:1102:47166:4253 -             66     0.003   18.5   3.5   1   1     3e-07    0.0031   18.4   3.5    61   123     7    63     1    66 0.56 Protein phosphatase inhibitor 2 (IPP-2)
Thymidylate_kin      PF02223.21   185 >LH00406:11:22GHGVLT3:1:1102:39002:4269 -             53   2.5e-08   34.0   0.0   1   1   6.4e-12   2.7e-08   33.9   0.0     1    47     2    49     2    52 0.92 Thymidylate kinase
SRP54                PF00448.26   196 >LH00406:11:22GHGVLT3:1:1102:39002:4269 -             53     0.034   14.0   0.0   1   1   8.4e-06     0.035   13.9   0.0     6    36     2    32     1    42 0.90 SRP54-type protein, GTPase domain
APS_kinase           PF01583.24   158 >LH00406:11:22GHGVLT3:1:1102:39002:4269 -             53     0.044   13.9   0.0   1   1   1.3e-05     0.054   13.6   0.0     7    35     2    30     1    33 0.91 Adenylylsulphate kinase
Fer4_NifH            PF00142.22   271 >LH00406:11:22GHGVLT3:1:1102:39002:4269 -             53     0.044   13.4   0.0   1   1   1.1e-05     0.045   13.4   0.0     7    45     4    43     1    50 0.84 4Fe-4S iron sulfur cluster binding proteins, NifH/frxC family
KTI12                PF08433.14   271 >LH00406:11:22GHGVLT3:1:1102:39002:4269 -             53      0.12   12.0   0.0   1   1   2.9e-05      0.12   12.0   0.0     5    36     1    32     1    47 0.86 Chromatin associated protein KTI12
MutS_IV              PF05190.22    92 >LH00406:11:22GHGVLT3:1:1102:29173:4285 -             77   3.8e-15   56.1   0.2   1   1   4.3e-19   4.5e-15   55.9   0.2     1    50    26    75    26    77 0.98 MutS family domain IV
DUF3386              PF11866.12   211 >LH00406:11:22GHGVLT3:1:1102:29173:4285 -             77      0.11   12.2   0.0   1   1   1.1e-05      0.12   12.0   0.0   103   157    15    69     4    72 0.90 Protein of unknown function (DUF3386)
FhuF_C               PF11575.12    21 >LH00406:11:22GHGVLT3:1:1102:49348:4285 -             41     0.003   17.6   5.6   1   2   0.00054        11    6.2   0.4    11    19     4    12     2    12 0.84 FhuF 2Fe-2S C-terminal domain
FhuF_C               PF11575.12    21 >LH00406:11:22GHGVLT3:1:1102:49348:4285 -             41     0.003   17.6   5.6   2   2   4.9e-05         1    9.5   0.7    12    21    27    36    16    36 0.80 FhuF 2Fe-2S C-terminal domain
MutS_IV              PF05190.22    92 >LH00406:11:22GHGVLT3:1:1102:22451:4301 -             77   6.2e-13   49.1   0.2   1   1   6.9e-17   7.2e-13   48.8   0.2     1    50    26    75    26    77 0.97 MutS family domain IV
DUF3386              PF11866.12   211 >LH00406:11:22GHGVLT3:1:1102:22451:4301 -             77     0.025   14.3   0.0   1   1   2.6e-06     0.027   14.1   0.0   103   157    15    69     4    74 0.90 Protein of unknown function (DUF3386)
DUF4658              PF15555.10   123 >LH00406:11:22GHGVLT3:1:1102:11504:4333 -             56     0.091   13.1   0.5   1   1   4.4e-06     0.091   13.1   0.5    70    93    26    49     7    55 0.80 Domain of unknown function (DUF4658)
MgsA_C               PF12002.12   167 >LH00406:11:22GHGVLT3:1:1102:35802:4365 -             61   4.6e-28   98.4   0.3   1   1   2.4e-32   4.9e-28   98.3   0.3     7    67     1    61     1    61 0.99 MgsA AAA+ ATPase C terminal
DUF5417              PF17438.6     91 >LH00406:11:22GHGVLT3:1:1102:2442:4397 -             88      0.12   12.9   0.0   1   1   6.6e-06      0.14   12.6   0.0    52    81    36    65    20    69 0.85 Family of unknown function (DUF5417)
AAA_31               PF13614.10   177 >LH00406:11:22GHGVLT3:1:1102:49182:4413 -             39   8.5e-11   42.3   0.1   1   1   4.3e-14   8.9e-11   42.2   0.1     8    43     2    39     1    39 0.93 AAA domain
CbiA                 PF01656.27   125 >LH00406:11:22GHGVLT3:1:1102:49182:4413 -             39   1.8e-08   34.6   0.0   1   1   9.1e-12   1.9e-08   34.5   0.0     4    40     1    39     1    39 0.94 CobQ/CobB/MinD/ParA nucleotide binding domain
ArsA_ATPase          PF02374.19   305 >LH00406:11:22GHGVLT3:1:1102:49182:4413 -             39   0.00063   19.2   0.0   1   1     3e-07   0.00063   19.2   0.0     8    40     3    37     1    39 0.81 Anion-transporting ATPase
DUF87                PF01935.21   220 >LH00406:11:22GHGVLT3:1:1102:49182:4413 -             39    0.0025   18.2   0.1   1   1   1.3e-06    0.0027   18.0   0.1    33    60     6    34     3    36 0.94 Helicase HerA, central domain
ParA                 PF10609.13   246 >LH00406:11:22GHGVLT3:1:1102:49182:4413 -             39    0.0031   17.1   0.0   1   1   1.6e-06    0.0033   17.1   0.0    11    42     3    34     1    37 0.78 NUBPL iron-transfer P-loop NTPase
Fer4_NifH            PF00142.22   271 >LH00406:11:22GHGVLT3:1:1102:49182:4413 -             39    0.0032   17.2   0.0   1   1   1.5e-06    0.0032   17.2   0.0     7    39     3    37     1    39 0.85 4Fe-4S iron sulfur cluster binding proteins, NifH/frxC family
CBP_BcsQ             PF06564.16   234 >LH00406:11:22GHGVLT3:1:1102:49182:4413 -             39     0.031   14.0   0.0   1   1   1.7e-05     0.035   13.8   0.0    10    40     4    36     2    38 0.89 Cellulose biosynthesis protein BcsQ
MipZ                 PF09140.15   262 >LH00406:11:22GHGVLT3:1:1102:49182:4413 -             39      0.11   12.0   0.0   1   1   5.3e-05      0.11   12.0   0.0     7    39     2    36     1    39 0.82 ATPase MipZ
CLP1_P               PF16575.9    188 >LH00406:11:22GHGVLT3:1:1102:49182:4413 -             39      0.13   12.3   0.0   1   1   6.5e-05      0.14   12.2   0.0     4    32     6    36     4    39 0.86 mRNA cleavage and polyadenylation factor CLP1 P-loop
ATP_bind_1           PF03029.21   240 >LH00406:11:22GHGVLT3:1:1102:49182:4413 -             39      0.13   12.2   0.0   1   1   6.8e-05      0.14   12.1   0.0     6    36     6    38     4    39 0.78 Conserved hypothetical ATP binding protein
DUF3169              PF11368.12   250 >LH00406:11:22GHGVLT3:1:1102:2738:4429 -             76   2.4e-13   50.4   3.9   1   1   3.8e-17   2.6e-13   50.3   3.9   205   250     3    48     1    48 0.96 Protein of unknown function (DUF3169)
DUF4870              PF09685.14   107 >LH00406:11:22GHGVLT3:1:1102:2738:4429 -             76     0.057   13.6   1.3   1   1   9.6e-06     0.066   13.4   1.3    54    91     9    50     4    57 0.68 Domain of unknown function (DUF4870)
DUF3671              PF12420.12   223 >LH00406:11:22GHGVLT3:1:1102:2738:4429 -             76      0.18   11.5   1.0   1   1     3e-05      0.21   11.2   1.0   173   218     9    54     3    58 0.83 Fam-L, Fam-M like protein
Yos1                 PF08571.14    81 >LH00406:11:22GHGVLT3:1:1102:35081:4429 -             77     0.086   13.3   0.0   1   1   4.8e-06     0.099   13.1   0.0    39    72    41    74    24    76 0.81 Yos1-like
zf-C6H2              PF15801.9     47 >LH00406:11:22GHGVLT3:1:1102:22183:4445 -             49     0.083   13.2   1.0   1   1   4.9e-06       0.1   12.9   1.0    22    38     8    24     5    26 0.83 zf-MYND-like zinc finger, mRNA-binding
Antimicrobial22      PF16047.9     21 >LH00406:11:22GHGVLT3:1:1102:36255:4477 -             72      0.11   12.5   1.2   1   2      0.11   2.3e+03   -1.2   0.3    19    21     1     3     1     8 0.61 Frog antimicrobial peptide
Antimicrobial22      PF16047.9     21 >LH00406:11:22GHGVLT3:1:1102:36255:4477 -             72      0.11   12.5   1.2   2   2   5.5e-06      0.11   12.5   1.2     8    19    37    48    36    48 0.93 Frog antimicrobial peptide
FdtA                 PF05523.15   131 >LH00406:11:22GHGVLT3:1:1102:36191:4557 -             79   0.00015   21.8   0.0   1   1   8.5e-09   0.00018   21.5   0.0     4    46    36    79    33    79 0.84 WxcM-like, C-terminal
DUF4222              PF13973.10    53 >LH00406:11:22GHGVLT3:1:1102:3617:4573 -             57      0.07   12.9   0.0   1   2   0.00044       9.2    6.1   0.0    26    42    16    33    10    35 0.82 Domain of unknown function (DUF4222)
DUF4222              PF13973.10    53 >LH00406:11:22GHGVLT3:1:1102:3617:4573 -             57      0.07   12.9   0.0   2   2   0.00091        19    5.1   0.0    11    25    37    51    36    55 0.84 Domain of unknown function (DUF4222)
Na_H_antiporter      PF03553.18   303 >LH00406:11:22GHGVLT3:1:1102:31484:4605 -             38     4e-12   46.2   0.6   1   1     2e-16   4.2e-12   46.1   0.6   252   290     1    38     1    38 0.97 Na+/H+ antiporter family
ChlI                 PF13541.10   121 >LH00406:11:22GHGVLT3:1:1102:12114:4621 -             87   1.1e-31  109.5   0.0   1   1   1.1e-35   1.2e-31  109.4   0.0    34   117     2    87     1    87 0.97 Subunit ChlI of Mg-chelatase
Lon_C                PF05362.17   205 >LH00406:11:22GHGVLT3:1:1102:12114:4621 -             87      0.13   11.9   0.0   1   1   1.3e-05      0.14   11.9   0.0    93   159    10    78     2    87 0.81 Lon protease (S16) C-terminal proteolytic domain
EI24                 PF07264.15   196 >LH00406:11:22GHGVLT3:1:1102:20343:4653 -             89     0.085   13.1   8.7   1   1   1.3e-05     0.093   13.0   8.7    24    89     2    69     1    85 0.56 Etoposide-induced protein 2.4 (EI24)
YlaH                 PF14036.10    76 >LH00406:11:22GHGVLT3:1:1102:20343:4653 -             89      0.69   10.5   6.9   1   2    0.0093        65    4.2   0.2    35    57     3    26     1    30 0.68 YlaH-like protein
YlaH                 PF14036.10    76 >LH00406:11:22GHGVLT3:1:1102:20343:4653 -             89      0.69   10.5   6.9   2   2   0.00028         2    9.0   2.1    37    66    43    72    39    74 0.91 YlaH-like protein
DHHC                 PF01529.24   133 >LH00406:11:22GHGVLT3:1:1102:20343:4653 -             89       1.7    8.9   4.2   1   1    0.0003       2.1    8.6   4.2    55   118     3    73     1    79 0.46 DHHC palmitoyltransferase
DUF4099              PF13351.10    82 >LH00406:11:22GHGVLT3:1:1102:33213:4685 -             35   1.6e-05   25.3   0.0   1   1   8.3e-10   1.7e-05   25.2   0.0    11    43     1    35     1    35 0.97 Protein of unknown function (DUF4099)
Peptidase_M24        PF00557.28   208 >LH00406:11:22GHGVLT3:1:1102:49838:4685 -             86   2.4e-16   60.3   0.0   1   1   2.5e-20   2.6e-16   60.2   0.0    53   136     2    85     1    86 0.95 Metallopeptidase family M24
tRNA_Me_trans_M      PF20259.2     66 >LH00406:11:22GHGVLT3:1:1102:49838:4685 -             86      0.14   11.9   0.0   1   2   0.00042       4.3    7.2   0.0    11    34    22    45    16    50 0.86 tRNA methyl transferase PRC-barrel domain
tRNA_Me_trans_M      PF20259.2     66 >LH00406:11:22GHGVLT3:1:1102:49838:4685 -             86      0.14   11.9   0.0   2   2    0.0091        94    2.9   0.0    18    34    70    85    55    86 0.79 tRNA methyl transferase PRC-barrel domain
DUF4861              PF16153.9    378 >LH00406:11:22GHGVLT3:1:1102:5041:4701 -             86   2.3e-08   33.6   0.0   1   1   1.8e-12   3.8e-08   32.9   0.0    16   130     2    86     1    86 0.89 Domain of unknown function (DUF4861)
CCSMST1              PF15013.10    74 >LH00406:11:22GHGVLT3:1:1102:13565:4701 -             76     0.068   13.5   0.1   1   1   4.6e-06     0.095   13.0   0.1    39    64     2    27     1    33 0.90 CCSMST1 family
Exo_endo_phos_3      PF19580.3    311 >LH00406:11:22GHGVLT3:1:1102:49256:4733 -             56   5.2e-19   68.6   0.0   1   1   2.8e-23   5.8e-19   68.5   0.0    56   105     7    56     3    56 0.97 Endonuclease/Exonuclease/phosphatase family
SBP_bac_8            PF13416.10   279 >LH00406:11:22GHGVLT3:1:1102:2313:4749 -             88    0.0082   16.1   0.5   1   1   8.8e-07    0.0091   16.0   0.5   111   169    13    76     4    83 0.83 Bacterial extracellular solute-binding protein
SAM_3                PF18016.5     65 >LH00406:11:22GHGVLT3:1:1102:2313:4749 -             88      0.11   12.7   0.0   1   2     0.043   4.5e+02    1.1   0.0     9    21    11    23     9    30 0.87 SAM domain (Sterile alpha motif)
SAM_3                PF18016.5     65 >LH00406:11:22GHGVLT3:1:1102:2313:4749 -             88      0.11   12.7   0.0   2   2    0.0001       1.1    9.5   0.0    23    50    48    75    45    79 0.94 SAM domain (Sterile alpha motif)
Obc1_cap             PF21502.1    178 >LH00406:11:22GHGVLT3:1:1102:6575:4765 -             54    0.0016   18.5   0.0   1   1   1.6e-07    0.0017   18.5   0.0    58    98    11    53     4    54 0.86 Oxalate biosynthetic component 1, cap domain
PRTase_3             PF15610.10   264 >LH00406:11:22GHGVLT3:1:1102:6575:4765 -             54     0.094   12.3   0.1   1   1   9.2e-06     0.095   12.2   0.1   202   245     6    48     1    51 0.89 PRTase ComF-like
PQQ                  PF01011.25    38 >LH00406:11:22GHGVLT3:1:1102:9867:4797 -             70     0.023   14.7   0.3   1   1   4.5e-06     0.047   13.7   0.3     1    23    11    33    11    35 0.87 PQQ enzyme repeat
NarE                 PF21641.1    120 >LH00406:11:22GHGVLT3:1:1102:9867:4797 -             70       0.1   13.1   0.1   1   1   1.1e-05      0.12   12.9   0.1    85   118    18    51     7    53 0.85 NarE
Alpha_L_fucos        PF01120.21   352 >LH00406:11:22GHGVLT3:1:1102:37790:4797 -             82   1.8e-12   47.6   0.0   1   1   1.1e-16   2.3e-12   47.2   0.0   308   351     9    52     2    53 0.95 Alpha-L-fucosidase
Toluene_X            PF03349.20   431 >LH00406:11:22GHGVLT3:1:1102:9469:4813 -             73      0.01   14.5   0.3   1   1   5.6e-07     0.012   14.4   0.3    21    74    10    65     4    72 0.81 Outer membrane protein transport protein (OMPP1/FadL/TodX)
DUF4861              PF16153.9    378 >LH00406:11:22GHGVLT3:1:1102:17523:4829 -             72   1.1e-23   84.0   0.0   1   1   5.3e-28   1.1e-23   84.0   0.0   165   230     8    71     1    72 0.91 Domain of unknown function (DUF4861)
DUF4298              PF14131.10    87 >LH00406:11:22GHGVLT3:1:1102:28812:4845 -             69    0.0029   17.8   0.0   1   1   4.5e-07    0.0031   17.7   0.0     9    50     6    47     3    65 0.89 Domain of unknown function (DUF4298)
RasGEF_N_2           PF14663.10   108 >LH00406:11:22GHGVLT3:1:1102:28812:4845 -             69      0.11   13.1   0.0   1   1   1.8e-05      0.12   12.9   0.0    31    77     1    49     1    58 0.85 Rapamycin-insensitive companion of mTOR RasGEF_N domain
Mur_ligase_C         PF02875.25    88 >LH00406:11:22GHGVLT3:1:1102:28812:4845 -             69      0.15   12.5   0.0   1   1   2.8e-05      0.19   12.2   0.0     9    34    24    49    18    60 0.88 Mur ligase family, glutamate ligase domain
VapE-like_dom        PF05272.15   217 >LH00406:11:22GHGVLT3:1:1102:10755:4861 -             63     8e-06   25.6   0.0   1   1   3.9e-10   8.1e-06   25.6   0.0   152   207     3    59     1    63 0.81 Virulence-associated protein E-like domain
zf-HC2               PF13490.10    35 >LH00406:11:22GHGVLT3:1:1102:13418:4861 -             84      0.63   10.4   3.2   1   2     0.024     5e+02    1.1   0.4    29    34    29    34    29    35 0.89 Putative zinc-finger
zf-HC2               PF13490.10    35 >LH00406:11:22GHGVLT3:1:1102:13418:4861 -             84      0.63   10.4   3.2   2   2   5.2e-05       1.1    9.7   0.2    23    32    44    53    44    54 0.91 Putative zinc-finger
Rce1-like            PF02517.20    93 >LH00406:11:22GHGVLT3:1:1102:30782:4861 -             66   8.6e-14   51.8   0.5   1   1   4.5e-18   9.3e-14   51.7   0.5     5    54    14    64    10    66 0.92 Type II CAAX prenyl endopeptidase Rce1-like
TMF_TATA_bd          PF12325.12   115 >LH00406:11:22GHGVLT3:1:1102:48544:4909 -             81    0.0018   18.6   7.3   1   2     0.012        16    5.9   0.5    50    74     2    26     1    30 0.84 TATA element modulatory factor 1 TATA binding
TMF_TATA_bd          PF12325.12   115 >LH00406:11:22GHGVLT3:1:1102:48544:4909 -             81    0.0018   18.6   7.3   2   2   5.9e-06    0.0076   16.6   1.4    60   101    33    70    29    78 0.86 TATA element modulatory factor 1 TATA binding
Prefoldin_3          PF13758.10    99 >LH00406:11:22GHGVLT3:1:1102:48544:4909 -             81    0.0053   17.0   0.5   1   1   4.8e-06    0.0063   16.8   0.5     6    65     3    69     1    73 0.90 Prefoldin subunit
Knl1_RWD_C           PF18210.5    151 >LH00406:11:22GHGVLT3:1:1102:48544:4909 -             81     0.012   16.0   8.5   1   2    0.0069         9    6.6   0.2     2    26     7    30     6    38 0.81 Knl1 RWD C-terminal domain
Knl1_RWD_C           PF18210.5    151 >LH00406:11:22GHGVLT3:1:1102:48544:4909 -             81     0.012   16.0   8.5   2   2   9.2e-05      0.12   12.7   3.8     3    52    36    77    34    81 0.78 Knl1 RWD C-terminal domain
DUF16                PF01519.20   104 >LH00406:11:22GHGVLT3:1:1102:48544:4909 -             81     0.015   16.0   2.3   1   1   1.4e-05     0.019   15.7   2.3    30    91     5    63     2    75 0.86 Protein of unknown function DUF16
DUF3450              PF11932.12   241 >LH00406:11:22GHGVLT3:1:1102:48544:4909 -             81      0.02   14.4   2.7   1   1   1.8e-05     0.023   14.2   2.7    47   103     5    61     3    74 0.93 Protein of unknown function (DUF3450)
DUF5798              PF19111.4     89 >LH00406:11:22GHGVLT3:1:1102:48544:4909 -             81     0.033   14.6   1.7   1   1     3e-05      0.04   14.3   1.7    22    81    16    79     3    81 0.80 Family of unknown function (DUF5798)
MAD                  PF05557.17   661 >LH00406:11:22GHGVLT3:1:1102:48544:4909 -             81     0.036   12.7   6.7   1   1   3.1e-05      0.04   12.5   6.7   119   195     3    79     2    81 0.95 Mitotic checkpoint protein
DUF2968              PF11180.12   180 >LH00406:11:22GHGVLT3:1:1102:48544:4909 -             81      0.04   13.8   3.7   1   1   3.7e-05     0.048   13.5   3.7    88   161     5    81     2    81 0.83 Protein of unknown function (DUF2968)
FlgM                 PF04316.17    55 >LH00406:11:22GHGVLT3:1:1102:48544:4909 -             81     0.053   14.0   0.1   1   1   7.4e-05     0.096   13.1   0.1     4    38    10    47     8    48 0.86 Anti-sigma-28 factor, FlgM
Nuf2_DHR10-like      PF18595.5    117 >LH00406:11:22GHGVLT3:1:1102:48544:4909 -             81     0.068   13.4   7.1   1   1   6.3e-05     0.082   13.2   7.1    20    87     3    70     2    79 0.95 Nuf2, DHR10-like domain
DUF1664              PF07889.16   124 >LH00406:11:22GHGVLT3:1:1102:48544:4909 -             81      0.14   12.4   2.4   1   2   0.00034      0.44   10.8   0.2    74   122     3    51     1    53 0.88 Protein of unknown function (DUF1664)
DUF1664              PF07889.16   124 >LH00406:11:22GHGVLT3:1:1102:48544:4909 -             81      0.14   12.4   2.4   2   2      0.21   2.7e+02    1.8   0.2    57    78    59    80    52    81 0.74 Protein of unknown function (DUF1664)
TolA_bind_tri        PF16331.9     76 >LH00406:11:22GHGVLT3:1:1102:48544:4909 -             81      0.16   12.2   5.9   1   2    0.0031       4.1    7.7   0.2    13    52     4    43     3    47 0.88 TolA binding protein trimerisation
TolA_bind_tri        PF16331.9     76 >LH00406:11:22GHGVLT3:1:1102:48544:4909 -             81      0.16   12.2   5.9   2   2     0.004       5.3    7.3   1.9    27    57    49    79    31    81 0.73 TolA binding protein trimerisation
Csm1_N               PF18504.5     70 >LH00406:11:22GHGVLT3:1:1102:48544:4909 -             81      0.21   12.1   7.5   1   3     0.013        17    6.0   0.2    33    51     8    26     3    33 0.73 Csm1 N-terminal domain
Csm1_N               PF18504.5     70 >LH00406:11:22GHGVLT3:1:1102:48544:4909 -             81      0.21   12.1   7.5   2   3    0.0011       1.5    9.4   0.5    36    62    32    58    29    65 0.85 Csm1 N-terminal domain
Csm1_N               PF18504.5     70 >LH00406:11:22GHGVLT3:1:1102:48544:4909 -             81      0.21   12.1   7.5   3   3       0.7   9.1e+02    0.5   1.1    44    59    64    79    52    81 0.61 Csm1 N-terminal domain
Seryl_tRNA_N         PF02403.26   108 >LH00406:11:22GHGVLT3:1:1102:48544:4909 -             81      0.22   12.0   5.2   1   1   0.00021      0.28   11.6   5.2    17    92     3    79     2    81 0.89 Seryl-tRNA synthetase N-terminal domain
Bap31_Bap29_C        PF18035.5     52 >LH00406:11:22GHGVLT3:1:1102:48544:4909 -             81       1.5    9.1   7.4   1   2   0.00083       1.1    9.6   0.1     6    24     4    25     1    27 0.81 Bap31/Bap29 cytoplasmic coiled-coil domain
Bap31_Bap29_C        PF18035.5     52 >LH00406:11:22GHGVLT3:1:1102:48544:4909 -             81       1.5    9.1   7.4   2   2      0.19   2.4e+02    2.1   2.8     2    29    38    68    37    79 0.79 Bap31/Bap29 cytoplasmic coiled-coil domain
ZapB                 PF06005.16    71 >LH00406:11:22GHGVLT3:1:1102:48544:4909 -             81       2.3    9.0  11.4   1   2     0.028        37    5.1   1.3    30    57     4    24     1    35 0.55 Cell division protein ZapB
ZapB                 PF06005.16    71 >LH00406:11:22GHGVLT3:1:1102:48544:4909 -             81       2.3    9.0  11.4   2   2    0.0012       1.5    9.5   2.9    18    50    37    65    29    81 0.62 Cell division protein ZapB
DDE_Tnp_1_assoc      PF13808.10    88 >LH00406:11:22GHGVLT3:1:1102:9423:4925 -             73     0.015   15.5   0.0   1   1   1.8e-06     0.019   15.2   0.0     3    53    17    69    15    72 0.82 DDE_Tnp_1-associated
Polysacc_synt        PF01943.21   274 >LH00406:11:22GHGVLT3:1:1102:9423:4925 -             73     0.031   13.9   0.0   1   1     3e-06     0.031   13.9   0.0    61    97    18    54     3    71 0.81 Polysaccharide biosynthesis protein
Chromo_shadow        PF01393.23    52 >LH00406:11:22GHGVLT3:1:1102:28711:4925 -             56      0.02   15.1   0.0   1   1   2.5e-06     0.026   14.8   0.0     5    36    18    48    16    50 0.92 Chromo shadow domain
DUF4160              PF13711.10    65 >LH00406:11:22GHGVLT3:1:1102:28711:4925 -             56       0.2   12.1   0.0   1   1   2.2e-05      0.23   11.9   0.0    16    38    16    40    13    50 0.80 Domain of unknown function (DUF4160)
DUF6274              PF19790.3     77 >LH00406:11:22GHGVLT3:1:1102:48405:4925 -             51      0.13   13.0   1.1   1   1   6.1e-06      0.13   13.0   1.1    18    35    18    35     3    47 0.74 Family of unknown function (DUF6274)
DUF4097              PF13349.10   246 >LH00406:11:22GHGVLT3:1:1102:9987:4941 -             74     0.012   15.3   0.0   1   1     6e-07     0.013   15.2   0.0   108   154    15    64     2    68 0.87 Putative adhesin
LacAB_rpiB           PF02502.22   138 >LH00406:11:22GHGVLT3:1:1102:10376:4941 -             86   1.1e-06   28.9   0.0   1   1     6e-11   1.2e-06   28.7   0.0   104   138     1    35     1    35 0.97 Ribose/Galactose Isomerase
DUF5053              PF16476.9     71 >LH00406:11:22GHGVLT3:1:1102:39039:4941 -             44    0.0052   16.6   0.2   1   1   3.1e-07    0.0065   16.3   0.2    34    59     3    28     2    31 0.90 Domain of unknown function (DUF5053)
Sad1_UNC             PF07738.17   132 >LH00406:11:22GHGVLT3:1:1102:39297:4941 -             73     0.036   14.3   0.1   1   2      0.49   3.4e+03   -1.8   0.0   116   124     4    12     2    13 0.83 Sad1 / UNC-like C-terminal
Sad1_UNC             PF07738.17   132 >LH00406:11:22GHGVLT3:1:1102:39297:4941 -             73     0.036   14.3   0.1   2   2   9.6e-06     0.067   13.4   0.0    72   116    22    65    15    73 0.85 Sad1 / UNC-like C-terminal
F5_F8_type_C         PF00754.29   127 >LH00406:11:22GHGVLT3:1:1102:39297:4941 -             73     0.061   13.7   0.0   1   1     1e-05     0.073   13.4   0.0    73   118    22    65    18    72 0.80 F5/8 type C domain
Bac_rhamnosid-like_N PF21209.1    207 >LH00406:11:22GHGVLT3:1:1102:39297:4941 -             73      0.18   11.4   0.5   1   2   0.00011      0.73    9.4   0.2    95   122    23    50     8    55 0.80 Alpha-rhamnosidase-like, bacteroidetes, N-terminal
Bac_rhamnosid-like_N PF21209.1    207 >LH00406:11:22GHGVLT3:1:1102:39297:4941 -             73      0.18   11.4   0.5   2   2     0.054   3.8e+02    0.6   0.0   159   174    55    70    49    72 0.85 Alpha-rhamnosidase-like, bacteroidetes, N-terminal
IspD                 PF01128.23   221 >LH00406:11:22GHGVLT3:1:1102:43098:4957 -             47     0.029   14.3   0.0   1   1   1.4e-06     0.029   14.3   0.0    66    98    14    47     1    47 0.77 2-C-methyl-D-erythritol 4-phosphate cytidylyltransferase
FecR_C               PF16344.9     70 >LH00406:11:22GHGVLT3:1:1102:14185:5006 -             65   0.00098   19.3   0.0   1   1   1.2e-07    0.0012   19.0   0.0     2    30    33    61    32    65 0.87 FecR, C-terminal
MELT                 PF19221.4     26 >LH00406:11:22GHGVLT3:1:1102:14185:5006 -             65      0.13   12.5   0.0   1   2         2   2.1e+04   -4.4   1.2    15    17    34    36    34    36 0.87 MELT motif
MELT                 PF19221.4     26 >LH00406:11:22GHGVLT3:1:1102:14185:5006 -             65      0.13   12.5   0.0   2   2   1.2e-05      0.13   12.5   0.0     3    17    52    64    51    64 0.93 MELT motif
Serpentine_r_xa      PF03383.19   153 >LH00406:11:22GHGVLT3:1:1102:5928:5054 -             80     0.028   14.6   1.2   1   1   1.5e-06     0.031   14.5   1.2    86   129     8    52     3    54 0.80 Caenorhabditis serpentine receptor-like protein, class xa
Peptidase_M16_C      PF05193.25   181 >LH00406:11:22GHGVLT3:1:1102:29635:5054 -             89      0.12   12.4   0.1   1   2     1e-05      0.21   11.6   0.1   145   179     5    39     1    41 0.84 Peptidase M16 inactive domain
Peptidase_M16_C      PF05193.25   181 >LH00406:11:22GHGVLT3:1:1102:29635:5054 -             89      0.12   12.4   0.1   2   2      0.22   4.6e+03   -2.5   0.0   137   159    59    81    48    85 0.68 Peptidase M16 inactive domain
Gp5_C                PF06715.16    24 >LH00406:11:22GHGVLT3:1:1102:36681:5054 -             70   0.00095   19.3   1.2   1   2   0.00096        10    6.7   0.1    14    21     5    12     3    13 0.75 Gp5 C-terminal repeat (3 copies)
Gp5_C                PF06715.16    24 >LH00406:11:22GHGVLT3:1:1102:36681:5054 -             70   0.00095   19.3   1.2   2   2     3e-05      0.31   11.5   0.1     2    19    37    54    36    58 0.83 Gp5 C-terminal repeat (3 copies)
B_solenoid_ydck      PF18836.5     17 >LH00406:11:22GHGVLT3:1:1102:36681:5054 -             70      0.19   12.0   4.2   1   2   0.00042       4.4    7.8   0.2     2    10     5    13     5    15 0.90 YdcK Beta solenoid repeat
B_solenoid_ydck      PF18836.5     17 >LH00406:11:22GHGVLT3:1:1102:36681:5054 -             70      0.19   12.0   4.2   2   2    0.0024        25    5.4   0.5     3    12    42    51    39    53 0.87 YdcK Beta solenoid repeat
Rep3_N               PF01051.25   141 >LH00406:11:22GHGVLT3:1:1102:49625:5054 -             58    0.0056   17.3   0.0   1   1   2.7e-07    0.0056   17.3   0.0    83   129     8    58     1    58 0.86 Initiator Replication protein, WH1
SusD_RagB            PF07980.15   295 >LH00406:11:22GHGVLT3:1:1102:26676:5086 -             80      0.23   11.3   0.0   1   1   1.1e-05      0.24   11.2   0.0   266   295     9    35     1    35 0.72 SusD family
Glyco_hydro_10       PF00331.24   311 >LH00406:11:22GHGVLT3:1:1102:24208:5166 -             45   0.00048   19.7   0.0   1   1   4.6e-08   0.00048   19.7   0.0   112   134     2    24     1    41 0.80 Glycosyl hydrolase family 10
FG-GAP               PF01839.27    37 >LH00406:11:22GHGVLT3:1:1102:24208:5166 -             45    0.0042   17.1   0.4   1   1   6.3e-07    0.0066   16.5   0.4     3    18    18    33    16    33 0.90 FG-GAP repeat
Saf_2TM              PF18303.5    152 >LH00406:11:22GHGVLT3:1:1102:29811:5166 -             76     0.064   13.1   0.0   1   1   3.7e-06     0.078   12.8   0.0    65   114    25    74    23    75 0.93 SAVED-fused 2TM effector domain
OEP                  PF02321.22   187 >LH00406:11:22GHGVLT3:1:1102:16469:5182 -             71   2.6e-09   37.3   0.2   1   1   2.6e-13   2.7e-09   37.3   0.2     1    73     6    70     6    71 0.90 Outer membrane efflux protein
HNF_C                PF09354.14    65 >LH00406:11:22GHGVLT3:1:1102:16469:5182 -             71     0.057   14.4   0.2   1   1   6.4e-06     0.066   14.2   0.2    21    59    19    57     2    63 0.87 HNF3 C-terminal domain
PASTA                PF03793.23    63 >LH00406:11:22GHGVLT3:1:1102:8360:5198 -             48   1.5e-06   28.2   0.1   1   1   7.6e-11   1.6e-06   28.1   0.1     2    41     7    47     6    48 0.88 PASTA domain
Peptidase_C1_2       PF03051.19   438 >LH00406:11:22GHGVLT3:1:1102:41239:5198 -             70   3.7e-15   55.9   0.0   1   1   1.9e-19     4e-15   55.8   0.0   294   363     1    70     1    70 0.98 Peptidase C1-like family
Aldose_epim          PF01263.24   299 >LH00406:11:22GHGVLT3:1:1102:17033:5262 -             70   8.6e-09   35.4   0.0   1   1   4.5e-13   9.3e-09   35.3   0.0   258   299    12    53     3    53 0.90 Aldose 1-epimerase
DUF3813              PF12758.11    62 >LH00406:11:22GHGVLT3:1:1102:4541:5278 -             59     0.024   15.2   0.1   1   1   1.7e-06     0.036   14.6   0.1    40    57    29    46    23    51 0.89 Protein of unknown function (DUF3813)
E1-E2_ATPase         PF00122.24   181 >LH00406:11:22GHGVLT3:1:1102:48331:5278 -             44   4.4e-06   26.5   0.1   1   1   2.2e-10   4.7e-06   26.4   0.1   105   143     2    40     1    43 0.92 E1-E2 ATPase
a_DG1_N2             PF18424.5    123 >LH00406:11:22GHGVLT3:1:1102:39815:5294 -             66      0.17   12.1   0.0   1   1   9.4e-06       0.2   11.8   0.0    67    99     7    39     2    48 0.85 Alpha-Dystroglycan N-terminal domain 2
PrgI                 PF12666.11    91 >LH00406:11:22GHGVLT3:1:1102:14120:5310 -             75     0.015   16.0   0.1   1   1   1.8e-06     0.019   15.7   0.1    12    62    16    69    12    73 0.65 PrgI family protein
ABC2_membrane_7      PF19055.4    410 >LH00406:11:22GHGVLT3:1:1102:14120:5310 -             75     0.048   12.7   0.1   1   1   4.6e-06     0.048   12.7   0.1   273   303    44    74    14    75 0.84 ABC-2 type transporter
DUF6702              PF20420.2    141 >LH00406:11:22GHGVLT3:1:1102:22359:5326 -             62     0.073   13.2   0.1   1   1   3.5e-06     0.073   13.2   0.1    56   102     9    56     2    62 0.86 Domain of unknown function (DUF6702)
DUF4202              PF13875.10   184 >LH00406:11:22GHGVLT3:1:1102:2877:5342 -             60      0.38   10.8   1.5   1   1   2.1e-05      0.44   10.6   1.4    50    65    44    59    27    60 0.86 Domain of unknown function (DUF4202)
DUF3169              PF11368.12   250 >LH00406:11:22GHGVLT3:1:1102:48682:5342 -             67      0.27   11.0   8.5   1   1   1.4e-05       0.3   10.8   8.5    11    75     5    65     1    66 0.80 Protein of unknown function (DUF3169)
Circo_capsid         PF02443.19   237 >LH00406:11:22GHGVLT3:1:1102:17088:5358 -             88       4.7    6.9  10.3   1   1   0.00028       5.8    6.6  10.3    11    37    27    53    16    65 0.76 Circovirus capsid protein
NAD_binding_4        PF07993.16   258 >LH00406:11:22GHGVLT3:1:1102:8684:5406 -             84    0.0004   19.8   0.0   1   1   8.6e-08   0.00045   19.6   0.0     1    36    25    63    25    77 0.78 Male sterility protein
Semialdhyde_dh       PF01118.28   121 >LH00406:11:22GHGVLT3:1:1102:8684:5406 -             84     0.068   13.8   0.0   1   1   1.5e-05     0.078   13.6   0.0     2    35    23    59    22    80 0.67 Semialdehyde dehydrogenase, NAD binding domain
NAD_binding_10       PF13460.10   184 >LH00406:11:22GHGVLT3:1:1102:8684:5406 -             84       0.1   12.6   0.0   1   1   2.3e-05      0.12   12.4   0.0     1    48    27    79    27    83 0.73 NAD(P)H-binding
Epimerase            PF01370.25   240 >LH00406:11:22GHGVLT3:1:1102:8684:5406 -             84      0.12   12.0   0.0   1   1   2.2e-05      0.12   12.0   0.0     3    22    25    44    23    78 0.77 NAD dependent epimerase/dehydratase family
MCPsignal            PF00015.25   172 >LH00406:11:22GHGVLT3:1:1102:45169:5438 -             63   3.9e-06   27.0   0.4   1   1   4.4e-10   4.6e-06   26.8   0.4    67   104     1    38     1    41 0.91 Methyl-accepting chemotaxis protein (MCP) signalling domain
DUF5798              PF19111.4     89 >LH00406:11:22GHGVLT3:1:1102:45169:5438 -             63     0.024   15.1   0.1   1   1   2.8e-06     0.029   14.7   0.1     1    37     2    38     2    41 0.91 Family of unknown function (DUF5798)
AAA_14               PF13173.10   130 >LH00406:11:22GHGVLT3:1:1102:52094:5454 -             49   1.2e-06   28.7   0.1   1   1     6e-11   1.2e-06   28.7   0.1    52    98     4    49     1    49 0.88 AAA domain
DUF5717_N            PF18984.4    875 >LH00406:11:22GHGVLT3:1:1102:29191:5502 -             60   6.5e-17   60.9   0.1   1   1   3.3e-21   6.8e-17   60.8   0.1   419   477     2    60     1    60 0.97 Family of unknown function (DUF5717)N-terminal
Rep3_N               PF01051.25   141 >LH00406:11:22GHGVLT3:1:1102:38327:5502 -             70     0.058   14.0   0.1   1   1   5.8e-06      0.06   13.9   0.1    34    79     1    48     1    67 0.75 Initiator Replication protein, WH1
Cyt_bd_oxida_II      PF02322.19   302 >LH00406:11:22GHGVLT3:1:1102:38327:5502 -             70      0.21   11.1   0.0   1   1   2.5e-05      0.26   10.8   0.0    19    52     9    40     7    41 0.91 Cytochrome bd terminal oxidase subunit II
PPDK_N               PF01326.23   327 >LH00406:11:22GHGVLT3:1:1102:25465:5518 -             76     0.072   12.5   0.0   1   1   3.6e-06     0.074   12.5   0.0   180   218    12    57     2    75 0.73 Pyruvate phosphate dikinase, AMP/ATP-binding domain
DUF6057              PF19529.3    569 >LH00406:11:22GHGVLT3:1:1102:14139:5534 -             83    0.0033   16.6   4.3   1   1   1.6e-07    0.0034   16.5   4.3    58   112    10    70     6    82 0.78 Family of unknown function (DUF6057)
zf-CCHC_3            PF13917.10    41 >LH00406:11:22GHGVLT3:1:1102:49570:5534 -             55    0.0026   17.8   0.8   1   2   2.2e-05      0.46   10.6   0.3    18    33    14    27    13    27 0.95 Zinc knuckle
zf-CCHC_3            PF13917.10    41 >LH00406:11:22GHGVLT3:1:1102:49570:5534 -             55    0.0026   17.8   0.8   2   2   0.00066        14    5.9   0.0    25    34    41    50    39    54 0.88 Zinc knuckle
LMWPc                PF01451.25   142 >LH00406:11:22GHGVLT3:1:1102:35164:5566 -             59   0.00075   20.1   0.0   1   1   3.9e-08   0.00082   20.0   0.0   114   142     3    31     1    31 0.93 Low molecular weight phosphotyrosine protein phosphatase
Peptidase_C1         PF00112.27   220 >LH00406:11:22GHGVLT3:1:1102:11522:5582 -             77   0.00026   21.3   0.0   1   1   1.4e-08   0.00029   21.2   0.0   164   205    28    69    15    76 0.87 Papain family cysteine protease
Nitroreductase       PF00881.28   168 >LH00406:11:22GHGVLT3:1:1102:22821:5582 -             74     1e-07   32.4   0.0   1   1   1.1e-11   1.2e-07   32.3   0.0     3    45    29    72    27    74 0.93 Nitroreductase family
TM1586_NiRdase       PF14512.10   215 >LH00406:11:22GHGVLT3:1:1102:22821:5582 -             74     0.036   13.8   0.0   1   1   4.1e-06     0.042   13.6   0.0     4    31    25    52    21    73 0.81 Putative TM nitroreductase
GshA                 PF08886.15   402 >LH00406:11:22GHGVLT3:1:1102:33361:5582 -             67      0.15   10.8   0.1   1   1   6.7e-06      0.14   10.9   0.1    74   105    36    67     5    67 0.76 Glutamate-cysteine ligase
Mur_ligase_C         PF02875.25    88 >LH00406:11:22GHGVLT3:1:1102:14583:5598 -             78   1.7e-06   28.4   0.0   1   1     1e-10   2.2e-06   28.1   0.0     1    52    31    77    31    78 0.92 Mur ligase family, glutamate ligase domain
Glyco_hydro_88       PF07470.17   352 >LH00406:11:22GHGVLT3:1:1102:47314:5630 -             57     0.023   13.9   0.2   1   1   1.1e-06     0.023   13.9   0.2   167   209    24    57     1    57 0.71 Glycosyl Hydrolase Family 88
AICARFT_IMPCHas      PF01808.22   311 >LH00406:11:22GHGVLT3:1:1102:23505:5646 -             67   1.8e-06   27.8   0.0   1   1   8.8e-11   1.8e-06   27.8   0.0    16    59     2    46     1    64 0.88 AICARFT/IMPCHase bienzyme
GalP_UDP_transf      PF01087.26   184 >LH00406:11:22GHGVLT3:1:1102:31050:5646 -             87   7.5e-11   43.0   0.0   1   1   7.7e-15     8e-11   42.9   0.0    36   107    10    86     2    87 0.94 Galactose-1-phosphate uridyl transferase, N-terminal domain
DUF4078              PF13300.10    86 >LH00406:11:22GHGVLT3:1:1102:31050:5646 -             87     0.037   14.5   0.1   1   1   4.3e-06     0.045   14.2   0.1    17    48    42    76    34    87 0.74 Domain of unknown function (DUF4078)
Polysacc_synt        PF01943.21   274 >LH00406:11:22GHGVLT3:1:1102:51197:5662 -             70    0.0079   15.9   0.1   1   1     4e-07    0.0083   15.8   0.1    11    68     1    58     1    68 0.94 Polysaccharide biosynthesis protein
UCR_UQCRX_QCR9       PF05365.16    53 >LH00406:11:22GHGVLT3:1:1102:2923:5678 -             54      0.19   11.9   1.1   1   2   0.00056        12    6.1   0.2     6    24     2    20     1    25 0.86 Ubiquinol-cytochrome C reductase, UQCRX/QCR9 like
UCR_UQCRX_QCR9       PF05365.16    53 >LH00406:11:22GHGVLT3:1:1102:2923:5678 -             54      0.19   11.9   1.1   2   2    0.0011        23    5.2   0.0     6    24    26    44    24    48 0.91 Ubiquinol-cytochrome C reductase, UQCRX/QCR9 like
MAP65_ASE1           PF03999.16   477 >LH00406:11:22GHGVLT3:1:1102:23061:5678 -             78      0.14   11.0   0.0   1   1   7.2e-06      0.15   10.9   0.0   126   181    30    78    14    78 0.81 Microtubule associated protein (MAP65/ASE1 family)
DUF1397              PF07165.15   207 >LH00406:11:22GHGVLT3:1:1102:21351:5695 -             42      0.14   11.7   0.0   1   1   6.9e-06      0.14   11.7   0.0   102   125     6    29     1    35 0.79 Protein of unknown function (DUF1397)
DUF3158              PF11358.12   156 >LH00406:11:22GHGVLT3:1:1102:1786:5727 -             58      0.17   11.8   0.0   1   1   8.4e-06      0.17   11.7   0.0    75   105    22    53    15    57 0.87 Protein of unknown function (DUF3158)
DHFR_1               PF00186.23   160 >LH00406:11:22GHGVLT3:1:1102:5919:5775 -             66   2.2e-14   53.7   0.0   1   1   2.2e-18   2.3e-14   53.6   0.0    76   138     1    65     1    66 0.90 Dihydrofolate reductase
Lipase_GDSL_3        PF14606.10   178 >LH00406:11:22GHGVLT3:1:1102:5919:5775 -             66     0.018   15.5   0.3   1   1     2e-06     0.021   15.3   0.3   124   177     4    56     2    57 0.89 GDSL-like Lipase/Acylhydrolase family
DUF4469              PF14734.10   101 >LH00406:11:22GHGVLT3:1:1102:30791:5807 -             69      0.09   13.0   0.0   1   1   7.8e-06      0.16   12.2   0.0    65    89     5    29     2    42 0.84 Domain of unknown function (DUF4469) with IG-like fold
Pur_ac_phosph_N      PF16656.9     93 >LH00406:11:22GHGVLT3:1:1102:41054:5807 -             77      0.11   13.3   0.1   1   1   1.3e-05      0.13   13.0   0.1    55    81    43    73     7    76 0.61 Purple acid Phosphatase, N-terminal domain
Peptidase_S21        PF00716.21   337 >LH00406:11:22GHGVLT3:1:1102:41054:5807 -             77      0.16   11.8   0.0   1   1   1.6e-05      0.16   11.8   0.0   103   131    40    68     8    72 0.84 Assemblin (Peptidase family S21)
Resolvase            PF00239.25   146 >LH00406:11:22GHGVLT3:1:1102:44475:5807 -             62   7.2e-11   42.5   0.0   1   1   3.8e-15     8e-11   42.4   0.0    65   101    25    62    21    62 0.92 Resolvase, N terminal domain
OKR_DC_1_C           PF03711.19   132 >LH00406:11:22GHGVLT3:1:1102:19936:5903 -             62   1.4e-15   57.9   0.3   1   1   7.7e-20   1.6e-15   57.8   0.3    81   131     1    48     1    49 0.97 Orn/Lys/Arg decarboxylase, C-terminal domain
DUF5961              PF19386.3     72 >LH00406:11:22GHGVLT3:1:1102:27139:5951 -             45      0.21   12.0   0.0   1   1     1e-05      0.22   12.0   0.0    14    41     4    33     1    38 0.79 Family of unknown function (DUF5961)
Sigma70_r4_2         PF08281.16    54 >LH00406:11:22GHGVLT3:1:1102:22174:5967 -             80   5.6e-12   45.3   0.0   1   1   8.1e-15   6.7e-12   45.1   0.0    13    52     4    43     1    45 0.89 Sigma-70, region 4
Sigma70_r4           PF04545.20    50 >LH00406:11:22GHGVLT3:1:1102:22174:5967 -             80   2.3e-10   40.0   0.0   1   1   3.3e-13   2.7e-10   39.8   0.0    11    50     8    47     1    47 0.92 Sigma-70, region 4
HTH_23               PF13384.10    50 >LH00406:11:22GHGVLT3:1:1102:22174:5967 -             80   9.5e-05   22.3   0.0   1   1   1.7e-07   0.00014   21.8   0.0    10    39     9    39     7    48 0.85 Homeodomain-like domain
HTH_24               PF13412.10    48 >LH00406:11:22GHGVLT3:1:1102:22174:5967 -             80   9.6e-05   22.1   0.0   1   1   1.7e-07   0.00014   21.6   0.0    17    40    17    40     4    46 0.94 Winged helix-turn-helix DNA-binding
HTH_Tnp_4            PF13613.10    53 >LH00406:11:22GHGVLT3:1:1102:22174:5967 -             80   0.00012   21.8   0.0   1   1   2.2e-07   0.00018   21.2   0.0    18    52    16    50     9    51 0.94 Helix-turn-helix of DDE superfamily endonuclease
GerE                 PF00196.23    57 >LH00406:11:22GHGVLT3:1:1102:22174:5967 -             80   0.00015   21.5   0.0   1   1   2.5e-07   0.00021   21.0   0.0     9    42     8    42     4    54 0.82 Bacterial regulatory proteins, luxR family
HTH_30               PF13556.10    59 >LH00406:11:22GHGVLT3:1:1102:22174:5967 -             80   0.00017   21.5   0.2   1   1   2.6e-07   0.00022   21.1   0.2     7    40    13    45     9    53 0.88 PucR C-terminal helix-turn-helix domain
HTH_20               PF12840.11    51 >LH00406:11:22GHGVLT3:1:1102:22174:5967 -             80   0.00032   20.8   0.0   1   1   5.3e-07   0.00044   20.3   0.0    17    41    16    40     7    46 0.83 Helix-turn-helix domain
HTH_17               PF12728.11    51 >LH00406:11:22GHGVLT3:1:1102:22174:5967 -             80   0.00036   20.9   0.0   1   1   9.1e-07   0.00076   19.8   0.0     2    24    18    40    18    50 0.91 Helix-turn-helix domain
HTH_10               PF04967.16    53 >LH00406:11:22GHGVLT3:1:1102:22174:5967 -             80    0.0017   18.3   0.0   1   1     3e-06    0.0025   17.8   0.0    25    48    19    42    14    46 0.88 HTH DNA binding domain
HTH_1                PF00126.31    60 >LH00406:11:22GHGVLT3:1:1102:22174:5967 -             80    0.0033   17.5   0.0   1   1   5.6e-06    0.0046   17.1   0.0    12    36    16    40    12    51 0.87 Bacterial regulatory helix-turn-helix protein, lysR family
HTH_29               PF13551.10    64 >LH00406:11:22GHGVLT3:1:1102:22174:5967 -             80    0.0043   17.3   0.0   1   1   8.2e-06    0.0068   16.7   0.0     2    33     7    38     6    44 0.93 Winged helix-turn helix
HTH_28               PF13518.10    52 >LH00406:11:22GHGVLT3:1:1102:22174:5967 -             80    0.0051   17.0   0.0   1   1   1.1e-05    0.0094   16.2   0.0     7    35    12    40     8    44 0.88 Helix-turn-helix domain
RWP-RK               PF02042.19    49 >LH00406:11:22GHGVLT3:1:1102:22174:5967 -             80    0.0053   16.8   0.0   1   1   9.3e-06    0.0077   16.3   0.0    12    32    17    37     8    54 0.87 RWP-RK domain
HTH_8                PF02954.23    42 >LH00406:11:22GHGVLT3:1:1102:22174:5967 -             80    0.0082   16.1   0.4   1   1   2.1e-05     0.017   15.0   0.0    22    37    21    36    19    40 0.86 Bacterial regulatory protein, Fis family
Sigma70_ECF          PF07638.15   185 >LH00406:11:22GHGVLT3:1:1102:22174:5967 -             80     0.025   14.7   0.0   1   1   3.5e-05     0.029   14.5   0.0   144   183    10    49     2    53 0.81 ECF sigma factor
HTH_11               PF08279.16    55 >LH00406:11:22GHGVLT3:1:1102:22174:5967 -             80     0.033   14.3   0.0   1   1   6.8e-05     0.056   13.5   0.0    15    38    17    40     9    50 0.88 HTH domain
HTH_3                PF01381.26    55 >LH00406:11:22GHGVLT3:1:1102:22174:5967 -             80     0.038   14.2   0.0   1   1     8e-05     0.066   13.4   0.0     9    28    17    36    16    40 0.91 Helix-turn-helix
DUF134               PF02001.20    98 >LH00406:11:22GHGVLT3:1:1102:22174:5967 -             80     0.043   14.6   0.0   1   1   5.9e-05     0.049   14.4   0.0    42    74     9    41     2    55 0.87 Protein of unknown function  DUF134
HTH_Tnp_ISL3         PF13542.10    51 >LH00406:11:22GHGVLT3:1:1102:22174:5967 -             80     0.056   13.1   0.0   1   1   0.00011     0.096   12.3   0.0    27    44    17    35    15    38 0.89 Helix-turn-helix domain of transposase family ISL3
KORA                 PF16509.9     84 >LH00406:11:22GHGVLT3:1:1102:22174:5967 -             80     0.076   13.4   0.0   1   1    0.0001     0.087   13.2   0.0    14    62     1    49     1    56 0.90 TrfB plasmid transcriptional repressor
Xre-like-HTH         PF20432.2     63 >LH00406:11:22GHGVLT3:1:1102:22174:5967 -             80     0.084   13.4   0.0   1   1   0.00013      0.11   13.0   0.0    23    42    17    36     8    44 0.85 Antitoxin Xre-like helix-turn-helix domain
NUMOD1               PF07453.17    37 >LH00406:11:22GHGVLT3:1:1102:22174:5967 -             80     0.093   13.2   0.0   1   1   0.00017      0.14   12.6   0.0    19    37    20    38    19    38 0.92 NUMOD1 domain
DUF746               PF05344.15    64 >LH00406:11:22GHGVLT3:1:1102:22174:5967 -             80      0.14   12.2   0.1   1   2   0.00039      0.32   11.1   0.0    14    35    19    40    16    48 0.86 Domain of Unknown Function (DUF746)
DUF746               PF05344.15    64 >LH00406:11:22GHGVLT3:1:1102:22174:5967 -             80      0.14   12.2   0.1   2   2       4.6   3.8e+03   -2.0   0.0    29    37    67    75    66    79 0.67 Domain of Unknown Function (DUF746)
HTH_31               PF13560.10    64 >LH00406:11:22GHGVLT3:1:1102:22174:5967 -             80       0.2   12.2   0.0   1   2   0.00058      0.49   10.9   0.0    15    32    18    35    16    39 0.92 Helix-turn-helix domain
HTH_31               PF13560.10    64 >LH00406:11:22GHGVLT3:1:1102:22174:5967 -             80       0.2   12.2   0.0   2   2       5.5   4.6e+03   -1.8   0.0     6    12    42    48    37    52 0.76 Helix-turn-helix domain
FLYWCH               PF04500.20    62 >LH00406:11:22GHGVLT3:1:1102:32011:5967 -             39     0.019   15.3   0.7   1   1     1e-06     0.021   15.2   0.7    27    45    12    30     7    31 0.89 FLYWCH zinc finger domain
OMP_b-brl_2          PF13568.10   177 >LH00406:11:22GHGVLT3:1:1102:9793:5983 -             85    0.0013   19.0   0.1   1   1   7.7e-08    0.0016   18.7   0.1   143   176     2    38     1    39 0.88 Outer membrane protein beta-barrel domain
DUF4056              PF13265.10   266 >LH00406:11:22GHGVLT3:1:1102:42709:5983 -             79     0.073   12.6   0.1   1   1   4.2e-06     0.087   12.4   0.1    96   145    29    78    27    79 0.96 Protein of unknown function (DUF4056)
Glyco_hydro_125      PF06824.15   413 >LH00406:11:22GHGVLT3:1:1102:13075:5999 -             61   9.4e-16   57.9   0.1   1   1   4.9e-20     1e-15   57.8   0.1    81   150     2    61     1    61 0.86 Metal-independent alpha-mannosidase (GH125)
Plug                 PF07715.19   107 >LH00406:11:22GHGVLT3:1:1102:33796:6079 -             78   1.8e-07   31.8   0.7   1   1   9.4e-12   1.9e-07   31.7   0.7     6    67     8    77     3    78 0.88 TonB-dependent Receptor Plug Domain
SurE                 PF01975.21   188 >LH00406:11:22GHGVLT3:1:1102:39353:6095 -             35    0.0077   16.2   0.0   1   1   3.7e-07    0.0077   16.2   0.0    40    72     2    35     1    35 0.87 Survival protein SurE
SDH_alpha            PF03313.19   260 >LH00406:11:22GHGVLT3:1:1102:39945:6095 -             46     0.097   12.5   0.2   1   1   4.8e-06       0.1   12.5   0.2   172   198    11    37     5    40 0.90 Serine dehydratase alpha chain
zf_UBZ               PF18439.5     32 >LH00406:11:22GHGVLT3:1:1102:11106:6111 -             82      0.03   14.2   0.0   1   1   2.1e-06     0.045   13.6   0.0     2    14    61    73    60    79 0.84 Ubiquitin-Binding Zinc Finger
Pneumo_ncap          PF03246.17   395 >LH00406:11:22GHGVLT3:1:1102:18577:6111 -             58     0.095   11.7   0.0   1   1   4.6e-06     0.095   11.7   0.0   213   251     1    39     1    53 0.91 Pneumovirus nucleocapsid protein
DUF3880              PF12996.11    78 >LH00406:11:22GHGVLT3:1:1102:45215:6127 -             75     0.072   13.4   0.2   1   1   8.4e-06     0.088   13.2   0.1     4    39     9    45     7    67 0.85 DUF based on E. rectale Gene description (DUF3880)
Barwin               PF00967.21   119 >LH00406:11:22GHGVLT3:1:1102:45215:6127 -             75      0.14   12.3   0.9   1   1   1.7e-05      0.18   12.0   0.9     7    44    34    69    31    72 0.90 Barwin family
MFS_1                PF07690.20   347 >LH00406:11:22GHGVLT3:1:1102:5188:6143 -             71   8.7e-07   28.4   2.7   1   1   8.8e-11   9.1e-07   28.3   2.7    62   130     2    70     1    71 0.81 Major Facilitator Superfamily
Sugar_tr             PF00083.28   452 >LH00406:11:22GHGVLT3:1:1102:5188:6143 -             71   3.6e-06   26.3   3.1   1   1   3.7e-10   3.8e-06   26.2   3.1    76   134     2    57     1    68 0.92 Sugar (and other) transporter
DUF5480              PF17576.6     71 >LH00406:11:22GHGVLT3:1:1102:10496:6175 -             55       6.9    6.9   6.8   1   1    0.0004       8.2    6.7   6.8    12    37    15    41     4    53 0.79 Family of unknown function (DUF5480)
DNA_pol_A_exo1       PF01612.24   173 >LH00406:11:22GHGVLT3:1:1102:47295:6175 -             87     0.039   14.0   0.0   1   1   2.4e-06     0.051   13.6   0.0     3    46    43    86    41    87 0.93 3'-5' exonuclease
Peptidase_A22B       PF04258.17   286 >LH00406:11:22GHGVLT3:1:1102:7028:6191 -             79      0.06   13.1   0.2   1   1   3.1e-06     0.064   13.0   0.2    15    59     7    61     2    75 0.89 Signal peptide peptidase
MFS_2                PF13347.10   427 >LH00406:11:22GHGVLT3:1:1102:33232:6191 -             81   4.4e-14   52.0   5.2   1   1   2.3e-18   4.7e-14   52.0   5.2   298   376     2    80     1    81 0.90 MFS/sugar transport protein
HAUS-augmin3         PF14932.10   260 >LH00406:11:22GHGVLT3:1:1102:5078:6207 -             59      0.27   10.9   0.4   1   1   1.7e-05      0.35   10.5   0.4     4    21     4    21     2    23 0.88 HAUS augmin-like complex subunit 3
DUF6119              PF19614.3    522 >LH00406:11:22GHGVLT3:1:1102:21739:6207 -             75   3.6e-15   55.8   0.1   1   1   1.8e-19   3.8e-15   55.7   0.1   164   236     2    75     1    75 0.92 Family of unknown function (DUF6119)
TonB_dep_Rec         PF00593.28   436 >LH00406:11:22GHGVLT3:1:1102:40555:6255 -             89   6.9e-06   26.4   2.7   1   1   7.7e-10     8e-06   26.2   2.7   234   304    18    87     2    89 0.77 TonB dependent receptor
Bac_rhamnosid6H      PF17389.6    340 >LH00406:11:22GHGVLT3:1:1102:40555:6255 -             89     0.047   13.1   0.1   1   1   4.5e-06     0.047   13.1   0.1   262   319     2    59     1    80 0.82 Bacterial alpha-L-rhamnosidase 6 hairpin glycosidase domain
Herpes_IE1           PF07340.15   391 >LH00406:11:22GHGVLT3:1:1102:11827:6271 -             65     0.084   12.0   0.0   1   1   4.1e-06     0.084   12.0   0.0   199   239    21    61    10    65 0.88 Cytomegalovirus IE1 protein
Dockerin_1           PF00404.22    57 >LH00406:11:22GHGVLT3:1:1102:38484:6287 -             42     0.065   13.6   1.3   1   1   6.4e-06     0.067   13.6   1.3    36    48    23    35     5    38 0.79 Dockerin type I domain
EF-hand_5            PF13202.10    25 >LH00406:11:22GHGVLT3:1:1102:38484:6287 -             42      0.48   10.2   1.9   1   1   6.6e-05      0.69    9.7   1.9     9    19    24    34    24    35 0.89 EF hand
SLFN_AlbA_2          PF04326.18   117 >LH00406:11:22GHGVLT3:1:1102:20001:6303 -             46   4.3e-08   33.9   0.0   1   1   2.1e-12   4.4e-08   33.9   0.0    16    50     7    38     1    45 0.81 Schlafen, AlbA_2
EB                   PF01683.22    52 >LH00406:11:22GHGVLT3:1:1102:35812:6303 -             83     0.016   15.5   2.1   1   1   9.6e-07      0.02   15.2   2.1     9    39    47    79    40    80 0.84 EB module
DUF4647              PF15504.10   457 >LH00406:11:22GHGVLT3:1:1102:41008:6303 -             57       0.1   11.8   0.0   1   1   4.8e-06       0.1   11.8   0.0    49    84     3    39     1    53 0.87 Domain of unknown function (DUF4647)
PKS_DE               PF18369.5     44 >LH00406:11:22GHGVLT3:1:1102:32982:6335 -             69     0.035   14.9   3.1   1   2      0.28   5.9e+03   -1.9   0.1     3     6    21    24    20    25 0.77 Polyketide synthase dimerisation element domain
PKS_DE               PF18369.5     44 >LH00406:11:22GHGVLT3:1:1102:32982:6335 -             69     0.035   14.9   3.1   2   2   1.7e-06     0.035   14.9   3.1    29    44    46    61    35    61 0.80 Polyketide synthase dimerisation element domain
PIG-H                PF10181.13    67 >LH00406:11:22GHGVLT3:1:1102:40712:6367 -             61     0.088   12.8   0.4   1   2      0.43   8.9e+03   -3.3   0.1    47    53     4    10     3    12 0.77 GPI-GlcNAc transferase complex, PIG-H component
PIG-H                PF10181.13    67 >LH00406:11:22GHGVLT3:1:1102:40712:6367 -             61     0.088   12.8   0.4   2   2   6.2e-06      0.13   12.3   0.0    29    58    21    50    19    57 0.83 GPI-GlcNAc transferase complex, PIG-H component
GldH_lipo            PF14109.10   129 >LH00406:11:22GHGVLT3:1:1102:47286:6416 -             60     3e-08   34.7   0.0   1   1   1.5e-12   3.1e-08   34.6   0.0    28    78     4    59     1    60 0.85 GldH lipoprotein
NCF1_PBR_AIR         PF16621.9     51 >LH00406:11:22GHGVLT3:1:1102:5253:6448 -             45     0.064   13.3   1.4   1   1     6e-06      0.12   12.4   1.4    14    24     5    15     3    17 0.87 Neutrophil cytosol factor 1, PBR/AIR
IPTL-CTERM           PF18203.5     28 >LH00406:11:22GHGVLT3:1:1102:10200:6464 -             89      0.06   13.4   0.0   1   1   4.7e-06     0.097   12.7   0.0     4    16    45    57    45    57 0.97 IPTL-CTERM motif
MeaB                 PF03308.20   273 >LH00406:11:22GHGVLT3:1:1102:7472:6480 -             55   1.2e-23   83.7   0.0   1   1   6.4e-28   1.3e-23   83.5   0.0    86   140     1    55     1    55 0.99 Methylmalonyl Co-A mutase-associated GTPase MeaB
MCPVI                PF02993.18   225 >LH00406:11:22GHGVLT3:1:1102:51743:6512 -             63      0.17   11.9   1.7   1   1   9.1e-06      0.19   11.7   1.7   153   203     8    57     3    59 0.88 Minor capsid protein VI
DNA_pol_A            PF00476.24   381 >LH00406:11:22GHGVLT3:1:1102:2137:6592 -             48   6.6e-18   65.0   0.0   1   1   3.4e-22   7.1e-18   64.9   0.0   173   220     1    48     1    48 0.99 DNA polymerase family A
DUF4440              PF14534.10   107 >LH00406:11:22GHGVLT3:1:1102:31300:6624 -             58    0.0078   16.8   0.0   1   1   4.6e-07    0.0095   16.6   0.0     3    38    16    51    15    56 0.92 Domain of unknown function (DUF4440)
Internalin_N         PF12354.12    56 >LH00406:11:22GHGVLT3:1:1102:45807:6672 -             55       0.6   10.5   0.3   1   2      0.22   4.5e+03   -1.9   0.2    46    51    14    19    13    19 0.84 Bacterial adhesion/invasion protein N terminal
Internalin_N         PF12354.12    56 >LH00406:11:22GHGVLT3:1:1102:45807:6672 -             55       0.6   10.5   0.3   2   2   2.9e-05       0.6   10.5   0.3     5    25    34    54    32    55 0.91 Bacterial adhesion/invasion protein N terminal
BclA_C               PF18573.5    128 >LH00406:11:22GHGVLT3:1:1102:11883:6688 -             66    0.0013   18.8   0.1   1   1     2e-07    0.0014   18.7   0.1    16    57     7    50     3    64 0.83 BclA C-terminal domain
SusF_SusE            PF16411.9    126 >LH00406:11:22GHGVLT3:1:1102:11883:6688 -             66    0.0058   17.4   0.1   1   1   8.3e-07    0.0058   17.4   0.1    59    87    17    62     2    66 0.75 Outer membrane protein SusF_SusE
DUF4950              PF16308.9    191 >LH00406:11:22GHGVLT3:1:1102:11883:6688 -             66     0.027   14.4   0.1   1   1   4.5e-06     0.031   14.2   0.1    73   116    14    57     8    63 0.89 Domain of unknown function (DUF4950)
MFS_1_like           PF12832.11   373 >LH00406:11:22GHGVLT3:1:1102:16247:6720 -             37    0.0034   16.7   0.7   1   1   5.3e-07    0.0037   16.6   0.7    38    70     4    36     2    37 0.91 MFS_1 like family
BT1                  PF03092.20   432 >LH00406:11:22GHGVLT3:1:1102:16247:6720 -             37     0.024   13.6   0.5   1   1   3.8e-06     0.026   13.4   0.5   127   161     3    37     2    37 0.94 BT1 family
MFS_1                PF07690.20   347 >LH00406:11:22GHGVLT3:1:1102:16247:6720 -             37      0.06   12.4   3.8   1   1   8.7e-06     0.061   12.4   3.8   123   157     2    36     1    37 0.64 Major Facilitator Superfamily
QueH                 PF02677.18   175 >LH00406:11:22GHGVLT3:1:1102:14989:6752 -             77   1.1e-20   74.7   0.3   1   1   4.1e-24   1.2e-20   74.5   0.3     1    65    12    76    12    77 0.98 Epoxyqueuosine reductase QueH
APOBEC_N             PF08210.15   170 >LH00406:11:22GHGVLT3:1:1102:14989:6752 -             77    0.0088   16.3   0.1   1   1   3.5e-06      0.01   16.0   0.1    77   126    17    67     5    70 0.81 APOBEC-like N-terminal domain
APOBEC4_like         PF18774.5    131 >LH00406:11:22GHGVLT3:1:1102:14989:6752 -             77     0.024   14.8   0.0   1   1   9.5e-06     0.028   14.6   0.0    63   111    16    67    11    74 0.87 APOBEC4-like -AID/APOBEC-deaminase
DUF5651              PF18892.4     54 >LH00406:11:22GHGVLT3:1:1102:14989:6752 -             77     0.064   13.4   2.4   1   2     4e-05      0.12   12.5   0.9    11    46    11    52    10    56 0.80 Family of unknown function (DUF5651)
DUF5651              PF18892.4     54 >LH00406:11:22GHGVLT3:1:1102:14989:6752 -             77     0.064   13.4   2.4   2   2      0.61   1.8e+03   -0.9   0.0    32    44    60    72    57    76 0.75 Family of unknown function (DUF5651)
Ank_3                PF13606.10    30 >LH00406:11:22GHGVLT3:1:1102:14989:6752 -             77      0.13   13.1   0.0   1   2   0.00041       1.2   10.1   0.1     5    28    13    36    13    38 0.91 Ankyrin repeat
Ank_3                PF13606.10    30 >LH00406:11:22GHGVLT3:1:1102:14989:6752 -             77      0.13   13.1   0.0   2   2      0.54   1.6e+03    0.6   0.0    16    27    57    68    52    69 0.80 Ankyrin repeat
Nudix_N              PF12535.12    56 >LH00406:11:22GHGVLT3:1:1102:14989:6752 -             77      0.16   11.9   0.0   1   1   7.3e-05      0.22   11.4   0.0    10    27    59    76    55    77 0.91 Hydrolase of X-linked nucleoside diphosphate N terminal
ATP_bind_3           PF01171.24   182 >LH00406:11:22GHGVLT3:1:1102:14989:6752 -             77      0.21   11.5   0.0   1   1   7.6e-05      0.23   11.4   0.0   128   167    33    73    23    77 0.78 PP-loop family
OMP_b-brl_3          PF14905.10   408 >LH00406:11:22GHGVLT3:1:1102:28415:6752 -             69   7.4e-07   28.8   0.7   1   1   3.8e-11   7.8e-07   28.7   0.7   308   364    10    68     2    69 0.86 Outer membrane protein beta-barrel family
ECF_trnsprt          PF12822.11   170 >LH00406:11:22GHGVLT3:1:1102:43578:6752 -             81     9e-07   29.2  10.5   1   1   2.2e-10   9.1e-07   29.2  10.5    18    77     5    74     1    81 0.80 ECF transporter, substrate-specific component
Thia_YuaJ            PF09515.14   177 >LH00406:11:22GHGVLT3:1:1102:43578:6752 -             81    0.0002   21.7   4.8   1   1   6.1e-08   0.00025   21.3   4.8    27    78    13    64     5    74 0.84 Thiamine transporter protein (Thia_YuaJ)
Romo1                PF10247.13    66 >LH00406:11:22GHGVLT3:1:1102:43578:6752 -             81     0.018   15.6   0.4   1   1     6e-06     0.025   15.2   0.4    10    46    26    62    19    72 0.73 Reactive mitochondrial oxygen species modulator 1
Adeno_PX             PF05829.16    42 >LH00406:11:22GHGVLT3:1:1102:43578:6752 -             81     0.065   13.3   1.2   1   1   4.4e-05      0.18   11.9   1.2    13    38     5    28     1    30 0.89 Adenovirus late L2 mu core protein (Protein X)
Caveolin             PF01146.21   133 >LH00406:11:22GHGVLT3:1:1102:43578:6752 -             81       1.6    8.9   5.7   1   1   0.00041       1.7    8.8   5.7    60   117    22    80     7    81 0.87 Caveolin
Epimerase            PF01370.25   240 >LH00406:11:22GHGVLT3:1:1102:48211:6768 -             88   1.8e-12   47.4   0.1   1   1   5.8e-16     2e-12   47.2   0.1    82   160     6    88     2    88 0.92 NAD dependent epimerase/dehydratase family
GDP_Man_Dehyd        PF16363.9    332 >LH00406:11:22GHGVLT3:1:1102:48211:6768 -             88   7.8e-10   38.9   0.1   1   1   2.5e-13   8.7e-10   38.8   0.1    92   171     5    88     2    88 0.84 GDP-mannose 4,6 dehydratase
NAD_binding_4        PF07993.16   258 >LH00406:11:22GHGVLT3:1:1102:48211:6768 -             88    0.0031   16.9   0.0   1   1     1e-06    0.0036   16.7   0.0   107   193    10    86     3    88 0.77 Male sterility protein
3Beta_HSD            PF01073.23   280 >LH00406:11:22GHGVLT3:1:1102:48211:6768 -             88     0.005   16.1   0.0   1   1   1.6e-06    0.0056   15.9   0.0    88   156    11    80     4    86 0.80 3-beta hydroxysteroid dehydrogenase/isomerase family
FAO_M                PF16350.9     56 >LH00406:11:22GHGVLT3:1:1102:48211:6768 -             88      0.18   12.3   0.0   1   2   0.00011      0.38   11.2   0.0    15    48    24    57    19    59 0.91 FAD dependent oxidoreductase central domain
FAO_M                PF16350.9     56 >LH00406:11:22GHGVLT3:1:1102:48211:6768 -             88      0.18   12.3   0.0   2   2       1.9   6.7e+03   -2.4   0.0    27    39    73    85    72    88 0.68 FAD dependent oxidoreductase central domain
DUF2415              PF10313.13    43 >LH00406:11:22GHGVLT3:1:1102:48211:6768 -             88      0.18   11.9   0.0   1   1   8.3e-05      0.29   11.3   0.0    22    34    56    68    53    74 0.88 Uncharacterised protein domain (DUF2415)
AAA_11               PF13086.10   257 >LH00406:11:22GHGVLT3:1:1102:8406:6784 -             60   1.6e-08   34.9   0.0   1   1   4.7e-12   1.6e-08   34.8   0.0    22    86     1    58     1    60 0.90 AAA domain
SLFN-g3_helicase     PF09848.13   355 >LH00406:11:22GHGVLT3:1:1102:8406:6784 -             60    0.0031   17.0   0.0   1   1   9.7e-07    0.0034   16.9   0.0     6    53     1    46     1    54 0.90 Schlafen group 3, DNA/RNA helicase domain
AAA_19               PF13245.10   135 >LH00406:11:22GHGVLT3:1:1102:8406:6784 -             60    0.0085   16.4   0.0   1   1   2.5e-06    0.0085   16.4   0.0    16    62     1    44     1    55 0.67 AAA domain
AAA_30               PF13604.10   191 >LH00406:11:22GHGVLT3:1:1102:8406:6784 -             60      0.11   12.3   0.0   1   1   3.3e-05      0.11   12.3   0.0    23    43     1    22     1    54 0.73 AAA domain
nSTAND3              PF20720.1    155 >LH00406:11:22GHGVLT3:1:1102:8406:6784 -             60      0.13   12.1   0.0   1   1   3.8e-05      0.13   12.1   0.0    22    50     1    29     1    55 0.65 Novel STAND NTPase 3
AAA                  PF00004.33   131 >LH00406:11:22GHGVLT3:1:1102:8406:6784 -             60      0.15   12.7   0.6   1   1   4.3e-05      0.15   12.7   0.6     4    15     2    13     1    53 0.72 ATPase family associated with various cellular activities (AAA)
TonB_dep_Rec         PF00593.28   436 >LH00406:11:22GHGVLT3:1:1102:9266:6800 -             72   8.1e-05   22.8   0.6   1   1   3.9e-09   8.1e-05   22.8   0.6   305   354     5    62     1    72 0.73 TonB dependent receptor
DUF3378              PF11858.12    76 >LH00406:11:22GHGVLT3:1:1102:11245:6832 -             70      0.16   12.4   0.0   1   1   9.4e-06       0.2   12.1   0.0     2    42    18    58    17    60 0.95 Domain of unknown function (DUF3378)
AAA_15               PF13175.10   399 >LH00406:11:22GHGVLT3:1:1102:8767:6864 -             66    0.0015   18.4   0.0   1   1   1.5e-07    0.0015   18.4   0.0   338   378     8    52     1    57 0.67 AAA ATPase domain
AAA_21               PF13304.10   304 >LH00406:11:22GHGVLT3:1:1102:8767:6864 -             66    0.0053   16.9   0.0   1   1   6.2e-07    0.0065   16.6   0.0   262   283    31    52    24    59 0.91 AAA domain, putative AbiEii toxin, Type IV TA system
PLDc_2               PF13091.10   132 >LH00406:11:22GHGVLT3:1:1102:16598:6880 -             85   9.9e-06   25.6   0.1   1   1   7.2e-10   1.5e-05   25.0   0.1    94   128     1    35     1    38 0.93 PLD-like domain
Sulfatase            PF00884.27   301 >LH00406:11:22GHGVLT3:1:1102:31309:6896 -             66    0.0071   15.9   0.1   1   1   3.9e-07     0.008   15.7   0.1     8    57     1    52     1    55 0.85 Sulfatase
AhpC-TSA             PF00578.25   124 >LH00406:11:22GHGVLT3:1:1102:43403:6896 -             67   5.7e-05   23.2   0.1   1   1   2.4e-08   6.3e-05   23.1   0.1     1    48    17    63    17    67 0.89 AhpC/TSA family
Thioredoxin_2        PF13098.10   104 >LH00406:11:22GHGVLT3:1:1102:43403:6896 -             67    0.0071   16.9   0.1   1   1   3.8e-06    0.0099   16.4   0.1     4    29    40    65    37    67 0.85 Thioredoxin-like domain
Ig_5                 PF16681.9     82 >LH00406:11:22GHGVLT3:1:1102:43403:6896 -             67     0.026   15.1   0.2   1   1   1.3e-05     0.033   14.8   0.2    21    80     6    59     1    61 0.82 Ig-like domain on T-cell surface glycoprotein CD3 epsilon chain
Thioredoxin_8        PF13905.10    94 >LH00406:11:22GHGVLT3:1:1102:43403:6896 -             67     0.033   14.7   0.1   1   2      0.48   1.3e+03    0.1   0.0    50    73     9    36     5    43 0.58 Thioredoxin-like
Thioredoxin_8        PF13905.10    94 >LH00406:11:22GHGVLT3:1:1102:43403:6896 -             67     0.033   14.7   0.1   2   2   4.4e-05      0.11   13.0   0.0     2    25    42    65    40    67 0.89 Thioredoxin-like
Thioredoxin_7        PF13899.10    83 >LH00406:11:22GHGVLT3:1:1102:43403:6896 -             67     0.062   13.7   0.1   1   1     3e-05     0.079   13.3   0.1    16    39    40    63    27    66 0.88 Thioredoxin-like
Calx-beta            PF03160.18   101 >LH00406:11:22GHGVLT3:1:1102:43403:6896 -             67     0.083   13.2   0.0   1   1   3.3e-05     0.086   13.2   0.0    41    83    18    60     2    65 0.85 Calx-beta domain
Redoxin              PF08534.14   147 >LH00406:11:22GHGVLT3:1:1102:43403:6896 -             67     0.085   12.9   0.0   1   1   3.9e-05       0.1   12.6   0.0     2    48    17    60    16    66 0.87 Redoxin
Glutaredoxin         PF00462.28    60 >LH00406:11:22GHGVLT3:1:1102:43403:6896 -             67      0.12   12.8   0.1   1   1   7.1e-05      0.18   12.2   0.1     1    22    45    66    44    67 0.89 Glutaredoxin
Peptidase_M64        PF09471.14   260 >LH00406:11:22GHGVLT3:1:1102:45178:6896 -             87   2.9e-24   86.0   0.2   1   1   1.5e-28   3.1e-24   86.0   0.2   168   249     6    87     1    87 0.90 IgA Peptidase M64
DUF2375              PF09558.14    69 >LH00406:11:22GHGVLT3:1:1102:39603:6912 -             48     0.077   13.2   0.1   1   1   4.6e-06     0.096   12.9   0.1    18    45     4    29     2    31 0.86 Protein of unknown function (DUF2375)
VWA_3_C              PF18571.5     47 >LH00406:11:22GHGVLT3:1:1102:44448:6944 -             89      0.15   12.2   0.0   1   2   1.5e-05      0.31   11.2   0.0    10    33     4    27     2    31 0.89 von Willebrand factor type A C-terminal domain
VWA_3_C              PF18571.5     47 >LH00406:11:22GHGVLT3:1:1102:44448:6944 -             89      0.15   12.2   0.0   2   2      0.34     7e+03   -2.8   0.0    19    30    55    66    53    71 0.62 von Willebrand factor type A C-terminal domain
DUF6356              PF19883.3     64 >LH00406:11:22GHGVLT3:1:1102:33140:6960 -             39      0.64   10.4   3.0   1   2     0.085   1.8e+03   -0.6   0.1    37    42     2     7     1    18 0.75 Family of unknown function (DUF6356)
DUF6356              PF19883.3     64 >LH00406:11:22GHGVLT3:1:1102:33140:6960 -             39      0.64   10.4   3.0   2   2   1.6e-05      0.33   11.4   1.0    30    46    22    38     9    39 0.84 Family of unknown function (DUF6356)
Antimicrobial12      PF08107.15    42 >LH00406:11:22GHGVLT3:1:1102:24014:6976 -             69      0.19   11.7   0.4   1   2      0.06   1.2e+03   -0.5   0.3    25    34     9    18     7    24 0.80 Pleurocidin family
Antimicrobial12      PF08107.15    42 >LH00406:11:22GHGVLT3:1:1102:24014:6976 -             69      0.19   11.7   0.4   2   2   9.1e-06      0.19   11.7   0.4    24    39    37    52    35    53 0.90 Pleurocidin family
Glycoamylase         PF10091.13   221 >LH00406:11:22GHGVLT3:1:1102:38974:6976 -             67   4.1e-10   39.7   0.0   1   1   3.2e-14   6.6e-10   39.1   0.0     1    34    33    67    33    67 0.96 Putative glucoamylase
Zn-ribbon_8          PF09723.14    41 >LH00406:11:22GHGVLT3:1:1102:44179:6992 -             68     0.013   15.7   0.2   1   1     3e-06     0.021   15.1   0.2     4    19    48    63    47    66 0.87 Zinc ribbon domain
HalOD2               PF18547.5     52 >LH00406:11:22GHGVLT3:1:1102:44179:6992 -             68     0.065   13.4   0.4   1   1   1.6e-05      0.11   12.6   0.4     4    16    51    63    48    65 0.92 Halobacterial output domain 2
Zn_ribbon_SprT       PF17283.6     38 >LH00406:11:22GHGVLT3:1:1102:44179:6992 -             68       7.8    6.8  10.8   1   2    0.0049        34    4.8   9.1    17    31    41    56    23    58 0.66 SprT-like zinc ribbon domain
Zn_ribbon_SprT       PF17283.6     38 >LH00406:11:22GHGVLT3:1:1102:44179:6992 -             68       7.8    6.8  10.8   2   2   3.9e-05      0.27   11.5   1.6     3    13    48    58    46    66 0.85 SprT-like zinc ribbon domain
DUF5655              PF18899.4    109 >LH00406:11:22GHGVLT3:1:1102:37504:7024 -             76      0.15   12.4   0.1   1   1     8e-06      0.17   12.2   0.1    11    52    33    74    25    76 0.82 Domain of unknown function (DUF5655)
PD-C2-AF1            PF09310.14   249 >LH00406:11:22GHGVLT3:1:1102:14046:7104 -             66     0.085   12.3   0.2   1   1   4.3e-06     0.089   12.2   0.2    86   137     1    49     1    60 0.87 POU domain, class 2, associating factor 1
Cas9_REC             PF16592.9    541 >LH00406:11:22GHGVLT3:1:1102:34203:7104 -             73     0.072   12.0   0.0   1   1   4.1e-06     0.086   11.8   0.0   245   272    21    48    13    51 0.90 REC lobe of CRISPR-associated endonuclease Cas9
FliD_C               PF07195.16   236 >LH00406:11:22GHGVLT3:1:1102:23163:7137 -             87   1.3e-11   44.6   2.6   1   1   1.4e-15   1.5e-11   44.4   2.6     1    73    16    85    16    87 0.93 Flagellar hook-associated protein 2 C-terminus
tRNA_lig_kinase      PF08303.15   168 >LH00406:11:22GHGVLT3:1:1102:23163:7137 -             87     0.052   13.8   0.0   1   1   5.6e-06     0.058   13.7   0.0    80   151    10    80     2    85 0.86 tRNA ligase kinase domain
Phage_integrase      PF00589.26   172 >LH00406:11:22GHGVLT3:1:1102:8739:7169 -             76   3.3e-09   36.9   0.1   1   1   1.9e-13   3.9e-09   36.7   0.1   133   168     2    37     1    40 0.94 Phage integrase family
Lyase_1              PF00206.24   312 >LH00406:11:22GHGVLT3:1:1102:35063:7185 -             66   2.3e-13   50.4   0.0   1   1   1.1e-17   2.3e-13   50.4   0.0   122   183     2    62     1    66 0.92 Lyase
Peptidase_S8         PF00082.26   283 >LH00406:11:22GHGVLT3:1:1102:12400:7233 -             62     0.048   13.2   0.3   1   1   2.3e-06     0.048   13.2   0.3   185   236    21    62     7    62 0.64 Subtilase family
RibD_C               PF01872.21   197 >LH00406:11:22GHGVLT3:1:1102:10634:7249 -             71   0.00012   22.1   0.0   1   1   1.7e-08   0.00035   20.6   0.0   120   152    38    70     1    71 0.82 RibD C-terminal domain
Flavi_capsid         PF01003.23   117 >LH00406:11:22GHGVLT3:1:1102:17717:7249 -             67     0.072   13.1   0.1   1   1   4.3e-06      0.09   12.8   0.1    44    78     9    46     4    49 0.78 Flavivirus capsid protein C
PapG_N               PF03627.17   226 >LH00406:11:22GHGVLT3:1:1102:20528:7249 -             83       0.1   12.5   0.1   1   1   5.5e-06      0.11   12.3   0.1    63    95    26    58    14    61 0.79 PapG carbohydrate binding domain
VWA_2                PF13519.10   107 >LH00406:11:22GHGVLT3:1:1102:34730:7281 -             84      0.14   13.0   0.1   1   1   7.9e-06      0.16   12.8   0.1     6    56     9    58     8    73 0.79 von Willebrand factor type A domain
VWA_2                PF13519.10   107 >LH00406:11:22GHGVLT3:1:1102:33667:7297 -             84      0.14   13.0   0.1   1   1   7.9e-06      0.16   12.8   0.1     6    56     9    58     8    73 0.79 von Willebrand factor type A domain
PdtaS_GAF            PF12282.12   144 >LH00406:11:22GHGVLT3:1:1102:52002:7313 -             72     0.017   15.2   0.1   1   1   9.2e-07     0.019   15.0   0.1    99   138    16    56     4    61 0.79 Histidine kinase PdtaS, GAF domain
Phage_ORF5           PF20577.2     75 >LH00406:11:22GHGVLT3:1:1102:28026:7329 -             64      0.12   12.2   0.0   1   1   6.7e-06      0.14   12.0   0.0    32    63    20    54    13    61 0.74 Phage ORF5 protein
Phage_integrase      PF00589.26   172 >LH00406:11:22GHGVLT3:1:1102:4976:7345 -             74   7.2e-06   26.1   0.0   1   1   3.6e-10   7.6e-06   26.0   0.0    28    80    15    70     2    74 0.80 Phage integrase family
PLDc_2               PF13091.10   132 >LH00406:11:22GHGVLT3:1:1102:20029:7377 -             71   1.2e-07   31.8   0.0   1   1     6e-12   1.3e-07   31.7   0.0     3    55    18    69    16    71 0.89 PLD-like domain
RimM                 PF01782.22    84 >LH00406:11:22GHGVLT3:1:1102:12992:7393 -             51   0.00067   20.0   0.0   1   1   3.2e-08   0.00067   20.0   0.0     2    33     4    34     3    51 0.72 RimM N-terminal domain
Filaggrin            PF03516.17    56 >LH00406:11:22GHGVLT3:1:1102:25364:7425 -             73     0.022   15.6   3.8   1   1   1.5e-06      0.03   15.2   3.8    21    43    25    47    21    50 0.92 Filaggrin
TPP_enzyme_C         PF02775.25   151 >LH00406:11:22GHGVLT3:1:1102:51937:7425 -             49     0.061   13.3   0.0   1   1   3.2e-06     0.067   13.2   0.0   119   151     1    33     1    33 0.91 Thiamine pyrophosphate enzyme, C-terminal TPP binding domain
ApbE                 PF02424.19   265 >LH00406:11:22GHGVLT3:1:1102:32021:7457 -             72   4.1e-17   62.8   0.0   1   1   2.1e-21   4.5e-17   62.7   0.0    79   150     1    72     1    72 0.92 ApbE family
DUF2095              PF09868.13   129 >LH00406:11:22GHGVLT3:1:1102:32936:7473 -             81     0.061   13.5   0.1   1   1   4.6e-06     0.096   12.9   0.0    17    57     9    49     1    55 0.81 Uncharacterized protein conserved in archaea (DUF2095)
HOK_GEF              PF01848.20    42 >LH00406:11:22GHGVLT3:1:1102:1823:7489 -             80      0.13   12.1   0.2   1   2   6.4e-06      0.13   12.1   0.2    15    28     4    17     1    20 0.84 Hok/gef family
HOK_GEF              PF01848.20    42 >LH00406:11:22GHGVLT3:1:1102:1823:7489 -             80      0.13   12.1   0.2   2   2     0.077   1.6e+03   -1.0   0.2    11    17    33    39    24    43 0.74 Hok/gef family
HTH_18               PF12833.11    81 >LH00406:11:22GHGVLT3:1:1102:12752:7521 -             51   2.8e-15   56.6   0.0   1   1   2.9e-19     3e-15   56.5   0.0    32    80     1    48     1    49 0.97 Helix-turn-helix domain
HTH_AraC             PF00165.27    42 >LH00406:11:22GHGVLT3:1:1102:12752:7521 -             51   5.2e-10   39.4   0.0   1   1   5.5e-14   5.8e-10   39.2   0.0     7    41    12    47     9    48 0.94 Bacterial regulatory helix-turn-helix proteins, AraC family
SWIM                 PF04434.21    38 >LH00406:11:22GHGVLT3:1:1102:39861:7585 -             73     0.093   12.5   0.0   1   1   1.4e-05      0.15   11.9   0.0    11    20     6    15     1    18 0.77 SWIM zinc finger
POM121               PF15229.10   235 >LH00406:11:22GHGVLT3:1:1102:39861:7585 -             73       1.1    9.2   2.8   1   1   0.00013       1.3    8.9   2.8    75   104    24    53    21    57 0.87 POM121 family
MaoC_dehydratas      PF01575.23   123 >LH00406:11:22GHGVLT3:1:1102:4440:7633 -             46   4.3e-07   29.8   0.0   1   1   4.3e-11   4.5e-07   29.7   0.0     2    40     7    45     6    46 0.94 MaoC like domain
MaoC_dehydrat_N      PF13452.10   132 >LH00406:11:22GHGVLT3:1:1102:4440:7633 -             46       0.1   12.9   0.0   1   1     1e-05      0.11   12.9   0.0     2    37    10    46     9    46 0.88 N-terminal half of MaoC dehydratase
Peptidase_S11        PF00768.24   239 >LH00406:11:22GHGVLT3:1:1102:25928:7665 -             41   2.5e-11   43.7   0.1   1   1   1.3e-15   2.6e-11   43.6   0.1   108   147     1    40     1    41 0.97 D-alanyl-D-alanine carboxypeptidase
DUF6439              PF20035.3     92 >LH00406:11:22GHGVLT3:1:1102:32391:7681 -             68     0.031   14.8   0.4   1   1   1.6e-06     0.033   14.7   0.4    19    65     8    57     1    65 0.74 Family of unknown function (DUF6439)
GlcNAc_2-epim        PF07221.15   347 >LH00406:11:22GHGVLT3:1:1102:45640:7729 -             74   1.5e-08   34.5   2.3   1   1   7.2e-13   1.5e-08   34.5   2.3   264   330     6    72     1    74 0.91 N-acylglucosamine 2-epimerase (GlcNAc 2-epimerase)
PGM_PMM_III          PF02880.20   115 >LH00406:11:22GHGVLT3:1:1102:38391:7761 -             57     7e-09   36.0   0.0   1   1   3.8e-13   7.8e-09   35.9   0.0     1    44    14    56    14    57 0.96 Phosphoglucomutase/phosphomannomutase, alpha/beta/alpha domain III
Popeye               PF04831.17   140 >LH00406:11:22GHGVLT3:1:1102:6261:7809 -             88     0.044   14.1   0.0   1   2     0.017   1.8e+02    2.4   0.0    92   104     3    15     2    19 0.87 Popeye protein conserved region
Popeye               PF04831.17   140 >LH00406:11:22GHGVLT3:1:1102:6261:7809 -             88     0.044   14.1   0.0   2   2    0.0003       3.1    8.1   0.0    77   126    22    83    16    86 0.69 Popeye protein conserved region
YmgD                 PF16456.9     82 >LH00406:11:22GHGVLT3:1:1102:6261:7809 -             88      0.25   11.5   0.0   1   1     3e-05      0.31   11.2   0.0    30    66    51    87    44    88 0.90 YmgD protein
YceG                 PF02618.20   275 >LH00406:11:22GHGVLT3:1:1102:15156:7809 -             73   0.00016   21.4   0.0   1   1   8.5e-09   0.00018   21.3   0.0     1    73     1    73     1    73 0.90 YceG-like family
AAA-ATPase_like      PF09820.13   279 >LH00406:11:22GHGVLT3:1:1102:42894:7809 -             72   6.7e-07   29.2   0.1   1   1   1.3e-10     7e-07   29.1   0.1   114   165    11    62     2    69 0.78 Predicted AAA-ATPase
DUF1732              PF08340.15    85 >LH00406:11:22GHGVLT3:1:1102:42894:7809 -             72    0.0037   17.4   0.0   1   1   8.1e-07    0.0042   17.2   0.0    10    56     8    54     2    65 0.93 Domain of unknown function (DUF1732)
DAP3                 PF10236.13   311 >LH00406:11:22GHGVLT3:1:1102:42894:7809 -             72     0.018   14.5   0.0   1   1   3.9e-06      0.02   14.3   0.0   128   171    10    51     4    60 0.90 Mitochondrial ribosomal death-associated protein 3
AAA_22               PF13401.10   130 >LH00406:11:22GHGVLT3:1:1102:42894:7809 -             72       0.2   12.2   0.0   1   1   4.2e-05      0.22   12.0   0.0    66   105    18    57     3    71 0.64 AAA domain
Pox_P4A              PF03395.18   882 >LH00406:11:22GHGVLT3:1:1102:9081:7825 -             71      0.22    9.3   0.0   1   1   1.1e-05      0.24    9.2   0.0    72   119    19    66     7    70 0.81 Poxvirus P4A protein
Sigma54_activat      PF00158.30   168 >LH00406:11:22GHGVLT3:1:1102:34452:7825 -             80   4.8e-16   59.1   0.1   1   1   5.3e-20   5.5e-16   58.9   0.1   116   168     1    53     1    53 0.97 Sigma-54 interaction domain
Sigma54_activ_2      PF14532.10   138 >LH00406:11:22GHGVLT3:1:1102:34452:7825 -             80   9.6e-05   22.8   0.0   1   1   1.2e-08   0.00012   22.5   0.0    92   138     9    57     3    57 0.89 Sigma-54 interaction domain
Cdc13_OB2            PF18691.5    111 >LH00406:11:22GHGVLT3:1:1102:8120:7890 -             77      0.13   12.6   0.0   1   1   6.5e-06      0.14   12.5   0.0     8    44    13    49     7    68 0.83 Cell division control protein 13, OB2 domain
MscL                 PF01741.22   123 >LH00406:11:22GHGVLT3:1:1102:28276:7890 -             64   3.3e-14   53.5   0.3   1   1   1.7e-18   3.5e-14   53.4   0.3    42    97     1    62     1    64 0.92 Large-conductance mechanosensitive channel, MscL
DUF3309              PF11752.12    49 >LH00406:11:22GHGVLT3:1:1102:39214:7906 -             52      0.09   13.0   0.3   1   1   5.6e-06      0.12   12.7   0.3    14    34     3    23     1    25 0.89 Protein of unknown function (DUF3309)
ORC4_C               PF14629.10   216 >LH00406:11:22GHGVLT3:1:1102:44281:7906 -             76      0.11   12.0   0.0   1   1     6e-06      0.13   11.9   0.0    30    89     4    61     2    73 0.86 Origin recognition complex (ORC) subunit 4 C-terminus
IKKbetaNEMObind      PF12179.12    37 >LH00406:11:22GHGVLT3:1:1102:11947:7986 -             54     0.011   15.8   1.5   1   2   1.6e-06     0.033   14.2   0.5     7    31    13    37    10    38 0.96 I-kappa-kinase-beta NEMO binding domain
IKKbetaNEMObind      PF12179.12    37 >LH00406:11:22GHGVLT3:1:1102:11947:7986 -             54     0.011   15.8   1.5   2   2      0.01   2.1e+02    2.0   0.1     4    20    36    52    35    54 0.83 I-kappa-kinase-beta NEMO binding domain
DUF6297              PF19814.3    373 >LH00406:11:22GHGVLT3:1:1102:11143:8002 -             79      0.09   11.8   0.1   1   1   5.1e-06      0.11   11.5   0.1   157   197    11    51     3    54 0.82 Family of unknown function (DUF6297)
ABC_tran             PF00005.31   137 >LH00406:11:22GHGVLT3:1:1102:15785:8034 -             82     0.006   17.4   0.4   1   2   2.3e-06     0.024   15.5   0.1   118   137     1    20     1    20 0.96 ABC transporter
ABC_tran             PF00005.31   137 >LH00406:11:22GHGVLT3:1:1102:15785:8034 -             82     0.006   17.4   0.4   2   2      0.12   1.2e+03    0.3   0.0    28    51    31    54    27    79 0.58 ABC transporter
AAA_21               PF13304.10   304 >LH00406:11:22GHGVLT3:1:1102:15785:8034 -             82     0.049   13.7   1.0   1   1   5.4e-06     0.056   13.6   1.0   260   302    11    54     2    57 0.78 AAA domain, putative AbiEii toxin, Type IV TA system
DUF1289              PF06945.17    48 >LH00406:11:22GHGVLT3:1:1102:41211:8034 -             58     0.094   12.8   0.2   1   1   5.8e-06      0.12   12.4   0.2    17    38    31    52    31    57 0.89 Protein of unknown function (DUF1289)
AAA_2                PF07724.18   166 >LH00406:11:22GHGVLT3:1:1102:3025:8066 -             35   2.4e-11   44.1   0.1   1   1   1.2e-15   2.4e-11   44.1   0.1    95   126     2    33     1    35 0.95 AAA domain (Cdc48 subfamily)
Polysacc_lyase       PF14099.10   211 >LH00406:11:22GHGVLT3:1:1102:13205:8082 -             83     0.012   15.7   0.1   1   1   2.5e-06     0.013   15.6   0.1   141   190     9    61     2    72 0.78 Polysaccharide lyase
DUF4248              PF14053.10    68 >LH00406:11:22GHGVLT3:1:1102:13205:8082 -             83     0.013   15.7   0.0   1   1   3.4e-06     0.017   15.3   0.0    13    45    32    64    23    71 0.87 Domain of unknown function (DUF4248)
PSDC                 PF12588.12   138 >LH00406:11:22GHGVLT3:1:1102:13205:8082 -             83     0.042   14.1   0.0   1   1   1.1e-05     0.057   13.7   0.0     2    30    41    69    40    81 0.89 Phophatidylserine decarboxylase
DUF5864              PF19182.4    136 >LH00406:11:22GHGVLT3:1:1102:13205:8082 -             83     0.072   13.5   1.8   1   2   0.00091       4.7    7.6   0.0     9    29    13    33     6    41 0.83 Family of unknown function (DUF5864)
DUF5864              PF19182.4    136 >LH00406:11:22GHGVLT3:1:1102:13205:8082 -             83     0.072   13.5   1.8   2   2    0.0037        19    5.6   0.7     5    28    39    62    35    71 0.83 Family of unknown function (DUF5864)
ACR_tran             PF00873.23  1021 >LH00406:11:22GHGVLT3:1:1102:20001:8098 -             61   1.7e-08   32.9   1.9   1   1   8.7e-13   1.8e-08   32.8   1.9   990  1020     1    31     1    32 0.94 AcrB/AcrD/AcrF family
Peptidase_S49_N      PF08496.14   147 >LH00406:11:22GHGVLT3:1:1102:4125:8146 -             79     0.054   13.8   1.9   1   1   2.8e-06     0.057   13.7   1.9    24    85    10    71     1    78 0.76 Peptidase family S49 N-terminal
SBF2                 PF12335.12   227 >LH00406:11:22GHGVLT3:1:1102:11522:8146 -             58    0.0049   16.8   0.2   1   1     7e-07    0.0049   16.8   0.2     5    45    11    51     7    58 0.83 Myotubularin protein
Exonuc_VII_L         PF02601.19   315 >LH00406:11:22GHGVLT3:1:1102:11522:8146 -             58     0.036   13.8   3.5   1   1   5.2e-06     0.036   13.7   3.5   149   220     6    56     1    58 0.35 Exonuclease VII, large subunit
SgrT                 PF15894.9     46 >LH00406:11:22GHGVLT3:1:1102:11522:8146 -             58         1    9.4   6.6   1   2    0.0012         8    6.5   0.3    22    34    24    36    14    46 0.85 Inhibitor of glucose uptake transporter SgrT
SgrT                 PF15894.9     46 >LH00406:11:22GHGVLT3:1:1102:11522:8146 -             58         1    9.4   6.6   2   2    0.0018        12    5.9   1.9    20    34    44    58    40    58 0.86 Inhibitor of glucose uptake transporter SgrT
Aminotran_5          PF00266.23   371 >LH00406:11:22GHGVLT3:1:1102:35414:8146 -             86   1.5e-32  113.2   0.0   1   1   8.1e-37   1.7e-32  113.0   0.0   184   268     2    86     1    86 0.99 Aminotransferase class-V
Sigma54_activat      PF00158.30   168 >LH00406:11:22GHGVLT3:1:1102:11846:8162 -             72     2e-10   40.8   0.1   1   1   1.3e-13   2.6e-10   40.4   0.1     1    43    29    71    29    72 0.97 Sigma-54 interaction domain
Sigma54_activ_2      PF14532.10   138 >LH00406:11:22GHGVLT3:1:1102:11846:8162 -             72   1.8e-07   31.7   0.0   1   1   1.2e-10   2.6e-07   31.2   0.0     1    42    30    71    30    72 0.97 Sigma-54 interaction domain
AAA_29               PF13555.10    61 >LH00406:11:22GHGVLT3:1:1102:11846:8162 -             72     0.018   15.0   0.2   1   2       2.5   5.2e+03   -2.5   0.1    52    60     8    16     5    17 0.72 P-loop containing region of AAA domain
AAA_29               PF13555.10    61 >LH00406:11:22GHGVLT3:1:1102:11846:8162 -             72     0.018   15.0   0.2   2   2   1.5e-05     0.031   14.2   0.0    15    35    42    63    37    71 0.82 P-loop containing region of AAA domain
MurB_C               PF02873.20    99 >LH00406:11:22GHGVLT3:1:1102:11846:8162 -             72     0.027   14.9   0.1   1   1   1.4e-05     0.029   14.7   0.1    35    75    26    67     3    71 0.84 UDP-N-acetylenolpyruvoylglucosamine reductase, C-terminal domain
AAA_7                PF12775.11   181 >LH00406:11:22GHGVLT3:1:1102:11846:8162 -             72     0.039   13.7   0.2   1   2         1   2.1e+03   -1.7   0.0    62    76     5    17     1    29 0.52 P-loop containing dynein motor region
AAA_7                PF12775.11   181 >LH00406:11:22GHGVLT3:1:1102:11846:8162 -             72     0.039   13.7   0.2   2   2   2.4e-05      0.05   13.3   0.0    22    52    39    69    18    72 0.81 P-loop containing dynein motor region
nSTAND3              PF20720.1    155 >LH00406:11:22GHGVLT3:1:1102:11846:8162 -             72     0.048   13.5   0.1   1   1   3.5e-05     0.073   13.0   0.1    10    37    43    70    35    72 0.86 Novel STAND NTPase 3
Mg_chelatase         PF01078.25   207 >LH00406:11:22GHGVLT3:1:1102:11846:8162 -             72     0.063   12.9   0.1   1   1   3.6e-05     0.075   12.6   0.1    14    43    43    71    25    72 0.77 Magnesium chelatase, subunit ChlI
Myosin_head          PF00063.25   679 >LH00406:11:22GHGVLT3:1:1102:11846:8162 -             72      0.12   10.8   0.1   1   1     6e-05      0.12   10.7   0.1    70   102    35    67     2    70 0.75 Myosin head (motor domain)
SLFN-g3_helicase     PF09848.13   355 >LH00406:11:22GHGVLT3:1:1102:11846:8162 -             72      0.14   11.6   0.3   1   2     0.066   1.4e+02    1.8   0.0   125   166     5    50     3    53 0.66 Schlafen group 3, DNA/RNA helicase domain
SLFN-g3_helicase     PF09848.13   355 >LH00406:11:22GHGVLT3:1:1102:11846:8162 -             72      0.14   11.6   0.3   2   2   0.00039      0.81    9.1   0.1     3    21    52    70    50    72 0.87 Schlafen group 3, DNA/RNA helicase domain
AAA_16               PF13191.10   167 >LH00406:11:22GHGVLT3:1:1102:11846:8162 -             72      0.19   12.4   0.0   1   1   0.00011      0.23   12.2   0.0    15    44    42    70    34    72 0.75 AAA ATPase domain
TGF_beta_GS          PF08515.16    28 >LH00406:11:22GHGVLT3:1:1102:15646:8178 -             76      0.13   12.0   0.1   1   1   9.2e-06      0.19   11.5   0.1    10    20    65    75    61    75 0.87 Transforming growth factor beta type I GS-motif
Phage_FRD3           PF05798.15    75 >LH00406:11:22GHGVLT3:1:1102:28073:8178 -             63      0.17   12.4   0.0   1   1     1e-05      0.21   12.1   0.0    27    55    11    39     3    44 0.86 Bacteriophage FRD3 protein
FtsX                 PF02687.25   120 >LH00406:11:22GHGVLT3:1:1102:34055:8194 -             41     0.004   17.3   0.4   1   1     4e-07    0.0041   17.3   0.4    31    65     1    35     1    40 0.94 FtsX-like permease family
DUF4407              PF14362.10   297 >LH00406:11:22GHGVLT3:1:1102:34055:8194 -             41      0.18   11.3   0.7   1   1   1.9e-05      0.19   11.2   0.7    76   102    11    37     5    40 0.86 Domain of unknown function (DUF4407)
Mfa_like_1           PF13149.10   247 >LH00406:11:22GHGVLT3:1:1102:26704:8210 -             49   6.6e-10   39.6   2.8   1   1   3.3e-14   6.8e-10   39.6   2.8    37    88     2    49     1    49 0.94 Fimbrillin-like
DGF-1_C              PF11040.12    87 >LH00406:11:22GHGVLT3:1:1102:1786:8226 -             68      0.21   11.9   0.8   1   1   1.2e-05      0.25   11.6   0.8    40    76     2    37     1    46 0.76 Dispersed gene family protein 1 of Trypanosoma cruzi C-terminus
ACR_tran             PF00873.23  1021 >LH00406:11:22GHGVLT3:1:1102:27860:8226 -             81   1.7e-27   95.8   5.1   1   1   3.6e-31   1.8e-27   95.7   5.1   398   478     1    81     1    81 0.99 AcrB/AcrD/AcrF family
SecD_SecF            PF02355.20   189 >LH00406:11:22GHGVLT3:1:1102:27860:8226 -             81   2.6e-05   23.9   0.7   1   1   5.8e-09     3e-05   23.7   0.7    98   170     2    76     1    80 0.90 Protein export membrane protein
TrbC                 PF04956.17    98 >LH00406:11:22GHGVLT3:1:1102:27860:8226 -             81   8.9e-05   22.8   1.3   1   1   2.1e-08   0.00011   22.6   1.3    28    91    15    78     5    79 0.82 TrbC/VIRB2 pilin
CorA                 PF01544.22   292 >LH00406:11:22GHGVLT3:1:1102:27860:8226 -             81     0.017   14.7   0.1   1   1   3.3e-06     0.017   14.7   0.1   219   256    24    61     6    80 0.93 CorA-like Mg2+ transporter protein
DUF3108              PF11306.12   230 >LH00406:11:22GHGVLT3:1:1102:7195:8242 -             77   1.8e-14   54.3   0.0   1   1   9.6e-19     2e-14   54.2   0.0   133   207     1    77     1    77 0.95 Protein of unknown function (DUF3108)
GalKase_gal_bdg      PF10509.13    49 >LH00406:11:22GHGVLT3:1:1102:11605:8258 -             60   1.3e-21   76.1   0.2   1   1   7.7e-26   1.6e-21   75.8   0.2    13    49     2    38     1    38 0.97 Galactokinase galactose-binding signature
Phage_min_cap2       PF06152.15   360 >LH00406:11:22GHGVLT3:1:1102:15119:8258 -             73      0.19   10.7   0.0   1   1   9.3e-06      0.19   10.7   0.0     6    42     2    38     1    65 0.76 Phage minor capsid protein 2
nSTAND3              PF20720.1    155 >LH00406:11:22GHGVLT3:1:1102:31374:8322 -             61    0.0022   17.9   0.1   1   1   2.8e-06    0.0026   17.6   0.1    16    41    24    49    21    56 0.89 Novel STAND NTPase 3
T2SSE                PF00437.24   269 >LH00406:11:22GHGVLT3:1:1102:31374:8322 -             61    0.0088   15.4   0.1   1   1     1e-05    0.0096   15.3   0.1   129   156    24    51    13    55 0.83 Type II/IV secretion system protein
Cytidylate_kin       PF02224.22   211 >LH00406:11:22GHGVLT3:1:1102:31374:8322 -             61    0.0099   15.8   0.5   1   1   1.2e-05     0.011   15.7   0.5     1    23    28    50    28    56 0.92 Cytidylate kinase
AAA_18               PF13238.10   128 >LH00406:11:22GHGVLT3:1:1102:31374:8322 -             61     0.013   16.2   0.1   1   1   1.6e-05     0.015   16.0   0.1     1    23    28    50    28    60 0.84 AAA domain
DO-GTPase2           PF19993.3    227 >LH00406:11:22GHGVLT3:1:1102:31374:8322 -             61     0.027   14.3   0.1   1   1   3.1e-05     0.029   14.2   0.1     2    25    27    50    26    59 0.84 Double-GTPase 2
AAA_16               PF13191.10   167 >LH00406:11:22GHGVLT3:1:1102:31374:8322 -             61     0.031   15.0   0.0   1   1   3.7e-05     0.035   14.8   0.0    25    49    26    50    19    58 0.86 AAA ATPase domain
AAA_28               PF13521.10   164 >LH00406:11:22GHGVLT3:1:1102:31374:8322 -             61     0.034   14.6   0.1   1   1   4.2e-05      0.04   14.4   0.1     2    22    28    48    27    56 0.89 AAA domain
PhoH                 PF02562.20   205 >LH00406:11:22GHGVLT3:1:1102:31374:8322 -             61      0.04   13.6   0.1   1   1   4.7e-05     0.044   13.5   0.1    18    42    24    48    15    55 0.85 PhoH-like protein
SRPRB                PF09439.14   178 >LH00406:11:22GHGVLT3:1:1102:31374:8322 -             61     0.061   12.9   0.0   1   1   7.2e-05     0.068   12.7   0.0     2    28    24    50    23    59 0.83 Signal recognition particle receptor beta subunit
AAA_22               PF13401.10   130 >LH00406:11:22GHGVLT3:1:1102:31374:8322 -             61     0.076   13.5   0.0   1   1   9.6e-05     0.091   13.3   0.0     4    29    24    49    21    55 0.89 AAA domain
AAA_23               PF13476.10   201 >LH00406:11:22GHGVLT3:1:1102:31374:8322 -             61     0.079   13.8   0.1   1   1   9.2e-05     0.087   13.6   0.1    21    39    27    45    13    47 0.88 AAA domain
IstB_IS21            PF01695.21   238 >LH00406:11:22GHGVLT3:1:1102:31374:8322 -             61     0.081   12.6   0.1   1   1   9.9e-05     0.093   12.4   0.1    94   114    27    47    19    52 0.87 IstB-like ATP binding protein
AAA_7                PF12775.11   181 >LH00406:11:22GHGVLT3:1:1102:31374:8322 -             61     0.087   12.6   0.0   1   1   0.00011       0.1   12.3   0.0    22    59    14    51    11    57 0.88 P-loop containing dynein motor region
AAA                  PF00004.33   131 >LH00406:11:22GHGVLT3:1:1102:31374:8322 -             61      0.09   13.4   0.1   1   1   0.00011       0.1   13.2   0.1     3    23    30    50    28    58 0.87 ATPase family associated with various cellular activities (AAA)
IPT                  PF01745.20   233 >LH00406:11:22GHGVLT3:1:1102:31374:8322 -             61      0.13   11.9   0.1   1   1   0.00016      0.15   11.6   0.1     4    24    28    48    25    53 0.87 Isopentenyl transferase
AAA_PrkA             PF08298.15   358 >LH00406:11:22GHGVLT3:1:1102:31374:8322 -             61      0.16   11.2   0.0   1   1   0.00017      0.16   11.2   0.0    83   110    23    50     9    56 0.77 PrkA AAA domain
AAA_24               PF13479.10   195 >LH00406:11:22GHGVLT3:1:1102:31374:8322 -             61      0.17   11.9   0.1   1   1    0.0002      0.19   11.7   0.1     2    23    25    47    24    55 0.83 AAA domain
Parvo_NS1            PF01057.21   271 >LH00406:11:22GHGVLT3:1:1102:31374:8322 -             61      0.17   11.0   0.1   1   1   0.00018      0.17   11.0   0.1   111   139    23    51    11    58 0.84 Parvovirus non-structural protein NS1
AAA_33               PF13671.10   143 >LH00406:11:22GHGVLT3:1:1102:31374:8322 -             61      0.17   12.3   0.0   1   1   0.00022      0.21   12.1   0.0     1    22    27    48    27    54 0.87 AAA domain
ABC_ATPase           PF09818.13   283 >LH00406:11:22GHGVLT3:1:1102:31374:8322 -             61       0.2   10.8   0.0   1   1   0.00025      0.23   10.6   0.0    76   102    22    48    17    53 0.89 P-loop domain
ATPase_2             PF01637.22   225 >LH00406:11:22GHGVLT3:1:1102:31374:8322 -             61      0.21   11.6   0.0   1   1   0.00025      0.23   11.4   0.0    19    47    24    52    14    56 0.79 ATPase domain predominantly from Archaea
MMR_HSR1             PF01926.27   113 >LH00406:11:22GHGVLT3:1:1102:31374:8322 -             61      0.23   11.8   0.2   1   1   0.00027      0.26   11.6   0.2     2    33    28    61    27    61 0.86 50S ribosome-binding GTPase
Phage_holin_5_2      PF16079.9     66 >LH00406:11:22GHGVLT3:1:1102:43255:8338 -             67       2.5    8.4   4.9   1   2      0.15   1.5e+03   -0.5   0.3     4     9     3     8     2     8 0.87 Phage holin family Hol44, in holin superfamily V
Phage_holin_5_2      PF16079.9     66 >LH00406:11:22GHGVLT3:1:1102:43255:8338 -             67       2.5    8.4   4.9   2   2   6.2e-05      0.64   10.3   0.5     4    31    26    54    25    54 0.80 Phage holin family Hol44, in holin superfamily V
Lamp2_2nd            PF21222.1     32 >LH00406:11:22GHGVLT3:1:1102:43255:8338 -             67       6.5    6.8   6.6   1   3     0.015   1.5e+02    2.5   0.4    17    23     2     8     2     8 0.94 Lysosome-associated membrane glycoprotein 2, transmembrane segment
Lamp2_2nd            PF21222.1     32 >LH00406:11:22GHGVLT3:1:1102:43255:8338 -             67       6.5    6.8   6.6   2   3    0.0072        75    3.4   0.0    17    23    25    31    24    32 0.92 Lysosome-associated membrane glycoprotein 2, transmembrane segment
Lamp2_2nd            PF21222.1     32 >LH00406:11:22GHGVLT3:1:1102:43255:8338 -             67       6.5    6.8   6.6   3   3     0.012   1.2e+02    2.8   0.2    17    23    48    54    47    54 0.94 Lysosome-associated membrane glycoprotein 2, transmembrane segment
CBS                  PF00571.32    57 >LH00406:11:22GHGVLT3:1:1102:33861:8370 -             82   1.3e-07   32.0   0.0   1   2      0.39   8.1e+03   -2.5   0.0    42    52     1    11     1    13 0.75 CBS domain
CBS                  PF00571.32    57 >LH00406:11:22GHGVLT3:1:1102:33861:8370 -             82   1.3e-07   32.0   0.0   2   2   1.2e-11   2.5e-07   31.1   0.0     7    56    22    71    20    72 0.87 CBS domain
Lum_binding          PF00677.21    86 >LH00406:11:22GHGVLT3:1:1102:34665:8386 -             69   1.5e-13   50.7   1.2   1   1   8.5e-18   1.8e-13   50.5   1.2    42    86     1    45     1    45 0.97 Lumazine binding domain
Peptidase_M23        PF01551.26    96 >LH00406:11:22GHGVLT3:1:1102:42339:8386 -             53    0.0022   18.3   0.1   1   1   1.1e-07    0.0023   18.3   0.1    21    60     7    52     1    53 0.68 Peptidase family M23
NB-ARC               PF00931.26   248 >LH00406:11:22GHGVLT3:1:1102:42598:8386 -             79      0.18   11.3   0.0   1   1     9e-06      0.19   11.2   0.0   126   186    16    76     3    78 0.73 NB-ARC domain
GHMP_kinases_C       PF08544.17    85 >LH00406:11:22GHGVLT3:1:1102:40278:8402 -             87     0.014   16.0   0.0   1   1   3.3e-06     0.017   15.7   0.0    17    64    35    83    13    86 0.79 GHMP kinases C terminal
Baculo_PEP_C         PF04513.16   140 >LH00406:11:22GHGVLT3:1:1102:40278:8402 -             87     0.037   14.3   2.2   1   1   8.7e-06     0.045   14.0   2.2    64   109     2    47     1    82 0.86 Baculovirus polyhedron envelope protein, PEP, C terminus
U6-snRNA_bdg         PF10596.13   159 >LH00406:11:22GHGVLT3:1:1102:40278:8402 -             87     0.039   14.1   0.0   1   1   8.4e-06     0.043   13.9   0.0    14    61    16    64     6    78 0.85 U6-snRNA interacting domain of PrP8
BORCS8               PF10167.13   112 >LH00406:11:22GHGVLT3:1:1102:40278:8402 -             87      0.19   11.9   0.0   1   1   4.1e-05      0.21   11.7   0.0    49   102     5    59     2    67 0.88 BLOC-1-related complex sub-unit 8
DUF1846              PF08903.15   333 >LH00406:11:22GHGVLT3:1:1102:51983:8402 -             50   9.5e-17   61.0   0.0   1   1   4.8e-21     1e-16   60.9   0.0    68   117     1    50     1    50 0.98 Domain of unknown function DUF1846, N-terminal
DUF6576              PF20216.2     47 >LH00406:11:22GHGVLT3:1:1102:33593:8450 -             62   6.7e-14   51.9   3.0   1   1   7.7e-18     8e-14   51.7   3.0     8    46    15    53    11    54 0.91 Family of unknown function (DUF6576)
NETI                 PF14044.10    56 >LH00406:11:22GHGVLT3:1:1102:33593:8450 -             62       0.1   12.5   0.0   1   1   1.2e-05      0.12   12.3   0.0     7    30    22    45    16    54 0.87 NETI protein
LMWPc                PF01451.25   142 >LH00406:11:22GHGVLT3:1:1102:30273:8466 -             61   7.6e-06   26.6   0.0   1   1   3.9e-10   8.2e-06   26.4   0.0   101   142     2    47     1    47 0.91 Low molecular weight phosphotyrosine protein phosphatase
XG_FTase             PF03254.17   475 >LH00406:11:22GHGVLT3:1:1102:2868:8530 -             42      0.11   11.2   0.2   1   1   5.9e-06      0.12   11.1   0.2    35    61    13    38     6    39 0.86 Xyloglucan fucosyltransferase
FeS                  PF04060.17    33 >LH00406:11:22GHGVLT3:1:1102:12493:8643 -             72   5.1e-06   26.3   7.9   1   2     0.063   1.3e+03   -0.6   0.2    17    24    16    23    16    25 0.84 Putative Fe-S cluster
FeS                  PF04060.17    33 >LH00406:11:22GHGVLT3:1:1102:12493:8643 -             72   5.1e-06   26.3   7.9   2   2   2.4e-10   5.1e-06   26.3   7.9     1    19    54    72    54    72 0.96 Putative Fe-S cluster
Glycos_transf_2      PF00535.30   168 >LH00406:11:22GHGVLT3:1:1102:32317:8643 -             73      0.14   12.3   0.0   1   1     7e-06      0.14   12.2   0.0    71   112     4    45     2    66 0.82 Glycosyl transferase family 2
DUF5110              PF17137.8     71 >LH00406:11:22GHGVLT3:1:1102:45122:8659 -             79   2.7e-05   24.3   2.3   1   1   4.2e-09   4.3e-05   23.7   2.3     2    24    56    79    55    79 0.95 Domain of unknown function (DUF5110)
Glyco_hydro_31_3rd   PF21365.1     87 >LH00406:11:22GHGVLT3:1:1102:45122:8659 -             79   0.00013   22.5   0.1   1   1   2.2e-08   0.00023   21.8   0.1    51    87     3    38     2    38 0.79 Glycosyl hydrolase family 31 C-terminal domain
UCR_Fe-S_N           PF10399.13    41 >LH00406:11:22GHGVLT3:1:1102:27675:8675 -             86     0.012   15.2   0.2   1   1     1e-06     0.022   14.4   0.2    12    31    32    51    32    52 0.96 Ubiquitinol-cytochrome C reductase Fe-S subunit TAT signal
Bac_rhamnosid6H      PF17389.6    340 >LH00406:11:22GHGVLT3:1:1102:10708:8691 -             63    0.0012   18.4   0.0   1   1   5.8e-08    0.0012   18.4   0.0   257   287    33    63     3    63 0.82 Bacterial alpha-L-rhamnosidase 6 hairpin glycosidase domain
SYCP2_ARLD           PF18581.5    175 >LH00406:11:22GHGVLT3:1:1102:20361:8691 -             87     0.024   14.7   0.3   1   1   1.2e-06     0.025   14.7   0.3    87   130    26    69    10    86 0.77 Synaptonemal complex 2 armadillo-repeat-like domain
CAP160               PF07918.15    27 >LH00406:11:22GHGVLT3:1:1102:43477:8691 -             56      0.19   11.7   0.8   1   2   1.5e-05      0.32   11.0   0.1    10    19     7    16     5    17 0.93 CAP160 repeat
CAP160               PF07918.15    27 >LH00406:11:22GHGVLT3:1:1102:43477:8691 -             56      0.19   11.7   0.8   2   2      0.19   3.9e+03   -2.1   0.1    16    20    28    32    28    34 0.77 CAP160 repeat
Acetyltransf_3       PF13302.11   138 >LH00406:11:22GHGVLT3:1:1102:28877:8707 -             89   2.4e-13   51.2   0.0   1   1     9e-17   2.7e-13   51.0   0.0    66   138     2    74     1    74 0.98 Acetyltransferase (GNAT) domain
Acetyltransf_4       PF13420.11   155 >LH00406:11:22GHGVLT3:1:1102:28877:8707 -             89     2e-09   37.9   0.0   1   1   6.9e-13     2e-09   37.8   0.0    61   145     2    84     1    89 0.93 Acetyltransferase (GNAT) domain
Acetyltransf_1       PF00583.29   116 >LH00406:11:22GHGVLT3:1:1102:28877:8707 -             89   4.8e-09   36.7   0.1   1   1   1.8e-12   5.3e-09   36.6   0.1    45   116     2    73     1    73 0.89 Acetyltransferase (GNAT) family
FR47                 PF08445.14    86 >LH00406:11:22GHGVLT3:1:1102:28877:8707 -             89   3.4e-05   24.0   0.2   1   2     0.054   1.6e+02    2.5   0.0    21    42     2    23     1    26 0.87 FR47-like protein
FR47                 PF08445.14    86 >LH00406:11:22GHGVLT3:1:1102:28877:8707 -             89   3.4e-05   24.0   0.2   2   2   3.5e-08    0.0001   22.4   0.2    23    79    18    75    12    82 0.83 FR47-like protein
Acetyltransf_10      PF13673.11   128 >LH00406:11:22GHGVLT3:1:1102:28877:8707 -             89   0.00052   20.2   0.1   1   1   2.1e-07   0.00062   19.9   0.1    57   108    21    74     2    79 0.78 Acetyltransferase (GNAT) domain
Acetyltransf_7       PF13508.11    84 >LH00406:11:22GHGVLT3:1:1102:28877:8707 -             89    0.0027   18.3   0.1   1   1   1.2e-06    0.0035   17.9   0.1    15    83     2    74     1    75 0.66 Acetyltransferase (GNAT) domain
ODC_AZ               PF02100.21   114 >LH00406:11:22GHGVLT3:1:1102:2887